iso_week,week_start_2025,cost_2025,clicks_2025,bookings_2025,week_start_2026,cost_2026,clicks_2026,bookings_2026
22,2025-06-01,10.49,91,0.0,,0,0,0
23,2025-06-02,44.21,585,1.12,2026-06-01,1594.99,2626,26.0
24,2025-06-09,32.95,443,0.0,2026-06-08,2202.91,2915,14.33
25,2025-06-16,141.72,1129,11.0,2026-06-15,2257.17,3417,41.11
26,2025-06-23,225.14,2370,4.13,2026-06-22,4054.47,3378,45.03
27,2025-06-30,317.49,2550,10.5,2026-06-29,4942.35,5095,39.11
28,2025-07-07,297.31,2204,8.78,2026-07-06,3532.67,3626,26.02
29,2025-07-14,360.8,3315,9.66,2026-07-13,3169.38,1820,24.5
30,2025-07-21,418.52,3242,14.94,2026-07-20,2610.73,2014,18.58
31,2025-07-28,451.52,2457,7.58,2026-07-27,4190.99,2934,17.0
32,2025-08-04,465.05,2206,7.54,2026-08-03,2478.34,2605,44.06
33,2025-08-11,583.85,2617,11.17,2026-08-10,3560.77,2826,21.38
34,2025-08-18,602.63,2454,7.75,2026-08-17,1094.23,1863,12.33
35,2025-08-25,690.83,2814,3.0,2026-08-24,1058.01,2079,26.8
36,2025-09-01,372.94,1950,8.6,2026-08-31,793.51,821,5.0
37,2025-09-08,353.87,2060,5.0,2026-09-07,430.7,130,0.91
38,2025-09-15,316.09,1992,10.0,2026-09-14,376.52,226,0.0
39,2025-09-22,241.78,1431,13.67,2026-09-21,326.48,543,1.0
40,2025-09-29,309.23,1816,8.0,2026-09-28,430.46,1284,1.33
41,2025-10-06,374.25,1819,14.0,2026-10-05,77.36,212,0.67
42,2025-10-13,433.08,2427,11.0,,0,0,0
43,2025-10-20,509.78,2451,6.0,,0,0,0
44,2025-10-27,404.39,1975,5.87,,0,0,0
