year,week,dest_group,cost,clicks,impressions,cpc,qr_booking,qr_booking_value,qr_booking_xdev,qr_booking_xdev_pct,qr_booking_per_1k_clicks,booking_webpage,booking_webpage_value,booking_webpage_per_1k_clicks,flight_search,flight_search_per_click,qr_flightsearch,vbb_n,vbb_value,vbb_ml_n,vbb_ml_value,impr_share,impr_share_clamped_pct,top_share,top_share_clamped_pct,budget_lost,budget_lost_clamped_pct,rank_lost,rank_lost_clamped_pct
2025,2025-07-14,Africa,832.24,20328,123236,0.0409,45.0,74684.22,44.0,97.78,2.214,0.69,295.49,0.034,511.45,0.0252,1432.0,0,0,0,0,33.74,0.0,26.01,0.0,22.56,0.06,43.71,0.0
2025,2025-07-14,Europe excl UK+IE,4212.94,83957,559597,0.0502,130.0,296536.35,126.0,96.92,1.548,7.0,4607.77,0.083,4019.31,0.0479,7799.0,0,0,0,0,37.33,0.0,30.16,0.02,19.24,0.04,43.47,0.0
2025,2025-07-14,GCC and Middle East,2004.78,35249,241974,0.0569,50.0,94956.43,50.0,100.0,1.418,6.0,1591.46,0.17,2418.46,0.0686,4112.0,0,0,0,0,18.67,0.0,13.52,0.03,23.59,0.0,58.3,0.0
2025,2025-07-14,North America,4004.96,88900,686821,0.0451,159.0,250761.08,157.0,98.74,1.789,6.11,4737.08,0.069,3472.35,0.0391,7980.0,0,0,0,0,30.08,0.01,23.65,0.0,22.11,0.24,47.93,0.02
2025,2025-07-14,Oceania,119.14,801,7486,0.1487,0,0,0,,0.0,0,0,0.0,208.34,0.2601,289.0,0,0,0,0,42.51,0.0,33.07,0.0,17.52,0.0,39.97,0.0
2025,2025-07-14,UK+IE,1122.51,17041,129681,0.0659,35.0,44866.44,33.0,94.29,2.054,2.85,2099.0,0.167,1536.39,0.0902,2506.0,0,0,0,0,37.21,0.03,29.27,0.01,19.13,0.04,43.66,0.06
2025,2025-07-14,other,53.44,362,2555,0.1476,0,0,0,,0.0,0,0,0.0,109.83,0.3034,130.0,0,0,0,0,48.39,0.0,42.62,0.0,14.84,0.0,36.77,0.0
2025,2025-07-21,Africa,151.85,3905,31727,0.0389,4.0,17909.82,4.0,100.0,1.024,0.4,160.62,0.102,248.53,0.0636,458.0,0,0,0,0,20.56,0.03,15.27,1.2,65.09,0.03,14.37,0.06
2025,2025-07-21,Europe excl UK+IE,1147.11,22921,183443,0.05,43.0,76395.82,41.0,95.35,1.876,6.63,9612.67,0.289,2148.43,0.0937,3480.0,0,0,0,0,26.17,0.01,19.34,0.05,57.61,0.02,16.3,0.06
2025,2025-07-21,GCC and Middle East,706.87,16710,127568,0.0423,20.0,27018.36,17.0,85.0,1.197,4.0,2184.39,0.239,1138.4,0.0681,1986.0,0,0,0,0,12.3,0.06,11.08,0.0,44.01,0.07,45.65,0.0
2025,2025-07-21,North America,1077.99,23980,196950,0.045,23.0,27363.43,22.0,95.65,0.959,2.7,3540.94,0.113,1752.53,0.0731,3120.0,0,0,0,0,28.41,0.31,19.54,0.13,57.57,0.21,14.17,0.05
2025,2025-07-21,Oceania,19.6,242,4028,0.081,0,0,0,,0.0,0,0,0.0,57.0,0.2355,87.0,0,0,0,0,23.58,0.0,13.64,0.62,33.41,0.0,43.04,0.0
2025,2025-07-21,UK+IE,355.48,6514,58910,0.0546,4.0,3205.82,2.0,50.0,0.614,5.0,5087.11,0.768,887.83,0.1363,1277.0,0,0,0,0,27.19,0.01,18.31,0.47,46.63,0.01,26.19,0.03
2025,2025-07-21,other,9.65,98,1046,0.0985,0,0,0,,0.0,0,0,0.0,31.99,0.3265,45.0,0,0,0,0,29.27,0.0,23.87,0.0,58.63,0.0,12.1,0.0
2025,2025-07-28,Africa,130.78,2138,17625,0.0612,0,0,0,,0.0,0,0,0.0,246.91,0.1155,309.0,0,0,0,0,32.11,0.11,23.1,0.03,38.67,2.17,29.23,0.11
2025,2025-07-28,Europe excl UK+IE,1534.62,34208,246085,0.0449,26.0,51193.58,22.0,84.62,0.76,4.92,3253.13,0.144,2835.67,0.0829,4407.0,0,0,0,0,32.64,0.01,23.28,0.02,30.44,0.04,36.92,0.01
2025,2025-07-28,GCC and Middle East,307.58,4661,46839,0.066,11.0,14349.7,9.0,81.82,2.36,1.0,153.03,0.215,730.52,0.1567,964.0,0,0,0,0,13.47,0.01,11.56,0.01,60.56,0.01,27.46,0.01
2025,2025-07-28,North America,1154.41,22548,187166,0.0512,33.0,39893.42,28.0,84.85,1.464,11.13,10357.16,0.494,2096.88,0.093,3274.0,0,0,0,0,30.78,0.0,20.8,0.38,32.72,0.06,36.66,0.06
2025,2025-07-28,Oceania,17.81,237,2542,0.0751,0,0,0,,0.0,0,0,0.0,32.5,0.1371,36.0,0,0,0,0,21.2,0.0,12.27,0.0,71.02,0.0,7.78,0.0
2025,2025-07-28,UK+IE,289.81,3624,34703,0.08,3.0,4669.77,2.0,66.67,0.828,2.67,910.01,0.738,761.21,0.21,967.0,0,0,0,0,36.61,0.08,24.82,0.7,39.39,0.06,24.04,0.08
2025,2025-07-28,other,40.57,340,2689,0.1193,0,0,0,,0.0,0,0,0.0,99.67,0.2931,110.0,0,0,0,0,45.62,0.0,39.42,0.0,21.26,0.0,33.12,0.0
2025,2025-08-04,Africa,132.97,2285,19987,0.0582,8.0,3850.48,8.0,100.0,3.501,0,0,0.0,273.2,0.1196,426.0,0,0,0,0,32.87,0.02,21.8,0.13,17.71,0.06,49.42,0.0
2025,2025-08-04,Europe excl UK+IE,1163.56,23683,190955,0.0491,51.0,63209.13,45.0,88.24,2.153,9.13,5827.53,0.385,2452.5,0.1036,3969.0,0,0,0,0,32.88,0.01,22.17,0.1,20.94,0.0,46.19,0.04
2025,2025-08-04,GCC and Middle East,246.37,3228,48009,0.0763,6.0,6473.86,4.0,66.67,1.859,4.13,4426.81,1.281,756.82,0.2345,1042.0,0,0,0,0,13.8,0.02,11.9,0.0,34.95,0.0,52.48,0.0
2025,2025-08-04,North America,1400.55,25148,212348,0.0557,38.0,45676.52,33.0,86.84,1.511,13.46,12502.42,0.535,2425.15,0.0964,4078.0,0,0,0,0,31.04,0.05,20.65,0.12,25.26,0.07,43.78,0.12
2025,2025-08-04,Oceania,16.13,180,3472,0.0896,0,0,0,,0.0,0,0,0.0,52.0,0.2889,83.0,0,0,0,0,24.22,0.0,13.37,0.0,27.12,0.0,48.66,0.0
2025,2025-08-04,UK+IE,203.53,2398,34144,0.0849,7.0,28125.66,6.0,85.71,2.919,7.0,8942.74,2.919,652.81,0.2722,870.0,0,0,0,0,36.78,0.04,21.46,0.0,20.83,0.12,42.39,0.26
2025,2025-08-04,other,27.65,249,2710,0.111,0,0,0,,0.0,1.0,1797.1,4.016,73.17,0.2939,86.0,0,0,0,0,43.92,0.0,35.86,0.0,18.45,0.0,37.62,0.0
2025,2025-08-11,Africa,129.85,2198,18820,0.0591,2.0,1141.39,2.0,100.0,0.91,0,0,0.0,259.33,0.118,385.0,0,0,0,0,30.1,0.0,20.42,0.03,29.2,0.07,40.73,0.0
2025,2025-08-11,Europe excl UK+IE,1442.72,35019,209902,0.0412,53.0,119515.36,49.0,92.45,1.513,4.67,8260.67,0.133,2477.19,0.0707,4693.0,0,0,0,0,32.75,0.01,23.09,0.02,29.81,0.05,37.44,0.02
2025,2025-08-11,GCC and Middle East,297.06,6281,60208,0.0473,19.0,22549.03,19.0,100.0,3.025,0,0,0.0,806.8,0.1285,1303.0,0,0,0,0,13.29,0.0,11.27,0.11,30.4,0.02,57.59,0.0
2025,2025-08-11,North America,1792.0,46627,262584,0.0384,87.0,177436.26,79.0,90.8,1.866,20.6,22912.58,0.442,2631.84,0.0564,5344.0,0,0,0,0,29.18,0.14,19.1,0.1,32.33,1.26,38.55,0.14
2025,2025-08-11,Oceania,12.96,141,3200,0.0919,0,0,0,,0.0,0,0,0.0,50.33,0.3569,79.0,0,0,0,0,21.17,0.09,12.06,0.0,27.79,0.0,51.03,0.09
2025,2025-08-11,UK+IE,206.69,2144,32822,0.0964,5.0,3767.4,4.0,80.0,2.332,2.0,601.13,0.933,656.13,0.306,1027.0,0,0,0,0,36.77,0.0,22.91,0.17,17.41,0.2,45.87,0.14
2025,2025-08-11,other,33.27,270,2396,0.1232,0,0,0,,0.0,0,0,0.0,74.33,0.2753,100.0,0,0,0,0,41.72,0.0,34.97,0.0,25.16,0.0,33.13,0.0
2025,2025-08-18,Africa,261.93,4121,20897,0.0636,5.0,8836.21,5.0,100.0,1.213,0,0,0.0,248.82,0.0604,420.0,0,0,0,0,24.77,0.0,16.65,0.05,71.78,0.01,3.5,0.04
2025,2025-08-18,Europe excl UK+IE,1753.73,38089,186119,0.046,44.0,65918.77,39.0,88.64,1.155,4.95,3487.08,0.13,1844.32,0.0484,4046.0,0,0,0,0,24.54,0.15,16.1,0.14,64.88,0.02,10.6,0.01
2025,2025-08-18,GCC and Middle East,503.09,12135,71842,0.0415,10.0,15097.33,10.0,100.0,0.824,1.13,744.13,0.093,829.26,0.0683,1509.0,0,0,0,0,11.76,0.02,10.55,0.01,47.84,0.02,41.9,0.0
2025,2025-08-18,North America,2403.7,44083,234188,0.0545,82.0,94114.95,77.0,93.9,1.86,14.0,21997.14,0.318,2174.63,0.0493,4927.0,0,0,0,0,22.05,0.03,14.23,0.07,77.54,0.03,0.43,0.0
2025,2025-08-18,Oceania,23.12,207,2934,0.1117,0,0,0,,0.0,0,0,0.0,57.82,0.2793,72.0,0,0,0,0,20.42,0.0,11.6,0.44,44.24,0.0,35.34,0.0
2025,2025-08-18,UK+IE,329.04,5116,35831,0.0643,3.0,1876.53,3.0,100.0,0.586,3.0,1490.49,0.586,588.46,0.115,992.0,0,0,0,0,33.36,0.0,19.82,0.02,47.38,0.02,19.28,0.0
2025,2025-08-18,other,43.57,218,1634,0.1999,0,0,0,,0.0,0,0,0.0,70.0,0.3211,85.0,0,0,0,0,35.21,0.0,29.56,0.0,64.53,0.0,0.4,0.0
2025,2025-08-25,Africa,139.88,2855,19340,0.049,5.0,5184.17,4.0,80.0,1.751,1.5,535.97,0.525,242.52,0.0849,420.0,0,0,0,0,28.77,0.0,19.26,0.07,46.02,0.04,25.46,0.0
2025,2025-08-25,Europe excl UK+IE,1467.59,45597,282998,0.0322,108.0,146108.59,106.0,98.15,2.369,9.85,6859.21,0.216,2034.94,0.0446,4823.0,0,0,0,0,29.23,0.02,19.07,0.31,36.8,0.02,34.11,0.04
2025,2025-08-25,GCC and Middle East,375.54,9757,83024,0.0385,24.0,40126.23,22.0,91.67,2.46,3.96,3943.44,0.406,856.0,0.0877,1552.0,0,0,0,0,11.95,0.0,10.8,0.08,14.44,0.03,75.57,0.0
2025,2025-08-25,North America,1974.11,55597,341150,0.0355,84.0,100132.56,78.0,92.86,1.511,7.0,10088.63,0.126,2464.17,0.0443,5857.0,0,0,0,0,27.6,0.06,17.5,0.02,46.07,0.58,26.37,0.56
2025,2025-08-25,Oceania,15.7,199,4199,0.0789,0,0,0,,0.0,1.0,200.08,5.025,49.99,0.2512,66.0,0,0,0,0,22.68,0.0,11.77,0.0,21.06,0.0,56.27,0.0
2025,2025-08-25,UK+IE,350.84,6792,59299,0.0517,7.0,7711.55,6.0,85.71,1.031,3.0,667.51,0.442,802.09,0.1181,1398.0,0,0,0,0,34.73,0.02,21.39,0.01,17.87,0.07,47.66,0.12
2025,2025-08-25,other,22.75,208,1741,0.1094,0,0,0,,0.0,0,0,0.0,68.0,0.3269,88.0,0,0,0,0,39.15,0.0,32.41,0.0,43.94,0.0,16.92,0.0
2025,2025-09-01,Africa,170.55,3123,23057,0.0546,0,0,0,,0.0,0,0,0.0,236.13,0.0756,497.0,0,0,0,0,30.28,0.03,19.55,1.44,22.06,1.58,47.67,0.13
2025,2025-09-01,Europe excl UK+IE,1859.16,47217,313210,0.0394,58.0,105281.86,58.0,100.0,1.228,3.5,2134.56,0.074,2214.5,0.0469,4670.0,0,0,0,0,31.13,0.0,21.1,0.24,21.29,0.03,47.73,0.02
2025,2025-09-01,GCC and Middle East,547.8,10502,90441,0.0522,13.0,41565.78,12.0,92.31,1.238,1.0,540.0,0.095,1102.05,0.1049,1966.0,0,0,0,0,14.21,0.03,11.77,0.01,19.83,0.0,67.65,0.09
2025,2025-09-01,North America,2283.59,60626,395418,0.0377,112.0,131543.12,108.0,96.43,1.847,12.85,12307.33,0.212,2396.54,0.0395,6387.0,0,0,0,0,26.22,0.02,17.29,0.13,20.61,0.02,53.7,0.12
2025,2025-09-01,Oceania,11.54,138,2992,0.0836,0,0,0,,0.0,0,0,0.0,29.0,0.2101,44.0,0,0,0,0,17.62,0.0,10.48,0.4,17.96,0.0,64.43,0.0
2025,2025-09-01,UK+IE,383.52,7680,60305,0.0499,16.0,15243.87,16.0,100.0,2.083,0,0,0.0,690.63,0.0899,1227.0,0,0,0,0,35.97,0.02,22.29,0.16,18.56,0.04,45.65,0.08
2025,2025-09-01,other,35.53,274,2778,0.1297,0,0,0,,0.0,0,0,0.0,77.0,0.281,117.0,0,0,0,0,45.03,0.0,37.07,0.0,15.05,0.0,39.92,0.0
2025,2025-09-08,Africa,140.56,2388,23233,0.0589,3.0,1825.62,0.0,0.0,1.256,0,0,0.0,212.33,0.0889,402.0,0,0,0,0,25.18,0.03,15.88,0.1,29.28,0.1,45.64,0.05
2025,2025-09-08,Europe excl UK+IE,1529.72,39911,292070,0.0383,66.0,68057.06,62.0,93.94,1.654,7.0,8095.61,0.175,1694.32,0.0425,4288.0,0,0,0,0,28.95,0.01,18.83,0.05,39.02,0.17,32.12,0.05
2025,2025-09-08,GCC and Middle East,233.88,5752,57348,0.0407,8.0,4780.68,7.0,87.5,1.391,1.0,934.16,0.174,589.59,0.1025,974.0,0,0,0,0,11.7,0.0,10.75,0.0,37.06,0.0,54.04,0.05
2025,2025-09-08,North America,1993.37,56376,392976,0.0354,94.0,128449.55,90.0,95.74,1.667,7.66,7004.66,0.136,1852.71,0.0329,5191.0,0,0,0,0,24.89,0.0,15.61,0.41,33.71,0.74,41.58,0.01
2025,2025-09-08,Oceania,15.5,239,3453,0.0649,0,0,0,,0.0,0,0,0.0,41.26,0.1726,53.0,0,0,0,0,20.65,0.09,12.07,0.58,33.1,0.0,46.29,0.0
2025,2025-09-08,UK+IE,229.97,4483,42151,0.0513,0,0,0,,0.0,0,0,0.0,395.25,0.0882,742.0,0,0,0,0,33.25,0.0,20.15,2.06,32.82,0.03,34.0,0.02
2025,2025-09-08,other,36.29,278,2394,0.1305,0,0,0,,0.0,0,0,0.0,68.95,0.248,111.0,0,0,0,0,41.08,0.0,33.27,0.0,23.21,0.21,35.72,0.0
2025,2025-09-15,Africa,122.78,1617,14026,0.0759,0,0,0,,0.0,1.0,1672.0,0.618,166.5,0.103,276.0,0,0,0,0,25.0,0.02,15.72,0.24,24.61,0.24,50.42,0.06
2025,2025-09-15,Europe excl UK+IE,848.68,18350,154133,0.0462,43.0,90568.9,43.0,100.0,2.343,4.77,2991.19,0.26,1378.89,0.0751,2611.0,0,0,0,0,29.1,0.07,19.99,0.16,21.68,0.04,49.28,0.07
2025,2025-09-15,GCC and Middle East,143.64,1781,35302,0.0807,2.0,573.93,1.0,50.0,1.123,1.0,208.7,0.561,480.01,0.2695,635.0,0,0,0,0,14.39,0.07,11.32,0.07,20.67,0.01,66.06,0.08
2025,2025-09-15,North America,1167.73,15533,158801,0.0752,35.0,54050.88,27.0,77.14,2.253,13.2,5290.27,0.85,2084.39,0.1342,3336.0,0,0,0,0,28.67,0.06,18.51,0.55,22.62,0.14,48.9,0.01
2025,2025-09-15,Oceania,9.79,66,1751,0.1483,0,0,0,,0.0,0,0,0.0,18.0,0.2727,31.0,0,0,0,0,15.28,0.0,10.58,0.17,19.71,0.0,65.25,0.0
2025,2025-09-15,UK+IE,192.32,2388,28293,0.0805,2.0,8188.24,2.0,100.0,0.838,0,0,0.0,407.54,0.1707,557.0,0,0,0,0,35.29,0.0,23.39,0.53,17.87,0.19,46.89,0.08
2025,2025-09-15,other,22.18,178,1954,0.1246,1.0,928.44,0.0,0.0,5.618,1.0,928.44,5.618,38.0,0.2135,48.0,0,0,0,0,40.06,0.0,31.98,0.0,17.81,0.0,42.13,0.0
2025,2025-09-22,Africa,44.52,579,7042,0.0769,0,0,0,,0.0,0,0,0.0,84.11,0.1453,96.0,0,0,0,0,23.22,0.1,14.36,0.1,36.92,0.0,40.0,0.0
2025,2025-09-22,Europe excl UK+IE,415.44,7281,62236,0.0571,17.0,26748.59,17.0,100.0,2.335,0,0,0.0,610.45,0.0838,1007.0,0,0,0,0,24.08,0.06,16.0,0.29,37.1,0.31,38.98,0.03
2025,2025-09-22,GCC and Middle East,54.73,661,13304,0.0828,1.0,0.0,1.0,100.0,1.513,0,0,0.0,174.66,0.2642,206.0,0,0,0,0,13.19,0.01,10.06,0.05,27.38,0.0,61.12,0.02
2025,2025-09-22,North America,605.69,9139,95757,0.0663,22.0,28963.31,22.0,100.0,2.407,2.0,13153.8,0.219,1161.62,0.1271,1654.0,0,0,0,0,22.21,0.04,14.79,0.15,34.13,0.03,44.15,0.06
2025,2025-09-22,Oceania,11.51,81,1255,0.1421,0,0,0,,0.0,0,0,0.0,16.0,0.1975,19.0,0,0,0,0,19.16,0.0,12.24,1.35,47.26,0.0,34.29,0.0
2025,2025-09-22,UK+IE,56.38,760,10570,0.0742,0,0,0,,0.0,0,0,0.0,157.24,0.2069,236.0,0,0,0,0,25.72,0.19,16.97,0.26,38.43,0.19,36.19,0.08
2025,2025-09-22,other,22.07,184,1700,0.1199,0,0,0,,0.0,0,0,0.0,53.73,0.292,59.0,0,0,0,0,38.07,0.0,30.43,0.0,28.82,0.0,33.12,0.0
2025,2025-09-29,Africa,71.95,1166,11835,0.0617,2.0,1438.11,2.0,100.0,1.715,0,0,0.0,139.28,0.1195,167.0,0,0,0,0,23.85,1.34,15.7,3.69,15.65,0.1,60.54,0.03
2025,2025-09-29,Europe excl UK+IE,524.38,12457,103228,0.0421,29.0,66107.85,29.0,100.0,2.328,3.0,3218.45,0.241,849.81,0.0682,1634.0,0,0,0,0,25.23,0.04,15.87,0.22,24.57,0.02,50.27,0.04
2025,2025-09-29,GCC and Middle East,82.85,978,18410,0.0847,0,0,0,,0.0,2.0,1122.61,2.045,269.61,0.2757,316.0,0,0,0,0,10.75,0.21,10.01,0.0,19.5,0.0,71.42,0.0
2025,2025-09-29,North America,733.3,12730,122368,0.0576,41.0,82816.28,39.0,95.12,3.221,9.0,6367.44,0.707,1355.62,0.1065,2230.0,0,0,0,0,27.24,0.05,17.8,0.03,17.83,0.06,55.29,0.03
2025,2025-09-29,Oceania,4.28,43,1245,0.0996,0,0,0,,0.0,0,0,0.0,18.0,0.4185,22.0,0,0,0,0,13.36,0.0,10.01,0.0,17.04,0.0,70.23,0.0
2025,2025-09-29,UK+IE,69.04,785,13674,0.088,1.0,433.6,1.0,100.0,1.274,0.78,325.88,0.999,193.79,0.2469,258.0,0,0,0,0,25.61,0.2,16.35,0.23,21.37,0.27,53.41,0.43
2025,2025-09-29,other,32.16,278,2375,0.1157,0,0,0,,0.0,0,0,0.0,64.01,0.2302,78.0,0,0,0,0,42.91,0.0,34.44,0.0,9.56,0.0,47.53,0.0
2025,2025-10-06,Africa,5.9,70,1575,0.0843,0,0,0,,0.0,0.66,608.69,9.429,20.88,0.2983,27.0,0,0,0,0,17.49,0.0,11.3,0.95,41.28,0.0,41.34,0.0
2025,2025-10-06,Europe excl UK+IE,139.79,2072,20944,0.0675,12.0,16482.56,10.0,83.33,5.792,2.0,2581.85,0.965,254.71,0.1229,427.0,0,0,0,0,26.76,0.06,18.58,0.14,37.57,0.01,35.84,0.04
2025,2025-10-06,GCC and Middle East,14.32,171,4303,0.0837,0,0,0,,0.0,0,0,0.0,65.5,0.383,68.0,0,0,0,0,11.26,0.0,10.04,0.0,26.53,0.0,64.45,0.0
2025,2025-10-06,North America,189.48,2486,23622,0.0762,4.0,5060.76,2.0,50.0,1.609,1.16,2910.54,0.466,297.32,0.1196,415.0,0,0,0,0,24.07,0.0,15.32,0.0,57.83,0.02,18.46,0.04
2025,2025-10-06,Oceania,1.1,12,417,0.0916,0,0,0,,0.0,0,0,0.0,5.0,0.4167,4.0,0,0,0,0,12.74,0.0,9.99,0.0,21.64,0.0,65.77,0.0
2025,2025-10-06,UK+IE,24.34,182,3860,0.1337,2.0,567.95,0.0,0.0,10.989,1.0,329.59,5.495,63.67,0.3498,80.0,0,0,0,0,24.4,0.0,15.63,0.0,37.36,0.0,38.55,0.31
2025,2025-10-06,other,3.64,32,516,0.1137,0,0,0,,0.0,0,0,0.0,17.0,0.5312,21.0,0,0,0,0,33.58,0.0,23.06,0.0,31.18,0.0,35.23,0.0
2026,2026-07-13,Africa,346.32,1184,9736,0.2925,2.0,5212.36,2.0,100.0,1.689,0,0,0.0,401.0,0.3387,466.0,550.0,17241.59,559.0,11244.87,57.07,0.0,44.46,0.0,21.62,1.36,21.31,0.27
2026,2026-07-13,Europe excl UK+IE,3058.76,9952,84244,0.3074,23.0,36961.32,18.0,78.26,2.311,4.0,3263.03,0.402,3443.26,0.346,3349.0,4096.0,127443.29,4088.0,96793.26,57.8,0.02,47.71,0.0,23.61,0.16,18.58,0.01
2026,2026-07-13,GCC and Middle East,1095.09,4503,53769,0.2432,21.0,30593.63,20.0,95.24,4.664,2.0,534.52,0.444,1361.42,0.3023,1395.0,1566.0,48296.74,1573.0,33899.52,36.58,0.05,22.95,0.06,36.01,0.0,27.41,0.0
2026,2026-07-13,North America,6731.46,8900,94229,0.7563,26.0,45121.41,23.0,88.46,2.921,11.39,10858.29,1.28,3020.4,0.3394,2949.0,3683.0,176528.34,3694.0,100624.33,69.64,0.03,61.52,0.02,17.09,0.05,13.27,0.02
2026,2026-07-13,Oceania,211.08,791,5927,0.2668,0,0,0,,0.0,0,0,0.0,258.01,0.3262,233.0,268.0,7577.52,267.0,5021.09,52.36,0.0,41.38,0.0,29.5,0.0,18.14,0.0
2026,2026-07-13,UK+IE,1494.44,4535,36211,0.3295,4.0,7486.04,4.0,100.0,0.882,3.0,3839.97,0.662,1623.9,0.3581,1586.0,1782.0,63151.35,1794.0,36847.46,58.66,0.03,48.36,0.0,25.42,0.07,15.92,0.03
2026,2026-07-13,none,0.0,0,0,,22.0,31175.52,20.0,90.91,,34.12,45142.53,,613.38,,610.0,683.0,47398.79,671.0,29560.68,,,,,,,,
2026,2026-07-13,other,108.96,365,2372,0.2985,0,0,0,,0.0,0,0,0.0,95.0,0.2603,96.0,155.0,2786.58,152.0,4071.65,56.47,0.0,48.89,0.0,19.7,6.28,23.82,0.0
2026,2026-07-20,Africa,350.06,1336,13405,0.262,15.0,16012.36,15.0,100.0,11.228,0.08,41.65,0.06,459.84,0.3442,524.0,620.0,26829.68,630.0,13765.48,46.88,0.01,34.2,0.05,24.56,0.22,28.56,0.36
2026,2026-07-20,Europe excl UK+IE,3274.32,12215,117069,0.2681,27.0,28818.94,23.0,85.19,2.21,10.67,12761.78,0.873,4157.11,0.3403,4365.0,5176.0,162612.44,5177.0,99634.35,51.24,0.02,40.39,0.02,22.22,0.04,26.55,0.04
2026,2026-07-20,GCC and Middle East,1116.13,5142,71643,0.2171,15.0,33524.85,15.0,100.0,2.917,2.0,1022.74,0.389,1514.43,0.2945,1648.0,1871.0,53634.14,1865.0,31677.17,30.82,0.04,19.41,0.0,26.53,0.01,42.71,0.02
2026,2026-07-20,North America,8836.25,14939,153248,0.5915,36.0,58481.06,26.0,72.22,2.41,14.33,19364.93,0.959,5079.06,0.34,5475.0,6665.0,283255.54,6681.0,172885.17,61.03,0.07,51.58,0.05,17.93,0.03,21.09,0.06
2026,2026-07-20,Oceania,221.67,939,10170,0.2361,15.0,23132.62,15.0,100.0,15.974,0,0,0.0,286.24,0.3048,319.0,365.0,10327.92,368.0,10151.66,54.71,0.0,41.95,0.0,15.99,0.0,29.3,0.0
2026,2026-07-20,UK+IE,1431.34,4736,44378,0.3022,21.0,15181.33,16.0,76.19,4.434,9.7,7527.26,2.048,1690.0,0.3568,1877.0,2053.0,75275.33,2052.0,48709.82,51.85,0.05,41.38,0.02,26.0,0.02,22.17,0.04
2026,2026-07-20,none,0.0,0,0,,139.0,214690.06,128.0,92.09,,91.7,98968.56,,2010.12,,2389.0,2921.0,176290.58,2932.0,119203.24,,,,,,,,
2026,2026-07-20,other,109.93,412,3845,0.2668,0,0,0,,0.0,4.23,8237.02,10.259,123.01,0.2986,121.0,171.0,4288.18,169.0,2326.29,50.07,0.0,41.05,0.0,17.53,0.0,32.4,0.0
2026,2026-07-27,Africa,634.62,2595,20353,0.2446,2.0,1292.36,2.0,100.0,0.771,0.32,166.59,0.123,915.14,0.3527,896.0,1004.0,35326.38,1007.0,27037.85,55.33,0.05,42.64,0.15,20.91,0.05,23.76,0.16
2026,2026-07-27,Europe excl UK+IE,4890.54,18748,153725,0.2609,49.0,63912.93,41.0,83.67,2.614,9.06,3752.07,0.483,6922.59,0.3692,6853.0,7613.0,252080.31,7615.0,151194.18,58.04,0.02,47.3,0.06,19.07,0.04,22.89,0.04
2026,2026-07-27,GCC and Middle East,1520.61,7403,94535,0.2054,19.0,48283.37,19.0,100.0,2.567,1.0,521.76,0.135,2561.53,0.346,2572.0,2789.0,70307.56,2819.0,48894.94,33.85,0.01,20.76,0.03,31.79,0.0,34.42,0.01
2026,2026-07-27,North America,11993.12,17385,159042,0.6899,49.0,61370.52,42.0,85.71,2.819,13.21,13589.67,0.76,6481.06,0.3728,6354.0,7533.0,320393.94,7469.0,197257.01,70.64,0.03,61.19,0.03,13.17,0.05,16.2,0.03
2026,2026-07-27,Oceania,528.01,1763,14105,0.2995,2.0,2040.0,2.0,100.0,1.134,0,0,0.0,618.53,0.3508,588.0,668.0,17805.95,666.0,11711.82,61.93,0.01,51.86,0.01,14.31,0.03,23.76,0.01
2026,2026-07-27,UK+IE,1904.57,6037,54375,0.3155,10.0,15052.67,8.0,80.0,1.656,3.3,1129.53,0.547,2367.91,0.3922,2383.0,2439.0,90555.59,2458.0,53029.5,56.8,0.07,45.31,0.05,28.65,0.04,14.55,0.09
2026,2026-07-27,none,0.0,0,0,,26.0,27811.16,16.0,61.54,,122.09,128084.85,,2421.81,,1339.0,1764.0,92557.15,1745.0,59122.63,,,,,,,,
2026,2026-07-27,other,121.79,527,4536,0.2311,1.0,1060.36,0.0,0.0,1.898,1.0,1060.36,1.898,160.89,0.3053,138.0,171.0,3440.17,169.0,2559.27,54.23,0.0,45.69,0.0,13.3,0.0,32.48,0.0
2026,2026-08-03,Africa,601.98,2480,22444,0.2427,0,0,0,,0.0,0,0,0.0,878.17,0.3541,787.0,928.0,31890.56,947.0,22314.54,57.13,0.0,45.26,0.01,6.67,0.02,36.2,0.15
2026,2026-08-03,Europe excl UK+IE,4193.9,17327,171719,0.242,47.0,57276.88,42.0,89.36,2.713,8.0,8359.34,0.462,6378.64,0.3681,5898.0,6641.0,210189.83,6633.0,145347.64,56.15,0.03,45.1,0.03,6.6,0.06,37.25,0.05
2026,2026-08-03,GCC and Middle East,1693.72,8632,132105,0.1962,5.0,7596.04,5.0,100.0,0.579,1.0,1639.0,0.116,2993.44,0.3468,2685.0,2980.0,72931.24,2983.0,51855.78,33.05,0.0,19.74,0.04,8.52,0.05,58.46,0.0
2026,2026-08-03,North America,10822.43,15738,168476,0.6877,65.0,83420.59,53.0,81.54,4.13,15.86,16630.79,1.008,5839.09,0.371,5422.0,6465.0,286748.47,6489.0,178239.52,68.45,0.01,59.31,0.03,6.7,0.07,24.85,0.02
2026,2026-08-03,Oceania,412.93,1566,14424,0.2637,4.0,1804.57,4.0,100.0,2.554,2.0,286.32,1.277,481.32,0.3074,457.0,545.0,16578.36,550.0,10437.63,59.76,0.0,48.48,0.0,9.97,0.0,30.28,0.0
2026,2026-08-03,UK+IE,1095.38,4470,55945,0.2451,24.0,40003.69,20.0,83.33,5.369,6.0,3894.87,1.342,1800.58,0.4028,1697.0,1907.0,78508.83,1905.0,49491.54,52.97,0.18,40.02,0.02,10.66,0.0,36.37,0.18
2026,2026-08-03,none,0.0,0,0,,34.0,39041.06,14.0,41.18,,155.55,139769.88,,2731.24,,1244.0,1615.0,83152.82,1609.0,67434.28,,,,,,,,
2026,2026-08-03,other,124.02,523,5413,0.2371,3.0,1482.73,3.0,100.0,5.736,0,0,0.0,163.65,0.3129,148.0,185.0,2488.7,186.0,2493.27,55.44,0.0,46.76,0.11,2.58,0.0,41.97,0.0
2026,2026-08-10,Africa,863.72,3087,24678,0.2798,13.0,21689.35,11.0,84.62,4.211,0,0,0.0,1075.43,0.3484,1011.0,1170.0,38096.32,1185.0,25871.45,63.86,0.0,53.54,0.0,7.72,0.19,28.42,0.03
2026,2026-08-10,Europe excl UK+IE,5626.57,21149,187055,0.266,29.0,38649.21,22.0,75.86,1.371,11.27,7138.5,0.533,7601.09,0.3594,7197.0,8394.0,245517.88,8422.0,164720.62,60.26,0.05,50.47,0.02,9.31,0.13,30.44,0.08
2026,2026-08-10,GCC and Middle East,3360.55,14601,164946,0.2302,56.0,93018.16,55.0,98.21,3.835,6.0,7446.42,0.411,5045.59,0.3456,4968.0,5533.0,160647.37,5525.0,104823.14,39.26,0.0,26.77,0.0,16.29,0.02,44.49,0.0
2026,2026-08-10,North America,15394.58,16403,159317,0.9385,32.0,53071.81,24.0,75.0,1.951,20.57,39050.65,1.254,5885.09,0.3588,5736.0,6992.0,324935.66,7033.0,196787.52,66.44,0.01,58.02,0.02,9.89,0.1,23.67,0.02
2026,2026-08-10,Oceania,513.85,1768,15758,0.2906,6.0,20646.41,5.0,83.33,3.394,1.0,4561.49,0.566,552.41,0.3125,532.0,638.0,14544.74,645.0,9410.51,65.08,0.0,55.26,0.03,10.19,0.03,24.73,0.0
2026,2026-08-10,UK+IE,1570.76,5541,60284,0.2835,16.0,16121.79,9.0,56.25,2.888,7.0,3535.57,1.263,2215.16,0.3998,2218.0,2436.0,94576.11,2443.0,52781.28,58.71,0.03,47.29,0.18,9.57,0.3,31.72,0.14
2026,2026-08-10,none,0.0,0,0,,17.0,19729.96,2.0,11.76,,115.49,96748.19,,1953.55,,828.0,1135.0,69877.64,1130.0,38854.62,,,,,,,,
2026,2026-08-10,other,163.45,586,5946,0.2789,0,0,0,,0.0,0,0,0.0,172.49,0.2944,181.0,220.0,5911.83,215.0,2977.85,55.1,0.0,48.02,0.0,13.95,0.0,31.04,0.0
2026,2026-08-17,Africa,730.57,2549,22344,0.2866,7.0,6446.3,7.0,100.0,2.746,1.0,286.0,0.392,920.92,0.3613,841.0,1028.0,36393.61,1041.0,28828.51,58.12,0.03,47.9,0.04,6.69,0.06,35.19,0.01
2026,2026-08-17,Europe excl UK+IE,4595.24,16300,157362,0.2819,81.0,102622.81,75.0,92.59,4.969,7.55,6209.82,0.463,6141.98,0.3768,5926.0,6821.0,234406.19,6821.0,143113.47,56.1,0.06,46.49,0.03,9.7,0.13,34.2,0.14
2026,2026-08-17,GCC and Middle East,2816.49,11987,147768,0.235,17.0,26146.51,16.0,94.12,1.418,3.0,3021.84,0.25,4125.48,0.3442,3938.0,4451.0,132374.45,4467.0,90221.78,37.12,0.0,24.86,0.01,12.31,0.0,50.66,0.0
2026,2026-08-17,North America,9799.68,14674,164715,0.6678,66.0,98104.63,51.0,77.27,4.498,27.89,40032.94,1.9,5617.27,0.3828,5419.0,6630.0,303014.68,6658.0,195005.39,64.59,0.04,56.1,0.01,8.83,0.01,26.63,0.03
2026,2026-08-17,Oceania,354.34,1103,11944,0.3212,4.0,2880.72,4.0,100.0,3.626,0,0,0.0,351.54,0.3187,357.0,429.0,14062.14,424.0,6862.24,53.15,0.0,41.9,0.0,13.08,0.0,33.76,0.0
2026,2026-08-17,UK+IE,1901.02,6108,68996,0.3112,33.0,40672.24,25.0,75.76,5.403,6.0,3257.28,0.982,2495.91,0.4086,2377.0,2688.0,114339.42,2696.0,58060.12,58.76,0.05,47.62,0.05,7.39,0.06,33.85,0.0
2026,2026-08-17,none,0.0,0,0,,72.0,93920.1,58.0,80.56,,123.97,131981.64,,2484.51,,1528.0,1948.0,118001.32,1943.0,75014.96,,,,,,,,
2026,2026-08-17,other,123.79,433,4524,0.2859,12.0,24658.11,12.0,100.0,27.714,0,0,0.0,140.3,0.324,166.0,213.0,5007.71,202.0,5515.63,55.44,0.0,47.41,0.04,11.89,0.04,32.67,0.2
2026,2026-08-24,Africa,475.69,1753,16132,0.2714,4.0,11622.67,4.0,100.0,2.282,1.0,195.34,0.57,673.12,0.384,752.0,790.0,24863.79,777.0,18662.21,56.33,0.0,44.39,0.01,18.79,0.32,24.88,0.0
2026,2026-08-24,Europe excl UK+IE,2859.22,10945,113703,0.2612,47.0,80907.63,35.0,74.47,4.294,19.71,14588.45,1.801,4109.53,0.3755,4471.0,4732.0,167000.92,4745.0,115292.25,53.31,0.03,42.04,0.06,18.67,0.16,28.01,0.16
2026,2026-08-24,GCC and Middle East,3063.1,11817,136211,0.2592,39.0,50079.04,39.0,100.0,3.3,2.0,1991.47,0.169,4124.11,0.349,4267.0,4504.0,141146.11,4464.0,100465.11,37.28,0.0,24.48,0.02,29.76,0.01,33.18,0.01
2026,2026-08-24,North America,8434.11,14455,133915,0.5835,60.0,73169.62,49.0,81.67,4.151,15.46,14573.69,1.069,5470.24,0.3784,5672.0,6426.0,286919.31,6441.0,200299.01,60.89,0.07,51.29,0.02,22.61,0.08,16.5,0.07
2026,2026-08-24,Oceania,169.08,661,8329,0.2558,1.0,925.0,1.0,100.0,1.513,0,0,0.0,219.5,0.3321,220.0,234.0,4227.82,240.0,4148.03,45.13,0.02,31.77,0.02,23.41,0.0,31.46,0.02
2026,2026-08-24,UK+IE,2217.97,6683,62400,0.3319,20.0,24711.09,19.0,95.0,2.993,4.45,1524.69,0.666,2548.8,0.3814,2609.0,2825.0,115086.49,2846.0,55114.31,61.15,0.03,49.78,0.02,21.77,0.06,17.08,0.0
2026,2026-08-24,none,0.0,0,0,,43.0,53249.06,20.0,46.51,,104.44,82406.91,,1845.6,,1652.0,2144.0,176739.51,2122.0,102713.74,,,,,,,,
2026,2026-08-24,other,90.47,327,2922,0.2767,0,0,0,,0.0,0,0,0.0,100.0,0.3058,112.0,139.0,3521.97,129.0,1839.95,54.63,0.0,46.29,0.0,19.32,0.0,26.06,0.86
2026,2026-08-31,Africa,510.97,2117,17372,0.2414,4.0,3157.94,4.0,100.0,1.889,1.0,422.81,0.472,773.21,0.3652,812.0,932.0,33090.53,920.0,24948.15,56.46,0.01,44.49,0.03,18.37,0.72,25.17,0.0
2026,2026-08-31,Europe excl UK+IE,3732.31,15055,133600,0.2479,35.0,49348.33,32.0,91.43,2.325,6.0,1852.2,0.398,5428.43,0.3606,5363.0,6158.0,217738.59,6147.0,148768.41,55.41,0.03,44.15,0.01,21.07,0.34,23.52,0.41
2026,2026-08-31,GCC and Middle East,3535.24,15929,162344,0.2219,42.0,58523.84,39.0,92.86,2.637,6.0,9223.33,0.377,5313.24,0.3336,5027.0,5643.0,170528.51,5623.0,119194.32,38.26,0.0,25.61,0.0,28.77,0.01,33.21,0.0
2026,2026-08-31,North America,10843.01,15368,148088,0.7056,38.0,59407.46,30.0,78.95,2.473,18.51,19862.86,1.205,5738.34,0.3734,5339.0,6345.0,275558.35,6379.0,176208.06,67.65,0.02,59.02,0.03,16.38,0.14,15.97,0.09
2026,2026-08-31,Oceania,283.29,1115,10246,0.2541,5.0,6772.95,5.0,100.0,4.484,0,0,0.0,348.93,0.3129,348.0,424.0,11448.46,420.0,7171.36,54.29,0.02,42.2,0.01,25.96,0.05,19.76,0.0
2026,2026-08-31,UK+IE,2102.24,7360,61029,0.2856,15.0,11573.89,15.0,100.0,2.038,0,0,0.0,2625.04,0.3567,2589.0,2910.0,123005.27,2905.0,79609.99,61.75,0.08,50.13,0.06,20.5,0.16,17.75,0.07
2026,2026-08-31,none,0.0,0,0,,27.0,38419.66,2.0,7.41,,130.02,137440.77,,2926.39,,966.0,1349.0,89423.8,1351.0,68604.98,,,,,,,,
2026,2026-08-31,other,105.14,459,3852,0.2291,0,0,0,,0.0,0,0,0.0,142.15,0.3097,139.0,191.0,3808.05,186.0,2480.62,52.1,0.0,42.62,0.0,15.86,0.0,32.05,0.0
2026,2026-09-07,Africa,652.21,2624,19808,0.2486,10.0,20231.96,10.0,100.0,3.811,0,0,0.0,850.8,0.3242,828.0,978.0,38049.94,971.0,29834.53,62.04,0.07,51.4,0.01,14.88,0.04,23.08,0.52
2026,2026-09-07,Europe excl UK+IE,4305.55,17362,156270,0.248,37.0,52630.43,27.0,72.97,2.131,19.12,16252.79,1.101,5759.85,0.3318,5472.0,6576.0,225438.09,6546.0,137064.44,57.39,0.02,47.12,0.05,17.47,0.26,25.14,0.01
2026,2026-09-07,GCC and Middle East,4310.34,20004,193122,0.2155,39.0,47658.89,39.0,100.0,1.95,4.0,2437.83,0.2,5993.61,0.2996,5730.0,6595.0,181044.23,6549.0,136365.99,42.16,0.0,28.73,0.0,26.7,0.01,31.28,0.0
2026,2026-09-07,North America,10751.16,16266,158373,0.661,22.0,16667.14,14.0,63.64,1.353,12.86,9634.69,0.79,5482.0,0.337,5180.0,6337.0,300177.21,6312.0,185812.22,66.89,0.04,59.08,0.02,16.63,0.05,16.53,0.04
2026,2026-09-07,Oceania,382.11,1555,12541,0.2457,14.0,14636.5,14.0,100.0,9.003,0,0,0.0,469.6,0.302,467.0,563.0,11591.52,562.0,8582.35,64.16,0.0,53.49,0.0,18.85,0.0,16.99,0.0
2026,2026-09-07,UK+IE,2395.53,8449,78452,0.2835,29.0,29613.03,23.0,79.31,3.432,10.96,8414.78,1.297,2818.22,0.3336,2737.0,3159.0,139033.47,3163.0,100268.18,62.87,0.25,52.44,0.0,19.07,0.06,18.05,0.09
2026,2026-09-07,none,0.0,0,0,,29.0,32622.76,4.0,13.79,,109.85,114251.22,,2246.16,,814.0,1128.0,77099.31,1125.0,45446.5,,,,,,,,
2026,2026-09-07,other,117.24,520,4374,0.2255,1.0,2695.82,0.0,0.0,1.923,1.0,2695.82,1.923,140.55,0.2703,133.0,178.0,5871.41,182.0,5918.2,56.17,0.0,47.5,0.09,10.03,0.0,33.8,0.0
2026,2026-09-14,Africa,650.13,2707,22126,0.2402,4.0,3521.31,3.0,75.0,1.478,1.0,366.65,0.369,829.71,0.3065,822.0,973.0,39004.29,982.0,37498.73,61.02,0.14,50.43,0.11,12.35,0.57,26.63,0.32
2026,2026-09-14,Europe excl UK+IE,5313.24,20636,189064,0.2575,36.0,39357.69,25.0,69.44,1.745,14.31,17944.2,0.694,6778.64,0.3285,6363.0,7568.0,271833.33,7600.0,211591.43,57.61,0.03,47.57,0.04,15.54,0.34,26.85,0.06
2026,2026-09-14,GCC and Middle East,5352.48,24111,216670,0.222,25.0,49007.17,25.0,100.0,1.037,4.0,3141.93,0.166,6918.28,0.2869,6423.0,7227.0,187317.17,7227.0,130470.6,42.03,0.0,30.71,0.01,25.0,0.02,33.06,0.0
2026,2026-09-14,North America,3056.45,10425,120256,0.2932,27.0,55304.1,24.0,88.89,2.59,4.11,3886.81,0.394,3796.82,0.3642,3689.0,4489.0,196582.91,4455.0,134385.35,52.72,0.02,41.22,0.01,20.73,0.09,26.55,0.08
2026,2026-09-14,Oceania,389.02,1633,12885,0.2382,6.0,5868.07,6.0,100.0,3.674,1.0,560.06,0.612,448.89,0.2749,461.0,524.0,14151.59,526.0,8878.04,63.54,0.0,53.53,0.0,18.21,0.0,18.25,0.0
2026,2026-09-14,UK+IE,1994.02,7292,68194,0.2735,8.0,19225.12,5.0,62.5,1.097,8.96,17968.65,1.229,2556.84,0.3506,2358.0,2651.0,99805.42,2633.0,59489.45,60.12,0.04,49.48,0.05,15.71,0.13,24.17,0.04
2026,2026-09-14,none,0.0,0,0,,34.0,29338.71,4.0,11.76,,89.67,84712.25,,2023.87,,787.0,1062.0,65959.02,1067.0,47841.73,,,,,,,,
2026,2026-09-14,other,110.37,499,4532,0.2212,0,0,0,,0.0,0,0,0.0,161.0,0.3226,167.0,218.0,6526.88,212.0,2550.51,56.21,0.0,47.15,0.0,10.91,0.0,32.87,0.0
2026,2026-09-21,Africa,1089.98,3841,25595,0.2838,2.0,2780.91,2.0,100.0,0.521,2.0,3037.7,0.521,1236.34,0.3219,1075.0,1241.0,39359.44,1240.0,28201.68,64.57,0.23,53.81,0.05,10.6,0.59,24.83,0.43
2026,2026-09-21,Europe excl UK+IE,7460.35,24739,212936,0.3016,39.0,33132.81,35.0,89.74,1.576,10.3,8266.28,0.416,8224.36,0.3324,7475.0,8692.0,287852.13,8666.0,176673.89,58.62,0.03,48.15,0.05,14.78,0.25,26.6,0.08
2026,2026-09-21,GCC and Middle East,8618.11,34468,254344,0.25,33.0,60783.87,33.0,100.0,0.957,2.75,1724.17,0.08,9845.1,0.2856,8538.0,9083.0,215316.07,9071.0,152797.89,48.89,0.0,37.8,0.0,22.25,0.04,28.86,0.01
2026,2026-09-21,North America,4635.11,14585,148595,0.3178,23.0,30297.42,15.0,65.22,1.577,10.15,9173.63,0.696,5196.26,0.3563,4745.0,5581.0,238975.64,5610.0,163198.8,54.2,0.05,42.78,0.04,17.29,0.17,28.51,0.07
2026,2026-09-21,Oceania,557.07,2064,15074,0.2699,0,0,0,,0.0,0,0,0.0,613.85,0.2974,586.0,633.0,15614.96,628.0,19516.14,65.15,0.0,55.53,0.0,14.93,0.31,19.92,0.0
2026,2026-09-21,UK+IE,2584.64,8451,68255,0.3058,10.0,30675.12,9.0,90.0,1.183,3.0,731.19,0.355,2896.24,0.3427,2668.0,2988.0,135900.96,2996.0,85600.63,60.4,0.06,50.05,0.03,15.66,0.09,23.94,0.1
2026,2026-09-21,none,0.0,0,0,,16.0,26794.46,4.0,25.0,,64.43,58106.31,,1494.41,,666.0,954.0,59932.99,954.0,37455.8,,,,,,,,
2026,2026-09-21,other,156.14,590,5259,0.2646,0,0,0,,0.0,0,0,0.0,187.85,0.3184,174.0,227.0,2763.05,226.0,3476.14,57.26,0.0,47.64,0.0,10.45,0.0,32.29,0.0
2026,2026-09-28,Africa,1456.84,5351,32083,0.2723,6.0,8822.18,5.0,83.33,1.121,3.0,1208.0,0.561,1664.4,0.311,1493.0,1648.0,50646.92,1645.0,37976.4,69.55,0.12,58.5,0.0,13.84,0.4,16.61,0.12
2026,2026-09-28,Europe excl UK+IE,7105.88,24175,198633,0.2939,11.0,8922.87,8.0,72.73,0.455,7.36,3749.22,0.304,8239.94,0.3408,7286.0,8251.0,238451.62,8247.0,164523.48,58.19,0.05,47.83,0.0,18.79,0.35,23.01,0.09
2026,2026-09-28,GCC and Middle East,7488.21,30196,244093,0.248,11.0,11808.8,11.0,100.0,0.364,2.0,1635.87,0.066,8843.89,0.2929,7496.0,7666.0,158774.07,7690.0,120316.36,48.91,0.0,36.81,0.0,28.15,0.04,22.98,0.0
2026,2026-09-28,North America,3776.07,12104,128784,0.312,4.0,3994.53,0.0,0.0,0.33,5.34,5703.44,0.442,4526.58,0.374,4067.0,4643.0,183656.5,4652.0,117128.43,55.62,0.14,42.87,0.05,21.7,0.21,22.68,0.14
2026,2026-09-28,Oceania,484.8,1836,13351,0.2641,0,0,0,,0.0,0,0,0.0,569.06,0.3099,495.0,556.0,10290.71,567.0,9157.86,65.77,0.0,54.58,0.0,18.75,0.67,15.48,0.0
2026,2026-09-28,UK+IE,2283.18,7869,67376,0.2901,7.0,5150.66,2.0,28.57,0.89,6.0,3416.99,0.762,2760.4,0.3508,2403.0,2582.0,93339.63,2552.0,54004.26,54.7,0.14,44.54,0.05,20.51,0.03,24.82,0.14
2026,2026-09-28,none,0.0,0,0,,7.0,4149.45,0.0,0.0,,89.17,83170.14,,2417.31,,444.0,669.0,36707.2,664.0,21927.46,,,,,,,,
2026,2026-09-28,other,131.83,529,4579,0.2492,0,0,0,,0.0,0,0,0.0,158.94,0.3005,142.0,169.0,3393.58,163.0,1383.6,51.67,0.0,42.38,0.0,22.18,0.31,26.14,0.15
2026,2026-10-05,Africa,535.82,2056,12636,0.2606,0,0,0,,0.0,0,0,0.0,543.58,0.2644,490.0,507.0,13042.02,500.0,9564.47,67.42,0.0,57.11,0.0,8.77,0.04,23.82,0.55
2026,2026-10-05,Europe excl UK+IE,2913.8,10433,84454,0.2793,2.0,215.45,0.0,0.0,0.192,1.98,394.9,0.19,3113.49,0.2984,2793.0,3008.0,75198.49,3023.0,49534.42,57.21,0.09,47.14,0.03,13.0,0.79,29.79,0.33
2026,2026-10-05,GCC and Middle East,2834.92,12280,100534,0.2309,0,0,0,,0.0,0,0,0.0,3016.46,0.2456,2722.0,2762.0,41566.87,2756.0,33142.93,46.26,0.0,34.57,0.0,20.53,0.0,33.25,0.0
2026,2026-10-05,North America,1456.52,4930,53218,0.2954,3.0,1820.49,0.0,0.0,0.609,2.0,1141.79,0.406,1638.87,0.3324,1520.0,1696.0,70596.43,1686.0,44525.11,53.95,0.23,41.7,0.09,15.05,0.17,31.0,0.15
2026,2026-10-05,Oceania,211.1,888,6033,0.2377,0,0,0,,0.0,0,0,0.0,223.8,0.252,208.0,202.0,3079.69,204.0,2420.86,64.98,0.0,54.35,0.0,13.86,0.0,21.16,0.0
2026,2026-10-05,UK+IE,819.87,2971,26594,0.276,0,0,0,,0.0,0,0,0.0,876.54,0.295,767.0,818.0,27459.09,815.0,14826.09,57.03,0.45,45.61,0.08,13.21,0.04,29.76,0.6
2026,2026-10-05,none,0.0,0,0,,1.0,1034.4,0.0,0.0,,22.98,12413.62,,565.35,,198.0,285.0,13866.82,280.0,8286.62,,,,,,,,
2026,2026-10-05,other,52.13,229,1993,0.2276,0,0,0,,0.0,0,0,0.0,67.99,0.2969,61.0,68.0,632.99,73.0,509.53,57.45,0.0,49.06,0.0,8.98,0.0,33.58,0.0
