dest_code,clicks,cost,search_value_per_click,booking_value_per_click_ledger,booking_value_per_click_attributed,ratio_ledger,ratio_attributed,vs_median_ledger,flag_ledger,scale_to_median_ledger,no_bookings_in_window
DXB,77085,17817.99,6.048,0.0052,1.6546,1169.509,3.655,12.529,yes,0.08,no
AE,48195,11975.97,8.6645,0.0,2.3449,,3.695,,no,,yes
US,45814,40681.35,17.7702,0.5966,3.5383,29.785,5.022,0.319,no,3.134,no
LGW,20146,5911.51,13.8294,0.011,2.5786,1257.419,5.363,13.471,yes,0.074,no
CA,15509,5074.74,15.3401,0.4567,4.2353,33.589,3.622,0.36,no,2.779,no
LHR,15436,4460.3,12.9867,0.063,2.5559,206.108,5.081,2.208,yes,0.453,no
KW,11880,2765.7,7.5989,0.1583,1.1345,48.005,6.698,0.514,no,1.945,no
CDG,10913,2873.97,10.335,0.1939,6.4316,53.291,1.607,0.571,no,1.752,no
YYZ,10624,3070.12,14.9605,0.096,3.2458,155.822,4.609,1.669,yes,0.599,no
FI,10130,2478.8,12.514,0.1103,4.4779,113.456,2.795,1.215,no,0.823,no
BER,9984,4536.08,20.9891,0.3177,2.3923,66.059,8.774,0.708,no,1.413,no
AUS,9968,2698.61,12.4929,0.0,2.7549,,4.535,,no,,yes
NZ,9949,2639.87,8.2782,0.4585,3.5827,18.055,2.311,0.193,no,5.17,no
ZRH,9419,2256.11,13.0495,0.1398,2.2889,93.346,5.701,1.0,no,1.0,no
SA,8651,2024.04,8.7698,0.2026,5.0854,43.29,1.725,0.464,no,2.156,no
RUH,8590,1944.69,9.9898,0.0,1.6851,,5.928,,no,,yes
GE,8047,2227.99,10.5516,0.0,2.6274,,4.016,,no,,yes
EDI,7562,2063.24,11.7688,0.351,2.3269,33.53,5.058,0.359,no,2.784,no
JFK,7109,2301.29,13.5449,0.344,0.5535,39.372,24.473,0.422,no,2.371,no
KE,5733,1632.95,15.389,0.0,2.4041,,6.401,,no,,yes
AZ,5704,1671.92,6.6135,0.0,2.3745,,2.785,,no,,yes
AUH,5483,1330.46,8.4339,0.0,1.1583,,7.281,,no,,yes
IT,4816,1112.89,7.9228,0.056,0.0,141.434,,1.515,yes,0.66,no
NO,4814,1248.73,10.6706,0.0,5.6412,,1.892,,no,,yes
IST,4579,1000.2,7.6387,0.0,0.0,,,,no,,yes
MAN,4295,1405.2,21.5911,0.2217,2.2463,97.384,9.612,1.043,no,0.959,no
FRA,4105,1096.14,20.553,0.1341,0.1341,153.266,153.266,1.642,yes,0.609,no
FCO,4087,1073.07,8.979,0.0454,1.2115,197.775,7.411,2.119,yes,0.472,no
EG,3821,977.45,10.5616,0.0,4.6856,,2.254,,no,,yes
CH,3800,809.69,12.3939,0.0,9.1163,,1.36,,no,,yes
