ranking,rank,campaign_id,name,dest_group,cost_4w,cpc,rank_lost,budget_lost,budget_utilisation_pct,score
escalation,1,22496389183,Google|IN|O&D|Routes|BLR|BER|EN|PHR,Europe excl UK+IE,109.33,0.6142,4.22,1.52,101.9,4.22
escalation,2,22500542284,Google|IN|O&D|Country|IN|US|EN|MOD,North America,4968.07,0.9033,4.82,11.21,208.3,4.82
escalation,3,22610648349,Google|IN|O&D|Country|IN|GE|EN|MOD,Europe excl UK+IE,744.84,0.2682,7.27,17.33,100.8,7.27
escalation,4,22496405236,Google|IN|O&D|Routes|BOM|EDI|EN|PHR,UK+IE,100.45,0.3149,9.17,4.09,75.6,9.17
escalation,5,22616995877,Google|IN|O&D|Country|IN|AZ|EN|MOD,Europe excl UK+IE,358.45,0.3087,9.34,13.19,100.8,9.34
escalation,6,22490531994,Google|IN|O&D|Country|IN|FI|EN|MOD,Europe excl UK+IE,847.66,0.2569,9.57,15.8,100.8,9.57
escalation,7,23873700664,Google|IN|O&D|Routes|GOX|LHR|EN|PHR,UK+IE,106.47,0.4064,9.69,6.89,80.4,9.69
escalation,8,22492954796,Google|IN|O&D|Routes|DEL|DXB|EN|PHR,GCC and Middle East,1706.01,0.2399,10.15,21.85,100.8,10.15
escalation,9,22496393890,Google|IN|O&D|Routes|HYD|LHR|EN|PHR,UK+IE,213.25,0.2999,10.45,11.22,100.8,10.45
escalation,10,22496379343,Google|IN|O&D|Routes|BLR|BER|EN|MOD,Europe excl UK+IE,213.16,0.548,10.6,9.49,101.9,10.6
escalation,11,22490534382,Google|IN|O&D|Country|IN|NZ|EN|MOD,Oceania,722.35,0.2627,10.69,16.93,100.8,10.69
escalation,12,22610636148,Google|IN|O&D|Routes|BOM|TBS|EN|PHR,Europe excl UK+IE,113.04,0.2826,10.93,13.3,75.6,10.93
escalation,13,22500526312,Google|IN|O&D|Country|IN|HU|EN|MOD,Europe excl UK+IE,132.15,0.3371,11.25,7.15,100.8,11.25
escalation,14,22490534862,Google|IN|O&D|Country|IN|IE|EN|MOD,UK+IE,170.33,0.2858,11.62,8.98,104.4,11.62
escalation,15,22492940555,Google|IN|O&D|Routes|CCU|LHR|EN|PHR,UK+IE,102.64,0.2812,11.77,10.8,100.8,11.77
escalation,16,22492941074,Google|IN|O&D|Routes|DEL|JNB|EN|MOD,Africa,107.05,0.2752,12.29,11.41,100.8,12.29
escalation,17,23965940602,Google|IN|O&D|Routes|CCU|SVO|EN|MOD,Europe excl UK+IE,288.84,0.273,12.49,19.63,80.4,12.49
escalation,18,22490534115,Google|IN|O&D|Country|IN|SE|EN|MOD,Europe excl UK+IE,138.06,0.2745,12.53,6.69,104.4,12.53
escalation,19,22496382883,Google|IN|O&D|Routes|HYD|DFW|EN|MOD,North America,125.21,0.3527,13.58,7.8,208.3,13.58
escalation,20,22610644695,Google|IN|O&D|Country|IN|KE|EN|MOD,Africa,551.34,0.2913,13.63,12.66,100.8,13.63
escalation,21,22497094034,Google|IN|O&D|Country|IN|TZ|EN|MOD,Africa,129.53,0.2693,13.84,8.08,100.8,13.84
escalation,22,22497094040,Google|IN|O&D|Country|IN|NO|EN|MOD,Europe excl UK+IE,240.23,0.319,14.19,11.78,88.9,14.19
escalation,23,22620577378,Google|IN|O&D|Routes|CCU|DXB|EN|MOD,GCC and Middle East,452.72,0.2426,14.47,18.69,100.8,14.47
escalation,24,22500541894,Google|IN|Dest|Country|XXX|MT|EN|MOD,Europe excl UK+IE,554.72,0.2904,14.66,12.42,100.8,14.66
escalation,25,22490522109,Google|IN|O&D|Country|IN|AM|EN|MOD,Europe excl UK+IE,110.72,0.2117,14.82,10.39,100.8,14.82
escalation,26,22496383426,Google|IN|O&D|Routes|CCU|EDI|EN|MOD,UK+IE,111.64,0.2833,14.88,16.53,80.4,14.88
escalation,27,22496060845,Google|IN|O&D|Routes|HYD|LHR|EN|MOD,UK+IE,174.97,0.3158,14.92,10.53,100.8,14.92
escalation,28,22500540160,Google|IN|Dest|City|XXX|MAN|EN|PHR,UK+IE,193.37,0.3351,15.08,22.22,104.4,15.08
escalation,29,22496382430,Google|IN|O&D|Routes|DEL|FCO|EN|MOD,Europe excl UK+IE,116.08,0.2502,15.33,11.77,75.6,15.33
escalation,30,22497096389,Google|IN|O&D|Country|IN|BR|EN|MOD,other,240.98,0.2454,15.79,13.86,104.4,15.79
escalation,31,22500539641,Google|IN|Dest|City|XXX|IAH|EN|MOD,North America,192.75,0.3055,15.98,22.55,88.9,15.98
escalation,32,22490534610,Google|IN|O&D|Country|IN|CA|EN|MOD,North America,483.0,0.3226,16.21,19.25,104.4,16.21
escalation,33,22500539506,Google|IN|Dest|City|XXX|DUB|EN|MOD,UK+IE,324.44,0.2936,16.47,14.96,104.4,16.47
escalation,34,22520507734,Google|IN|Dest|City|XXX|DXB|EN|PHR,GCC and Middle East,5356.44,0.242,16.83,26.06,104.4,16.83
escalation,35,22500542536,Google|IN|Dest|Country|XXX|CA|EN|MOD,North America,1741.36,0.3127,16.96,22.62,104.4,16.96
escalation,36,22496381938,Google|IN|O&D|Routes|DEL|JFK|EN|MOD,North America,216.66,0.3135,17.18,18.95,100.8,17.18
escalation,37,22500513292,Google|IN|Dest|City|XXX|ATL|EN|MOD,North America,273.99,0.3345,17.21,18.04,88.9,17.21
escalation,38,22520508160,Google|IN|Dest|City|XXX|LIS|EN|MOD,Europe excl UK+IE,302.34,0.2741,17.28,15.24,104.4,17.28
escalation,39,22492938893,Google|IN|O&D|Routes|BOM|LGW|EN|MOD,UK+IE,534.73,0.3357,17.78,12.21,75.6,17.78
escalation,40,22486395543,Google|IN|O&D|Routes|HYD|AUS|EN|PHR,North America,196.93,0.3101,18.27,14.05,100.8,18.27
escalation,41,22520507695,Google|IN|Dest|City|XXX|BHX|EN|MOD,UK+IE,151.28,0.2898,18.74,11.86,104.4,18.74
escalation,42,22610640174,Google|IN|Dest|City|XXX|CAI|EN|MOD,Africa,367.7,0.2586,18.84,18.84,104.4,18.84
escalation,43,22620587227,Google|IN|O&D|Country|IN|EG|EN|MOD,Africa,188.01,0.2663,18.86,13.63,208.3,18.86
escalation,44,22492930550,Google|IN|O&D|Routes|DEL|IST|EN|MOD,Europe excl UK+IE,118.56,0.2241,19.0,16.66,75.6,19.0
escalation,45,22500538714,Google|IN|Dest|City|XXX|IAD|EN|MOD,North America,161.98,0.2951,19.06,23.86,104.4,19.06
escalation,46,22492467287,Google|IN|O&D|Routes|DEL|CDG|EN|MOD,Europe excl UK+IE,115.66,0.2623,19.09,12.4,75.6,19.09
escalation,47,22490534601,Google|IN|O&D|Country|IN|SA|EN|MOD,GCC and Middle East,216.41,0.2063,19.45,21.88,100.8,19.45
escalation,48,22516916330,Google|IN|Dest|City|XXX|LIS|EN|PHR,Europe excl UK+IE,174.75,0.2874,19.48,15.03,104.4,19.48
escalation,49,22496393956,Google|IN|O&D|Routes|DEL|LGW|EN|MOD,UK+IE,140.76,0.2461,19.83,15.4,75.6,19.83
escalation,50,22620584359,Google|IN|O&D|Routes|CCU|DXB|EN|PHR,GCC and Middle East,154.61,0.2332,20.11,19.51,100.8,20.11
escalation,51,22610639676,Google|IN|Dest|City|XXX|TBS|EN|MOD,Europe excl UK+IE,256.61,0.2823,20.44,17.64,104.4,20.44
escalation,52,22490531895,Google|IN|Dest|Country|XXX|FI|EN|MOD,Europe excl UK+IE,566.83,0.234,20.47,20.07,100.8,20.47
escalation,53,22616994200,Google|IN|O&D|Country|IN|KW|EN|MOD,GCC and Middle East,422.27,0.2309,20.48,22.97,100.8,20.48
escalation,54,22490528868,Google|IN|Dest|City|XXX|FRA|EN|MOD,Europe excl UK+IE,572.67,0.264,20.53,20.7,104.4,20.53
escalation,55,22500538267,Google|IN|Dest|City|XXX|BER|EN|MOD,Europe excl UK+IE,2310.44,0.4886,20.55,16.47,101.9,20.55
escalation,56,22497092357,Google|IN|Dest|City|XXX|EDI|EN|MOD,UK+IE,507.87,0.2422,20.55,16.44,104.4,20.55
escalation,57,22490530269,Google|IN|Dest|Country|XXX|NZ|EN|MOD,Oceania,703.29,0.2483,20.61,19.73,100.8,20.61
escalation,58,22492939574,Google|IN|O&D|Routes|BOM|CDG|EN|MOD,Europe excl UK+IE,173.16,0.2853,20.92,12.71,75.6,20.92
escalation,59,22620585751,Google|IN|O&D|Routes|MAA|DXB|EN|PHR,GCC and Middle East,194.3,0.2324,20.96,20.57,75.6,20.96
escalation,60,23935334367,Google|IN|O&D|Routes|TRV|EDI|EN|MOD,UK+IE,100.06,0.2926,20.96,18.52,80.4,20.96
escalation,61,22520506243,Google|IN|Dest|City|XXX|ATH|EN|MOD,Europe excl UK+IE,212.04,0.2437,21.19,16.21,104.4,21.19
escalation,62,22616983619,Google|IN|O&D|Routes|MAA|DXB|EN|MOD,GCC and Middle East,284.06,0.2453,21.43,18.83,75.6,21.43
escalation,63,22486050855,Google|IN|O&D|Routes|MAA|LHR|EN|MOD,UK+IE,118.43,0.2976,21.51,10.92,100.8,21.51
escalation,64,22616994170,Google|IN|Dest|City|XXX|GYD|EN|PHR,Europe excl UK+IE,180.31,0.289,21.63,18.23,104.4,21.63
escalation,65,22492934315,Google|IN|O&D|Routes|DEL|LHR|EN|MOD,UK+IE,255.47,0.2735,21.95,18.51,121.9,21.95
escalation,66,22490522127,Google|IN|O&D|Country|IN|IT|EN|MOD,Europe excl UK+IE,179.97,0.2359,22.0,13.77,208.3,22.0
escalation,67,22497092081,Google|IN|Dest|Country|XXX|GB|EN|MOD,UK+IE,139.2,0.2583,22.09,19.39,208.3,22.09
escalation,68,22490530773,Google|IN|Dest|City|XXX|WAW|EN|MOD,Europe excl UK+IE,141.92,0.2566,22.23,13.85,104.4,22.23
escalation,69,22516915157,Google|IN|Dest|City|XXX|BUD|EN|MOD,Europe excl UK+IE,109.67,0.2728,22.28,20.26,104.4,22.28
escalation,70,22516912958,Google|IN|Dest|City|XXX|AUS|EN|PHR,North America,1219.64,0.2625,22.6,25.74,100.8,22.6
escalation,71,22620573574,Google|IN|O&D|Routes|BLR|DXB|EN|MOD,GCC and Middle East,163.08,0.2478,22.61,20.72,75.6,22.61
escalation,72,22496406433,Google|IN|O&D|Routes|BLR|LHR|EN|PHR,UK+IE,124.08,0.2833,22.87,20.03,100.8,22.87
escalation,73,22610639031,Google|IN|Dest|Country|XXX|KW|EN|MOD,GCC and Middle East,905.22,0.2299,22.9,22.75,100.8,22.9
escalation,74,22516914182,Google|IN|Dest|City|XXX|LGW|EN|MOD,UK+IE,1665.38,0.2776,22.94,23.44,104.4,22.94
escalation,75,22500542290,Google|IN|Dest|Country|XXX|TR|EN|MOD,Europe excl UK+IE,365.68,0.2623,23.09,20.36,100.8,23.09
escalation,76,22497094955,Google|IN|Dest|Country|XXX|IE|EN|MOD,UK+IE,219.9,0.2643,23.12,14.43,104.4,23.12
escalation,77,22610641341,Google|IN|O&D|Routes|BLR|DXB|EN|PHR,GCC and Middle East,267.33,0.2583,23.15,21.75,75.6,23.15
escalation,78,22520506075,Google|IN|Dest|City|XXX|DXB|EN|MOD,GCC and Middle East,6360.53,0.2414,23.37,25.71,104.4,23.37
escalation,79,22610637789,Google|IN|Dest|Country|XXX|AZ|EN|MOD,Europe excl UK+IE,471.11,0.2888,23.45,15.78,100.8,23.45
escalation,80,22500527173,Google|IN|Dest|City|XXX|CDG|EN|MOD,Europe excl UK+IE,1211.9,0.2779,23.51,21.16,104.4,23.51
escalation,81,22486395042,Google|IN|O&D|Routes|DEL|LHR|EN|PHR,UK+IE,162.17,0.2616,23.55,18.8,121.9,23.55
escalation,82,22490530779,Google|IN|Dest|City|XXX|BER|EN|PHR,Europe excl UK+IE,539.13,0.5924,23.66,9.66,101.9,23.66
escalation,83,22520505115,Google|IN|Dest|City|XXX|AUS|EN|MOD,North America,131.17,0.3312,23.87,11.24,100.8,23.87
escalation,84,22516915136,Google|IN|Dest|City|XXX|CPT|EN|MOD,Africa,184.82,0.2525,23.96,14.55,104.4,23.96
escalation,85,23869220366,Google|IN|O&D|Routes|GOX|LHR|EN|MOD,UK+IE,338.44,0.3187,24.12,19.22,80.4,24.12
escalation,86,22610635383,Google|IN|Dest|Country|XXX|GE|EN|MOD,Europe excl UK+IE,309.77,0.2614,24.26,13.08,100.8,24.26
escalation,87,22492936451,Google|IN|O&D|Routes|DEL|DXB|EN|MOD,GCC and Middle East,253.48,0.2107,24.33,21.09,75.6,24.33
escalation,88,22490531985,Google|IN|O&D|Country|IN|DE|EN|MOD,Europe excl UK+IE,168.21,0.2261,24.52,18.3,208.3,24.52
escalation,89,22497092321,Google|IN|Dest|City|XXX|LOS|EN|MOD,Africa,122.09,0.2672,24.62,11.63,104.4,24.62
escalation,90,22500543019,Google|IN|O&D|Country|IN|AE|EN|MOD,GCC and Middle East,2127.62,0.2439,24.67,27.93,100.8,24.67
escalation,91,22510466856,Google|IN|Dest|City|XXX|JNB|EN|MOD,Africa,164.6,0.2544,24.86,13.81,104.4,24.86
escalation,92,22510469172,Google|IN|Dest|City|XXX|BRU|EN|MOD,Europe excl UK+IE,114.25,0.2505,24.89,13.98,104.4,24.89
escalation,93,22516915643,Google|IN|Dest|City|XXX|VIE|EN|MOD,Europe excl UK+IE,184.71,0.279,25.11,16.18,104.4,25.11
escalation,94,22490530923,Google|IN|Dest|City|XXX|AMS|EN|MOD,Europe excl UK+IE,287.35,0.2668,25.16,17.78,104.4,25.16
escalation,95,22510469970,Google|IN|Dest|City|XXX|AKL|EN|MOD,Oceania,223.22,0.25,25.16,17.47,104.4,25.16
escalation,96,22500538720,Google|IN|Dest|City|XXX|JFK|EN|MOD,North America,850.41,0.3012,25.64,24.14,104.4,25.64
escalation,97,22490530536,Google|IN|Dest|Country|XXX|IT|EN|MOD,Europe excl UK+IE,363.21,0.2064,25.95,18.5,208.3,25.95
escalation,98,22490528847,Google|IN|Dest|City|XXX|LAX|EN|MOD,North America,158.67,0.2708,26.08,17.51,104.4,26.08
escalation,99,22497092852,Google|IN|Dest|City|XXX|CDG|EN|PHR,Europe excl UK+IE,108.63,0.2605,26.29,15.45,104.4,26.29
escalation,100,22510467984,Google|IN|Dest|City|XXX|IST|EN|MOD,Europe excl UK+IE,360.86,0.2362,26.45,19.87,104.4,26.45
budget_wall,1,22497094301,Google|IN|Dest|Country|XXX|QA|EN|MOD,GCC and Middle East,167.7,0.1908,37.43,25.67,208.3,2.34
budget_wall,2,22490532207,Google|IN|Dest|Country|XXX|US|EN|MOD,North America,1392.34,0.2706,28.04,22.09,208.3,2.304
budget_wall,3,22500540688,Google|IN|Dest|Country|XXX|CH|EN|MOD,Europe excl UK+IE,388.02,0.1943,33.88,21.26,208.3,2.296
budget_wall,4,22497092081,Google|IN|Dest|Country|XXX|GB|EN|MOD,UK+IE,139.2,0.2583,22.09,19.39,208.3,2.277
budget_wall,5,22490530527,Google|IN|Dest|Country|XXX|DE|EN|MOD,Europe excl UK+IE,221.95,0.195,30.33,18.84,208.3,2.271
budget_wall,6,22490530536,Google|IN|Dest|Country|XXX|IT|EN|MOD,Europe excl UK+IE,363.21,0.2064,25.95,18.5,208.3,2.268
budget_wall,7,22490531985,Google|IN|O&D|Country|IN|DE|EN|MOD,Europe excl UK+IE,168.21,0.2261,24.52,18.3,208.3,2.266
budget_wall,8,22497094031,Google|IN|Dest|Country|XXX|ES|EN|MOD,Europe excl UK+IE,139.81,0.2148,33.94,16.92,208.3,2.252
budget_wall,9,22497094298,Google|IN|Dest|Country|XXX|GR|EN|MOD,Europe excl UK+IE,102.79,0.2094,31.39,16.91,208.3,2.252
budget_wall,10,22497093278,Google|IN|Dest|Country|XXX|FR|EN|MOD,Europe excl UK+IE,139.83,0.2248,35.63,16.58,208.3,2.249
budget_wall,11,22500541909,Google|IN|Dest|Country|XXX|ZA|EN|MOD,Africa,110.51,0.2058,30.81,15.85,208.3,2.242
budget_wall,12,22497094049,Google|IN|O&D|Country|IN|ES|EN|MOD,Europe excl UK+IE,115.83,0.2331,27.61,14.12,208.3,2.224
budget_wall,13,22490522127,Google|IN|O&D|Country|IN|IT|EN|MOD,Europe excl UK+IE,179.97,0.2359,22.0,13.77,208.3,2.221
budget_wall,14,22620587227,Google|IN|O&D|Country|IN|EG|EN|MOD,Africa,188.01,0.2663,18.86,13.63,208.3,2.219
budget_wall,15,22500542284,Google|IN|O&D|Country|IN|US|EN|MOD,North America,4968.07,0.9033,4.82,11.21,208.3,2.195
budget_wall,16,22496382883,Google|IN|O&D|Routes|HYD|DFW|EN|MOD,North America,125.21,0.3527,13.58,7.8,208.3,2.161
budget_wall,17,22500539503,Google|IN|Dest|City|XXX|LHR|EN|MOD,UK+IE,528.5,0.2629,32.76,21.96,121.9,1.439
budget_wall,18,22497093599,Google|IN|Dest|City|XXX|LHR|EN|PHR,UK+IE,108.46,0.2847,36.58,20.05,121.9,1.42
budget_wall,19,22486395042,Google|IN|O&D|Routes|DEL|LHR|EN|PHR,UK+IE,162.17,0.2616,23.55,18.8,121.9,1.407
budget_wall,20,22492934315,Google|IN|O&D|Routes|DEL|LHR|EN|MOD,UK+IE,255.47,0.2735,21.95,18.51,121.9,1.404
budget_wall,21,22496380930,Google|IN|O&D|Routes|BOM|LHR|EN|MOD,UK+IE,101.74,0.2803,26.96,15.31,121.9,1.372
budget_wall,22,22490529492,Google|IN|Dest|City|XXX|MAN|EN|MOD,UK+IE,415.59,0.2912,50.58,29.11,104.4,1.335
budget_wall,23,22510458438,Google|IN|Dest|City|XXX|ZRH|EN|MOD,Europe excl UK+IE,1391.86,0.2418,49.35,28.2,104.4,1.326
budget_wall,24,22620584344,Google|IN|Dest|City|XXX|RUH|EN|MOD,GCC and Middle East,1170.34,0.2415,59.34,27.85,104.4,1.323
budget_wall,25,22497090164,Google|IN|Dest|City|XXX|YYZ|EN|MOD,North America,1119.87,0.276,49.73,27.4,104.4,1.318
budget_wall,26,22616996054,Google|IN|Dest|City|XXX|RUH|EN|PHR,GCC and Middle East,231.65,0.2133,34.31,26.71,104.4,1.311
budget_wall,27,22510468308,Google|IN|Dest|City|XXX|AUH|EN|MOD,GCC and Middle East,903.06,0.2423,35.91,26.34,104.4,1.307
budget_wall,28,22520507734,Google|IN|Dest|City|XXX|DXB|EN|PHR,GCC and Middle East,5356.44,0.242,16.83,26.06,104.4,1.305
budget_wall,29,22520506075,Google|IN|Dest|City|XXX|DXB|EN|MOD,GCC and Middle East,6360.53,0.2414,23.37,25.71,104.4,1.301
budget_wall,30,22516909655,Google|IN|Dest|City|XXX|AUH|EN|PHR,GCC and Middle East,180.36,0.2766,41.19,24.57,104.4,1.29
budget_wall,31,22500543019,Google|IN|O&D|Country|IN|AE|EN|MOD,GCC and Middle East,2127.62,0.2439,24.67,27.93,100.8,1.287
budget_wall,32,22500538720,Google|IN|Dest|City|XXX|JFK|EN|MOD,North America,850.41,0.3012,25.64,24.14,104.4,1.285
budget_wall,33,22490532852,Google|IN|Dest|Country|XXX|AE|EN|MOD,GCC and Middle East,2174.65,0.232,36.64,27.7,100.8,1.285
budget_wall,34,22500538714,Google|IN|Dest|City|XXX|IAD|EN|MOD,North America,161.98,0.2951,19.06,23.86,104.4,1.283
budget_wall,35,22616986757,Google|IN|Dest|City|XXX|KWI|EN|MOD,GCC and Middle East,243.69,0.2221,33.06,23.58,104.4,1.28
budget_wall,36,22516914182,Google|IN|Dest|City|XXX|LGW|EN|MOD,UK+IE,1665.38,0.2776,22.94,23.44,104.4,1.278
budget_wall,37,22616995394,Google|IN|Dest|City|XXX|KWI|EN|PHR,GCC and Middle East,106.61,0.2158,31.4,22.95,104.4,1.274
budget_wall,38,22500542536,Google|IN|Dest|Country|XXX|CA|EN|MOD,North America,1741.36,0.3127,16.96,22.62,104.4,1.27
budget_wall,39,22497091433,Google|IN|Dest|Country|XXX|SA|EN|MOD,GCC and Middle East,1151.37,0.2391,29.47,26.19,100.8,1.27
budget_wall,40,22497092795,Google|IN|Dest|City|XXX|AMS|EN|PHR,Europe excl UK+IE,250.98,0.2625,28.64,22.53,104.4,1.269
budget_wall,41,22500540160,Google|IN|Dest|City|XXX|MAN|EN|PHR,UK+IE,193.37,0.3351,15.08,22.22,104.4,1.266
budget_wall,42,22516912958,Google|IN|Dest|City|XXX|AUS|EN|PHR,North America,1219.64,0.2625,22.6,25.74,100.8,1.265
budget_wall,43,22490530749,Google|IN|Dest|City|XXX|YYZ|EN|PHR,North America,328.92,0.3522,28.12,21.49,104.4,1.259
budget_wall,44,22500527173,Google|IN|Dest|City|XXX|CDG|EN|MOD,Europe excl UK+IE,1211.9,0.2779,23.51,21.16,104.4,1.256
budget_wall,45,22490528868,Google|IN|Dest|City|XXX|FRA|EN|MOD,Europe excl UK+IE,572.67,0.264,20.53,20.7,104.4,1.251
budget_wall,46,22516915157,Google|IN|Dest|City|XXX|BUD|EN|MOD,Europe excl UK+IE,109.67,0.2728,22.28,20.26,104.4,1.247
budget_wall,47,22510467984,Google|IN|Dest|City|XXX|IST|EN|MOD,Europe excl UK+IE,360.86,0.2362,26.45,19.87,104.4,1.243
budget_wall,48,22616994200,Google|IN|O&D|Country|IN|KW|EN|MOD,GCC and Middle East,422.27,0.2309,20.48,22.97,100.8,1.238
budget_wall,49,22490534610,Google|IN|O&D|Country|IN|CA|EN|MOD,North America,483.0,0.3226,16.21,19.25,104.4,1.236
budget_wall,50,22610639031,Google|IN|Dest|Country|XXX|KW|EN|MOD,GCC and Middle East,905.22,0.2299,22.9,22.75,100.8,1.236
budget_wall,51,22490530014,Google|IN|Dest|City|XXX|SFO|EN|MOD,North America,175.0,0.2997,28.91,19.08,104.4,1.235
budget_wall,52,22610640174,Google|IN|Dest|City|XXX|CAI|EN|MOD,Africa,367.7,0.2586,18.84,18.84,104.4,1.232
budget_wall,53,22490528793,Google|IN|Dest|City|XXX|ORD|EN|MOD,North America,227.83,0.291,31.01,18.76,104.4,1.232
budget_wall,54,22516915604,Google|IN|Dest|City|XXX|FCO|EN|MOD,Europe excl UK+IE,321.86,0.2548,28.84,18.65,104.4,1.231
budget_wall,55,22500540868,Google|IN|Dest|City|XXX|SFO|EN|PHR,North America,203.08,0.3124,29.32,18.65,104.4,1.231
budget_wall,56,22490534601,Google|IN|O&D|Country|IN|SA|EN|MOD,GCC and Middle East,216.41,0.2063,19.45,21.88,100.8,1.227
budget_wall,57,22492954796,Google|IN|O&D|Routes|DEL|DXB|EN|PHR,GCC and Middle East,1706.01,0.2399,10.15,21.85,100.8,1.227
budget_wall,58,22616994170,Google|IN|Dest|City|XXX|GYD|EN|PHR,Europe excl UK+IE,180.31,0.289,21.63,18.23,104.4,1.226
budget_wall,59,22490530923,Google|IN|Dest|City|XXX|AMS|EN|MOD,Europe excl UK+IE,287.35,0.2668,25.16,17.78,104.4,1.222
budget_wall,60,22610639676,Google|IN|Dest|City|XXX|TBS|EN|MOD,Europe excl UK+IE,256.61,0.2823,20.44,17.64,104.4,1.22
budget_wall,61,22490528847,Google|IN|Dest|City|XXX|LAX|EN|MOD,North America,158.67,0.2708,26.08,17.51,104.4,1.219
budget_wall,62,22500539032,Google|IN|Dest|City|XXX|SEA|EN|MOD,North America,107.41,0.2919,30.96,17.5,104.4,1.219
budget_wall,63,22510469970,Google|IN|Dest|City|XXX|AKL|EN|MOD,Oceania,223.22,0.25,25.16,17.47,104.4,1.219
budget_wall,64,22500542290,Google|IN|Dest|Country|XXX|TR|EN|MOD,Europe excl UK+IE,365.68,0.2623,23.09,20.36,100.8,1.212
budget_wall,65,22620581482,Google|IN|Dest|City|XXX|GYD|EN|MOD,Europe excl UK+IE,227.02,0.2968,27.2,16.51,104.4,1.209
budget_wall,66,22490531895,Google|IN|Dest|Country|XXX|FI|EN|MOD,Europe excl UK+IE,566.83,0.234,20.47,20.07,100.8,1.209
budget_wall,67,22497092357,Google|IN|Dest|City|XXX|EDI|EN|MOD,UK+IE,507.87,0.2422,20.55,16.44,104.4,1.208
budget_wall,68,22496406433,Google|IN|O&D|Routes|BLR|LHR|EN|PHR,UK+IE,124.08,0.2833,22.87,20.03,100.8,1.208
budget_wall,69,22510470216,Google|IN|Dest|City|XXX|MXP|EN|MOD,Europe excl UK+IE,243.8,0.2999,27.24,16.36,104.4,1.208
budget_wall,70,22516909646,Google|IN|Dest|City|XXX|MAD|EN|MOD,Europe excl UK+IE,180.94,0.2697,27.5,16.23,104.4,1.206
budget_wall,71,22520506243,Google|IN|Dest|City|XXX|ATH|EN|MOD,Europe excl UK+IE,212.04,0.2437,21.19,16.21,104.4,1.206
budget_wall,72,22516915643,Google|IN|Dest|City|XXX|VIE|EN|MOD,Europe excl UK+IE,184.71,0.279,25.11,16.18,104.4,1.206
budget_wall,73,22490530269,Google|IN|Dest|Country|XXX|NZ|EN|MOD,Oceania,703.29,0.2483,20.61,19.73,100.8,1.205
budget_wall,74,22620584359,Google|IN|O&D|Routes|CCU|DXB|EN|PHR,GCC and Middle East,154.61,0.2332,20.11,19.51,100.8,1.203
budget_wall,75,22620582667,Google|IN|Dest|Country|XXX|KE|EN|MOD,Africa,257.78,0.2647,28.44,19.17,100.8,1.2
budget_wall,76,22497092852,Google|IN|Dest|City|XXX|CDG|EN|PHR,Europe excl UK+IE,108.63,0.2605,26.29,15.45,104.4,1.199
budget_wall,77,22496381938,Google|IN|O&D|Routes|DEL|JFK|EN|MOD,North America,216.66,0.3135,17.18,18.95,100.8,1.198
budget_wall,78,22520508160,Google|IN|Dest|City|XXX|LIS|EN|MOD,Europe excl UK+IE,302.34,0.2741,17.28,15.24,104.4,1.196
budget_wall,79,22620577378,Google|IN|O&D|Routes|CCU|DXB|EN|MOD,GCC and Middle East,452.72,0.2426,14.47,18.69,100.8,1.195
budget_wall,80,22516916330,Google|IN|Dest|City|XXX|LIS|EN|PHR,Europe excl UK+IE,174.75,0.2874,19.48,15.03,104.4,1.194
budget_wall,81,22516908371,Google|IN|Dest|City|XXX|GVA|EN|MOD,Europe excl UK+IE,111.59,0.2577,30.24,15.01,104.4,1.194
budget_wall,82,22500539506,Google|IN|Dest|City|XXX|DUB|EN|MOD,UK+IE,324.44,0.2936,16.47,14.96,104.4,1.194
budget_wall,83,22497090410,Google|IN|Dest|City|XXX|DFW|EN|PHR,North America,126.9,0.3029,29.11,14.56,104.4,1.19
budget_wall,84,22516915136,Google|IN|Dest|City|XXX|CPT|EN|MOD,Africa,184.82,0.2525,23.96,14.55,104.4,1.19
budget_wall,85,22497094955,Google|IN|Dest|Country|XXX|IE|EN|MOD,UK+IE,219.9,0.2643,23.12,14.43,104.4,1.188
budget_wall,86,22510469172,Google|IN|Dest|City|XXX|BRU|EN|MOD,Europe excl UK+IE,114.25,0.2505,24.89,13.98,104.4,1.184
budget_wall,87,22500538267,Google|IN|Dest|City|XXX|BER|EN|MOD,Europe excl UK+IE,2310.44,0.4886,20.55,16.47,101.9,1.184
budget_wall,88,22497096389,Google|IN|O&D|Country|IN|BR|EN|MOD,other,240.98,0.2454,15.79,13.86,104.4,1.183
budget_wall,89,22490530773,Google|IN|Dest|City|XXX|WAW|EN|MOD,Europe excl UK+IE,141.92,0.2566,22.23,13.85,104.4,1.183
budget_wall,90,22510466856,Google|IN|Dest|City|XXX|JNB|EN|MOD,Africa,164.6,0.2544,24.86,13.81,104.4,1.182
budget_wall,91,22610648349,Google|IN|O&D|Country|IN|GE|EN|MOD,Europe excl UK+IE,744.84,0.2682,7.27,17.33,100.8,1.181
budget_wall,92,22510468023,Google|IN|Dest|City|XXX|PRG|EN|MOD,Europe excl UK+IE,151.01,0.3008,26.73,13.45,104.4,1.179
budget_wall,93,22490534382,Google|IN|O&D|Country|IN|NZ|EN|MOD,Oceania,722.35,0.2627,10.69,16.93,100.8,1.177
budget_wall,94,22490531994,Google|IN|O&D|Country|IN|FI|EN|MOD,Europe excl UK+IE,847.66,0.2569,9.57,15.8,100.8,1.166
budget_wall,95,22610637789,Google|IN|Dest|Country|XXX|AZ|EN|MOD,Europe excl UK+IE,471.11,0.2888,23.45,15.78,100.8,1.166
budget_wall,96,22520507695,Google|IN|Dest|City|XXX|BHX|EN|MOD,UK+IE,151.28,0.2898,18.74,11.86,104.4,1.163
budget_wall,97,22497092321,Google|IN|Dest|City|XXX|LOS|EN|MOD,Africa,122.09,0.2672,24.62,11.63,104.4,1.16
budget_wall,98,22500542152,Google|IN|Dest|Country|XXX|SE|EN|MOD,Europe excl UK+IE,108.6,0.2629,28.79,10.98,104.4,1.154
budget_wall,99,22486395543,Google|IN|O&D|Routes|HYD|AUS|EN|PHR,North America,196.93,0.3101,18.27,14.05,100.8,1.149
budget_wall,100,22497093974,Google|IN|Dest|Country|XXX|HU|EN|MOD,Europe excl UK+IE,103.6,0.3331,28.87,13.26,100.8,1.141
