budget_id,budget_name,daily_amount,period,delivery,status,enabled_campaigns,spend_4w,spend_per_day,utilisation_pct,dest_groups
15551442161,15551442161,1240.4,DAILY,STANDARD,,144,36272.02,1295.43,104.4,Europe excl UK+IE:62; North America:26; Africa:20; UK+IE:16; GCC and Middle East:14; other:4; Oceania:2
15561308605,15561308605,751.99,DAILY,STANDARD,,102,21228.22,758.15,100.8,Europe excl UK+IE:25; North America:24; GCC and Middle East:22; Africa:14; UK+IE:14; Oceania:2; other:1
15556065045,15556065045,184.99,DAILY,STANDARD,,161,10791.03,385.39,208.3,Europe excl UK+IE:83; North America:33; UK+IE:24; Africa:13; GCC and Middle East:8
15590721288,15590721288,446.28,DAILY,STANDARD,,453,9448.06,337.43,75.6,Europe excl UK+IE:166; North America:140; GCC and Middle East:68; UK+IE:47; Africa:25; Oceania:4; other:3
15839797560,15839797560,111.14,DAILY,STANDARD,,4,3172.06,113.29,101.9,Europe excl UK+IE:4
15551453642,15551453642,118.36,DAILY,STANDARD,,81,2664.05,95.14,80.4,North America:46; Europe excl UK+IE:19; UK+IE:14; Africa:2
15556041258,15556041258,69.67,DAILY,STANDARD,,24,1734.74,61.96,88.9,North America:14; Europe excl UK+IE:6; UK+IE:2; GCC and Middle East:2
15748426307,15748426307,37.16,DAILY,STANDARD,,8,1268.07,45.29,121.9,UK+IE:8
15736487415,15736487415,6.96,DAILY,STANDARD,,28,163.9,5.85,84.1,Europe excl UK+IE:11; GCC and Middle East:7; North America:5; UK+IE:3; Africa:2
15649869771,15649869771,4.7,DAILY,STANDARD,,16,122.17,4.36,92.8,other:16
