campaign_id,name,dest_group,dest_code,cost_12w,cost_4w,negatives_on_campaign,has_reverse_direction_negative
22500542284,Google|IN|O&D|Country|IN|US|EN|MOD,North America,US,73541.98,4968.07,0,no
22520506075,Google|IN|Dest|City|XXX|DXB|EN|MOD,GCC and Middle East,DXB,7304.3,6360.53,0,no
22500543019,Google|IN|O&D|Country|IN|AE|EN|MOD,GCC and Middle East,AE,7281.61,2127.62,0,no
22490532852,Google|IN|Dest|Country|XXX|AE|EN|MOD,GCC and Middle East,AE,7048.83,2174.65,0,no
22520507734,Google|IN|Dest|City|XXX|DXB|EN|PHR,GCC and Middle East,DXB,6579.48,5356.44,0,no
22516914182,Google|IN|Dest|City|XXX|LGW|EN|MOD,UK+IE,LGW,4960.23,1665.38,0,no
22500542536,Google|IN|Dest|Country|XXX|CA|EN|MOD,North America,CA,4816.35,1741.36,0,no
22490534610,Google|IN|O&D|Country|IN|CA|EN|MOD,North America,CA,4471.74,483.0,0,no
22516912958,Google|IN|Dest|City|XXX|AUS|EN|PHR,North America,AUS,3225.53,1219.64,0,no
22490532207,Google|IN|Dest|Country|XXX|US|EN|MOD,North America,US,3120.84,1392.34,0,no
22500538267,Google|IN|Dest|City|XXX|BER|EN|MOD,Europe excl UK+IE,BER,2839.43,2310.44,0,no
22610639031,Google|IN|Dest|Country|XXX|KW|EN|MOD,GCC and Middle East,KW,2575.55,905.22,0,no
22490530269,Google|IN|Dest|Country|XXX|NZ|EN|MOD,Oceania,NZ,2447.6,703.29,0,no
22497091433,Google|IN|Dest|Country|XXX|SA|EN|MOD,GCC and Middle East,SA,2333.51,1151.37,7,no
22492954796,Google|IN|O&D|Routes|DEL|DXB|EN|PHR,GCC and Middle East,DXB,1941.63,1706.01,0,no
22490531994,Google|IN|O&D|Country|IN|FI|EN|MOD,Europe excl UK+IE,FI,1931.95,847.66,0,no
22497090164,Google|IN|Dest|City|XXX|YYZ|EN|MOD,North America,YYZ,1924.9,1119.87,0,no
22490534382,Google|IN|O&D|Country|IN|NZ|EN|MOD,Oceania,NZ,1759.28,722.35,0,no
22500539503,Google|IN|Dest|City|XXX|LHR|EN|MOD,UK+IE,LHR,1751.0,528.5,0,no
22510458438,Google|IN|Dest|City|XXX|ZRH|EN|MOD,Europe excl UK+IE,ZRH,1734.38,1391.86,5,no
22610648349,Google|IN|O&D|Country|IN|GE|EN|MOD,Europe excl UK+IE,GE,1730.13,744.84,0,no
22610637789,Google|IN|Dest|Country|XXX|AZ|EN|MOD,Europe excl UK+IE,AZ,1719.13,471.11,1,no
22500538720,Google|IN|Dest|City|XXX|JFK|EN|MOD,North America,JFK,1716.54,850.41,0,no
22610635383,Google|IN|Dest|Country|XXX|GE|EN|MOD,Europe excl UK+IE,GE,1629.9,309.77,0,no
22620584344,Google|IN|Dest|City|XXX|RUH|EN|MOD,GCC and Middle East,RUH,1628.09,1170.34,3,no
22490531895,Google|IN|Dest|Country|XXX|FI|EN|MOD,Europe excl UK+IE,FI,1545.14,566.83,0,no
22500541894,Google|IN|Dest|Country|XXX|MT|EN|MOD,Europe excl UK+IE,MT,1519.57,554.72,0,no
22500527173,Google|IN|Dest|City|XXX|CDG|EN|MOD,Europe excl UK+IE,CDG,1487.31,1211.9,1,no
22490530527,Google|IN|Dest|Country|XXX|DE|EN|MOD,Europe excl UK+IE,DE,1374.7,221.95,0,no
22616994200,Google|IN|O&D|Country|IN|KW|EN|MOD,GCC and Middle East,KW,1362.87,422.27,0,no
22500540688,Google|IN|Dest|Country|XXX|CH|EN|MOD,Europe excl UK+IE,CH,1362.2,388.02,1,no
22610644695,Google|IN|O&D|Country|IN|KE|EN|MOD,Africa,KE,1333.3,551.34,0,no
22490522127,Google|IN|O&D|Country|IN|IT|EN|MOD,Europe excl UK+IE,IT,1294.41,179.97,0,no
23869220366,Google|IN|O&D|Routes|GOX|LHR|EN|MOD,UK+IE,LHR,1293.55,338.44,0,no
22492938893,Google|IN|O&D|Routes|BOM|LGW|EN|MOD,UK+IE,LGW,1217.07,534.73,0,no
22490530536,Google|IN|Dest|Country|XXX|IT|EN|MOD,Europe excl UK+IE,IT,1170.83,363.21,0,no
22497093815,Google|IN|Dest|Country|XXX|NO|EN|MOD,Europe excl UK+IE,NO,1130.75,411.88,0,no
22497093278,Google|IN|Dest|Country|XXX|FR|EN|MOD,Europe excl UK+IE,FR,1102.97,139.83,1,no
22510468308,Google|IN|Dest|City|XXX|AUH|EN|MOD,GCC and Middle East,AUH,1033.12,903.06,0,no
22497092081,Google|IN|Dest|Country|XXX|GB|EN|MOD,UK+IE,GB,1002.09,139.2,0,no
22620582667,Google|IN|Dest|Country|XXX|KE|EN|MOD,Africa,KE,930.96,257.78,0,no
22492934315,Google|IN|O&D|Routes|DEL|LHR|EN|MOD,UK+IE,LHR,918.74,255.47,0,no
22490531985,Google|IN|O&D|Country|IN|DE|EN|MOD,Europe excl UK+IE,DE,842.92,168.21,0,no
22497092357,Google|IN|Dest|City|XXX|EDI|EN|MOD,UK+IE,EDI,819.12,507.87,0,no
22497094955,Google|IN|Dest|Country|XXX|IE|EN|MOD,UK+IE,IE,815.01,219.9,0,no
22620587227,Google|IN|O&D|Country|IN|EG|EN|MOD,Africa,EG,809.68,188.01,0,no
22500542290,Google|IN|Dest|Country|XXX|TR|EN|MOD,Europe excl UK+IE,TR,790.25,365.68,0,no
22490530779,Google|IN|Dest|City|XXX|BER|EN|PHR,Europe excl UK+IE,BER,783.97,539.13,0,no
22616995877,Google|IN|O&D|Country|IN|AZ|EN|MOD,Europe excl UK+IE,AZ,762.13,358.45,0,no
22490528868,Google|IN|Dest|City|XXX|FRA|EN|MOD,Europe excl UK+IE,FRA,756.32,572.67,0,no
22497094040,Google|IN|O&D|Country|IN|NO|EN|MOD,Europe excl UK+IE,NO,727.6,240.23,0,no
22492467287,Google|IN|O&D|Routes|DEL|CDG|EN|MOD,Europe excl UK+IE,CDG,697.78,115.66,0,no
23965940602,Google|IN|O&D|Routes|CCU|SVO|EN|MOD,Europe excl UK+IE,SVO,678.69,288.84,0,no
22497094049,Google|IN|O&D|Country|IN|ES|EN|MOD,Europe excl UK+IE,ES,670.33,115.83,0,no
22486395042,Google|IN|O&D|Routes|DEL|LHR|EN|PHR,UK+IE,LHR,630.34,162.17,0,no
22490534601,Google|IN|O&D|Country|IN|SA|EN|MOD,GCC and Middle East,SA,587.2,216.41,0,no
22497094031,Google|IN|Dest|Country|XXX|ES|EN|MOD,Europe excl UK+IE,ES,587.03,139.81,0,no
22500540160,Google|IN|Dest|City|XXX|MAN|EN|PHR,UK+IE,MAN,585.32,193.37,0,no
22610639460,Google|IN|Dest|Country|XXX|EG|EN|MOD,Africa,EG,583.32,82.19,0,no
22497096389,Google|IN|O&D|Country|IN|BR|EN|MOD,other,BR,574.49,240.98,0,no
22490529492,Google|IN|Dest|City|XXX|MAN|EN|MOD,UK+IE,MAN,553.78,415.59,0,no
22620577378,Google|IN|O&D|Routes|CCU|DXB|EN|MOD,GCC and Middle East,DXB,548.38,452.72,0,no
22496378764,Google|IN|O&D|Routes|BLR|IAD|EN|MOD,North America,IAD,535.87,0,0,no
22497089507,Google|IN|O&D|Country|IN|FR|EN|MOD,Europe excl UK+IE,FR,523.61,73.72,0,no
22497094301,Google|IN|Dest|Country|XXX|QA|EN|MOD,GCC and Middle East,QA,518.08,167.7,106,no
22492577912,Google|IN|O&D|Routes|BLR|ARN|EN|MOD,Europe excl UK+IE,ARN,496.2,0,0,no
22516909646,Google|IN|Dest|City|XXX|MAD|EN|MOD,Europe excl UK+IE,MAD,496.16,180.94,0,no
22497093818,Google|IN|Dest|Country|XXX|PL|EN|MOD,Europe excl UK+IE,PL,489.18,98.7,0,no
22520507962,Google|IN|O&D|Country|IN|PT|EN|MOD,Europe excl UK+IE,PT,471.68,81.47,0,no
22490530014,Google|IN|Dest|City|XXX|SFO|EN|MOD,North America,SFO,467.67,175.0,0,no
22510467984,Google|IN|Dest|City|XXX|IST|EN|MOD,Europe excl UK+IE,IST,463.08,360.86,0,no
22497093266,Google|IN|O&D|Country|IN|GB|EN|MOD,UK+IE,GB,446.6,80.8,0,no
22490528793,Google|IN|Dest|City|XXX|ORD|EN|MOD,North America,ORD,441.41,227.83,0,no
22492936451,Google|IN|O&D|Routes|DEL|DXB|EN|MOD,GCC and Middle East,DXB,440.93,253.48,0,no
22490534862,Google|IN|O&D|Country|IN|IE|EN|MOD,UK+IE,IE,432.37,170.33,0,no
22616983619,Google|IN|O&D|Routes|MAA|DXB|EN|MOD,GCC and Middle East,DXB,428.98,284.06,1,no
22490530923,Google|IN|Dest|City|XXX|AMS|EN|MOD,Europe excl UK+IE,AMS,422.09,287.35,0,no
22510468215,Google|IN|Dest|Country|XXX|PT|EN|MOD,Europe excl UK+IE,PT,417.38,48.58,0,no
22500521899,Google|IN|O&D|Country|IN|PL|EN|MOD,Europe excl UK+IE,PL,415.62,88.91,0,no
22516915604,Google|IN|Dest|City|XXX|FCO|EN|MOD,Europe excl UK+IE,FCO,415.45,321.86,0,no
22490530749,Google|IN|Dest|City|XXX|YYZ|EN|PHR,North America,YYZ,398.73,328.92,0,no
22500539506,Google|IN|Dest|City|XXX|DUB|EN|MOD,UK+IE,DUB,396.91,324.44,0,no
22610641341,Google|IN|O&D|Routes|BLR|DXB|EN|PHR,GCC and Middle East,DXB,393.08,267.33,0,no
22510470216,Google|IN|Dest|City|XXX|MXP|EN|MOD,Europe excl UK+IE,MXP,390.6,243.8,3,no
22610640174,Google|IN|Dest|City|XXX|CAI|EN|MOD,Africa,CAI,387.23,367.7,0,no
22520508160,Google|IN|Dest|City|XXX|LIS|EN|MOD,Europe excl UK+IE,LIS,383.48,302.34,0,no
22490534115,Google|IN|O&D|Country|IN|SE|EN|MOD,Europe excl UK+IE,SE,380.73,138.06,0,no
22497093599,Google|IN|Dest|City|XXX|LHR|EN|PHR,UK+IE,LHR,377.45,108.46,0,no
22496381887,Google|IN|O&D|Routes|BLR|EDI|EN|MOD,UK+IE,EDI,366.96,82.04,0,no
22492938146,Google|IN|O&D|Routes|BOM|LHR|EN|PHR,UK+IE,LHR,364.12,53.33,0,no
22500513292,Google|IN|Dest|City|XXX|ATL|EN|MOD,North America,ATL,357.44,273.99,1,no
22492952843,Google|IN|O&D|Routes|DEL|CDG|EN|PHR,Europe excl UK+IE,CDG,350.58,78.84,0,no
22497093353,Google|IN|Dest|Country|XXX|NL|EN|MOD,Europe excl UK+IE,NL,346.84,43.91,0,no
22486395543,Google|IN|O&D|Routes|HYD|AUS|EN|PHR,North America,AUS,345.76,196.93,0,no
22497094298,Google|IN|Dest|Country|XXX|GR|EN|MOD,Europe excl UK+IE,GR,345.38,102.79,0,no
22620585751,Google|IN|O&D|Routes|MAA|DXB|EN|PHR,GCC and Middle East,DXB,342.26,194.3,0,no
22497094034,Google|IN|O&D|Country|IN|TZ|EN|MOD,Africa,TZ,341.41,129.53,0,no
22616996054,Google|IN|Dest|City|XXX|RUH|EN|PHR,GCC and Middle East,RUH,336.85,231.65,0,no
22496379343,Google|IN|O&D|Routes|BLR|BER|EN|MOD,Europe excl UK+IE,BER,331.43,213.16,0,no
22496382883,Google|IN|O&D|Routes|HYD|DFW|EN|MOD,North America,DFW,330.96,125.21,1,no
22490530314,Google|IN|O&D|Country|IN|GR|EN|MOD,Europe excl UK+IE,GR,329.89,76.55,0,no
22500541909,Google|IN|Dest|Country|XXX|ZA|EN|MOD,Africa,ZA,325.59,110.51,0,no
22620573574,Google|IN|O&D|Routes|BLR|DXB|EN|MOD,GCC and Middle East,DXB,320.75,163.08,0,no
22500542152,Google|IN|Dest|Country|XXX|SE|EN|MOD,Europe excl UK+IE,SE,318.89,108.6,0,no
22490534607,Google|IN|O&D|Country|IN|CH|EN|MOD,Europe excl UK+IE,CH,316.58,45.62,0,no
22510468305,Google|IN|Dest|City|XXX|CPH|EN|MOD,Europe excl UK+IE,CPH,315.83,142.45,0,no
22486378452,Google|IN|O&D|Routes|MAA|EDI|EN|MOD,UK+IE,EDI,315.51,64.39,0,no
22496060845,Google|IN|O&D|Routes|HYD|LHR|EN|MOD,UK+IE,LHR,315.09,174.97,0,no
22516914164,Google|IN|Dest|Country|XXX|ZM|EN|MOD,Africa,ZM,313.02,57.66,0,no
22496379835,Google|IN|O&D|Routes|DEL|YYZ|EN|MOD,North America,YYZ,312.75,83.26,0,no
22492939574,Google|IN|O&D|Routes|BOM|CDG|EN|MOD,Europe excl UK+IE,CDG,310.69,173.16,0,no
22497093974,Google|IN|Dest|Country|XXX|HU|EN|MOD,Europe excl UK+IE,HU,307.1,103.6,0,no
22510468008,Google|IN|Dest|Country|XXX|CY|EN|MOD,Europe excl UK+IE,CY,306.53,79.87,0,no
22496380930,Google|IN|O&D|Routes|BOM|LHR|EN|MOD,UK+IE,LHR,302.58,101.74,0,no
22500542539,Google|IN|O&D|Country|IN|MT|EN|MOD,Europe excl UK+IE,MT,299.98,0,0,no
22496390872,Google|IN|O&D|Routes|DEL|BER|EN|MOD,Europe excl UK+IE,BER,299.6,0,0,no
22497093347,Google|IN|Dest|Country|XXX|BR|EN|MOD,other,BR,298.19,91.47,0,no
22610639676,Google|IN|Dest|City|XXX|TBS|EN|MOD,Europe excl UK+IE,TBS,296.58,256.61,0,no
22497092795,Google|IN|Dest|City|XXX|AMS|EN|PHR,Europe excl UK+IE,AMS,294.5,250.98,0,no
22492910153,Google|IN|O&D|Routes|BLR|CDG|EN|MOD,Europe excl UK+IE,CDG,292.61,0,0,no
22496381938,Google|IN|O&D|Routes|DEL|JFK|EN|MOD,North America,JFK,290.76,216.66,0,no
22490522109,Google|IN|O&D|Country|IN|AM|EN|MOD,Europe excl UK+IE,AM,286.49,110.72,0,no
22620581482,Google|IN|Dest|City|XXX|GYD|EN|MOD,Europe excl UK+IE,GYD,283.54,227.02,0,no
23174256913,Google|IN|Dest|City|XXX|RSI|EN|MOD,GCC and Middle East,RSI,280.55,212.07,0,no
22620584359,Google|IN|O&D|Routes|CCU|DXB|EN|PHR,GCC and Middle East,DXB,278.97,154.61,0,no
22500526312,Google|IN|O&D|Country|IN|HU|EN|MOD,Europe excl UK+IE,HU,272.53,132.15,0,no
22496393890,Google|IN|O&D|Routes|HYD|LHR|EN|PHR,UK+IE,LHR,272.16,213.25,0,no
22516909655,Google|IN|Dest|City|XXX|AUH|EN|PHR,GCC and Middle East,AUH,269.21,180.36,0,no
22510467720,Google|IN|Dest|City|XXX|FCO|EN|PHR,Europe excl UK+IE,FCO,266.97,59.0,0,no
22500539641,Google|IN|Dest|City|XXX|IAH|EN|MOD,North America,IAH,262.87,192.75,1,no
22520506243,Google|IN|Dest|City|XXX|ATH|EN|MOD,Europe excl UK+IE,ATH,262.14,212.04,0,no
22490532201,Google|IN|Dest|Country|XXX|TZ|EN|MOD,Africa,TZ,257.78,84.06,0,no
22492944398,Google|IN|O&D|Routes|DEL|YYZ|EN|PHR,North America,YYZ,256.03,75.78,0,no
22516915643,Google|IN|Dest|City|XXX|VIE|EN|MOD,Europe excl UK+IE,VIE,255.72,184.71,0,no
22510469970,Google|IN|Dest|City|XXX|AKL|EN|MOD,Oceania,AKL,254.14,223.22,0,no
22616986757,Google|IN|Dest|City|XXX|KWI|EN|MOD,GCC and Middle East,KWI,251.45,243.69,0,no
22520505115,Google|IN|Dest|City|XXX|AUS|EN|MOD,North America,AUS,247.76,131.17,0,no
22497090644,Google|IN|Dest|Country|XXX|AM|EN|MOD,Europe excl UK+IE,AM,243.88,76.89,0,no
22516916330,Google|IN|Dest|City|XXX|LIS|EN|PHR,Europe excl UK+IE,LIS,242.77,174.75,0,no
22486373748,Google|IN|O&D|Routes|DEL|BUD|EN|MOD,Europe excl UK+IE,BUD,237.28,77.04,0,no
22496377363,Google|IN|O&D|Routes|DEL|WAW|EN|MOD,Europe excl UK+IE,WAW,232.64,0,0,no
22516915157,Google|IN|Dest|City|XXX|BUD|EN|MOD,Europe excl UK+IE,BUD,232.03,109.67,0,no
22486380408,Google|IN|O&D|Routes|CCJ|DXB|EN|MOD,GCC and Middle East,DXB,227.84,187.06,0,no
22520507695,Google|IN|Dest|City|XXX|BHX|EN|MOD,UK+IE,BHX,226.88,151.28,0,no
22496391049,Google|IN|O&D|Routes|BOM|YYZ|EN|MOD,North America,YYZ,226.66,50.93,0,no
22490529510,Google|IN|Dest|City|XXX|OSL|EN|MOD,Europe excl UK+IE,OSL,226.57,78.55,0,no
22490529516,Google|IN|Dest|City|XXX|ORD|EN|PHR,North America,ORD,224.53,72.51,0,no
22500538714,Google|IN|Dest|City|XXX|IAD|EN|MOD,North America,IAD,222.97,161.98,0,no
22516915136,Google|IN|Dest|City|XXX|CPT|EN|MOD,Africa,CPT,221.76,184.82,1,no
22497092306,Google|IN|Dest|Country|XXX|CZ|EN|MOD,Europe excl UK+IE,CZ,220.84,0,0,no
22500540868,Google|IN|Dest|City|XXX|SFO|EN|PHR,North America,SFO,218.81,203.08,1,no
22486377804,Google|IN|O&D|Routes|DEL|BCN|EN|MOD,Europe excl UK+IE,BCN,217.22,44.99,0,no
23863478115,Google|IN|O&D|Routes|GOX|DUB|EN|MOD,UK+IE,DUB,216.7,72.05,0,no
22520509396,Google|IN|O&D|Country|IN|RS|EN|MOD,Europe excl UK+IE,RS,215.5,62.62,0,no
22610638245,Google|IN|O&D|Routes|DEL|RUH|EN|MOD,GCC and Middle East,RUH,215.17,88.58,0,no
23961332057,Google|IN|O&D|Routes|CCU|JED|EN|MOD,GCC and Middle East,JED,215.07,64.91,0,no
22500542578,Google|IN|O&D|Country|IN|RO|EN|MOD,Europe excl UK+IE,RO,212.4,89.41,0,no
22496391277,Google|IN|O&D|Routes|COK|FRA|EN|MOD,Europe excl UK+IE,FRA,207.73,0,0,no
22490532120,Google|IN|O&D|Country|IN|HR|EN|MOD,Europe excl UK+IE,HR,207.02,30.96,0,no
22496389183,Google|IN|O&D|Routes|BLR|BER|EN|PHR,Europe excl UK+IE,BER,205.44,109.33,0,no
22492916324,Google|IN|O&D|Routes|ATQ|YYZ|EN|MOD,North America,YYZ,204.71,98.57,0,no
22490528847,Google|IN|Dest|City|XXX|LAX|EN|MOD,North America,LAX,203.81,158.67,0,no
22492934873,Google|IN|O&D|Routes|BOM|MXP|EN|MOD,Europe excl UK+IE,MXP,202.85,53.23,0,no
22486379493,Google|IN|O&D|Routes|BOM|BER|EN|MOD,Europe excl UK+IE,BER,199.99,0,0,no
22490530773,Google|IN|Dest|City|XXX|WAW|EN|MOD,Europe excl UK+IE,WAW,198.85,141.92,0,no
22497092321,Google|IN|Dest|City|XXX|LOS|EN|MOD,Africa,LOS,196.79,122.09,0,no
23940393014,Google|IN|O&D|Country|IN|CO|EN|MOD,other,CO,195.21,39.08,0,no
22490532894,Google|IN|O&D|Country|IN|ZA|EN|MOD,Africa,ZA,194.81,67.73,0,no
22510468023,Google|IN|Dest|City|XXX|PRG|EN|MOD,Europe excl UK+IE,PRG,194.24,151.01,0,no
22500540892,Google|IN|Dest|Country|XXX|RO|EN|MOD,Europe excl UK+IE,RO,193.61,65.13,0,no
22492938650,Google|IN|O&D|Routes|BOM|EDI|EN|MOD,UK+IE,EDI,190.76,79.94,0,no
22492941098,Google|IN|O&D|Routes|HYD|CDG|EN|MOD,Europe excl UK+IE,CDG,189.58,55.61,0,no
23873700664,Google|IN|O&D|Routes|GOX|LHR|EN|PHR,UK+IE,LHR,188.97,106.47,0,no
22510466856,Google|IN|Dest|City|XXX|JNB|EN|MOD,Africa,JNB,188.76,164.6,0,no
22616994170,Google|IN|Dest|City|XXX|GYD|EN|PHR,Europe excl UK+IE,GYD,188.35,180.31,0,no
22490531643,Google|IN|Dest|City|XXX|SEA|EN|PHR,North America,SEA,184.17,58.76,0,no
22516913888,Google|IN|Dest|City|XXX|OTP|EN|MOD,Europe excl UK+IE,OTP,183.27,60.56,0,no
22516916333,Google|IN|O&D|Country|IN|ZM|EN|MOD,Africa,ZM,182.79,68.77,0,no
23956244556,Google|IN|O&D|Routes|BLR|MXP|EN|MOD,Europe excl UK+IE,MXP,182.48,49.59,0,no
22616985539,Google|IN|O&D|Routes|ATQ|BHX|EN|MOD,UK+IE,BHX,179.18,61.73,0,no
22497092852,Google|IN|Dest|City|XXX|CDG|EN|PHR,Europe excl UK+IE,CDG,178.39,108.63,1,no
22497093803,Google|IN|Dest|City|XXX|EDI|EN|PHR,UK+IE,EDI,178.08,74.55,0,no
22520505805,Google|IN|Dest|City|XXX|LCA|EN|MOD,Europe excl UK+IE,LCA,176.03,89.07,0,no
22510465332,Google|IN|O&D|Country|IN|CY|EN|MOD,Europe excl UK+IE,CY,175.24,76.92,0,no
22496405236,Google|IN|O&D|Routes|BOM|EDI|EN|PHR,UK+IE,EDI,174.89,100.45,0,no
22496393203,Google|IN|O&D|Routes|DEL|ARN|EN|MOD,Europe excl UK+IE,ARN,171.38,0,0,no
22486393398,Google|IN|O&D|Routes|ATQ|YYZ|EN|PHR,North America,YYZ,170.85,45.49,0,no
22496382430,Google|IN|O&D|Routes|DEL|FCO|EN|MOD,Europe excl UK+IE,FCO,168.76,116.08,0,no
22490534127,Google|IN|O&D|Country|IN|NL|EN|MOD,Europe excl UK+IE,NL,166.38,0,0,no
22486381113,Google|IN|O&D|Routes|CCU|YYZ|EN|MOD,North America,YYZ,164.68,68.38,0,no
23961331349,Google|IN|O&D|Routes|GOX|LIS|EN|MOD,Europe excl UK+IE,LIS,164.1,58.58,0,no
22500535435,Google|IN|Dest|City|XXX|ATL|EN|PHR,North America,ATL,163.7,76.94,1,no
22496388385,Google|IN|O&D|Routes|BOM|IAH|EN|MOD,North America,IAH,162.39,97.1,0,no
22486397262,Google|IN|O&D|Routes|BOM|JFK|EN|PHR,North America,JFK,157.9,0,0,no
22486379958,Google|IN|O&D|Routes|BLR|BCN|EN|MOD,Europe excl UK+IE,BCN,157.34,41.99,0,no
22490530707,Google|IN|Dest|City|XXX|DFW|EN|MOD,North America,DFW,157.19,97.22,5,no
22500542599,Google|IN|O&D|Country|IN|NG|EN|MOD,Africa,NG,156.32,33.17,0,no
22497091427,Google|IN|Dest|City|XXX|IAH|EN|PHR,North America,IAH,156.29,89.35,0,no
22492930550,Google|IN|O&D|Routes|DEL|IST|EN|MOD,Europe excl UK+IE,IST,155.98,118.56,0,no
22486389057,Google|IN|O&D|Routes|DEL|DUB|EN|PHR,UK+IE,DUB,155.05,61.07,0,no
22492942976,Google|IN|O&D|Routes|TRV|DXB|EN|PHR,GCC and Middle East,DXB,154.61,102.75,0,no
22496393956,Google|IN|O&D|Routes|DEL|LGW|EN|MOD,UK+IE,LGW,153.37,140.76,0,no
22497091607,Google|IN|Dest|City|XXX|BOS|EN|MOD,North America,BOS,153.05,94.14,0,no
22486050855,Google|IN|O&D|Routes|MAA|LHR|EN|MOD,UK+IE,LHR,153.05,118.43,0,no
22516908371,Google|IN|Dest|City|XXX|GVA|EN|MOD,Europe excl UK+IE,GVA,149.33,111.59,0,no
22490532450,Google|IN|Dest|Country|XXX|AT|EN|MOD,Europe excl UK+IE,AT,149.29,42.39,1,no
22492941074,Google|IN|O&D|Routes|DEL|JNB|EN|MOD,Africa,JNB,148.43,107.05,0,no
22500527176,Google|IN|Dest|City|XXX|MIA|EN|MOD,North America,MIA,147.89,98.27,2,no
22520504797,Google|IN|Dest|City|XXX|BCN|EN|MOD,Europe excl UK+IE,BCN,147.36,94.31,6,no
22486374150,Google|IN|O&D|Routes|BOM|DUB|EN|MOD,UK+IE,DUB,145.56,0,0,no
22516915094,Google|IN|Dest|City|XXX|DTW|EN|PHR,North America,DTW,145.49,65.92,0,no
22492931423,Google|IN|O&D|Routes|DEL|MAN|EN|MOD,UK+IE,MAN,144.33,0,0,no
23956244595,Google|IN|O&D|Routes|BLR|SHJ|EN|MOD,GCC and Middle East,SHJ,143.79,82.58,0,no
22492929770,Google|IN|O&D|Routes|CCU|BER|EN|MOD,Europe excl UK+IE,BER,143.69,0,0,no
22496406433,Google|IN|O&D|Routes|BLR|LHR|EN|PHR,UK+IE,LHR,143.39,124.08,0,no
22510469172,Google|IN|Dest|City|XXX|BRU|EN|MOD,Europe excl UK+IE,BRU,143.35,114.25,0,no
23956242921,Google|IN|O&D|Routes|HYD|MXP|EN|MOD,Europe excl UK+IE,MXP,142.85,50.42,0,no
22497092789,Google|IN|Dest|City|XXX|MUC|EN|MOD,Europe excl UK+IE,MUC,142.38,96.33,0,no
22500541864,Google|IN|Dest|City|XXX|FRA|EN|PHR,Europe excl UK+IE,FRA,140.25,77.66,0,no
23965940623,Google|IN|O&D|Routes|CCU|JED|EN|PHR,GCC and Middle East,JED,139.75,78.26,0,no
22496406382,Google|IN|O&D|Routes|BOM|BER|EN|PHR,Europe excl UK+IE,BER,139.33,0,0,no
22496393221,Google|IN|O&D|Routes|COK|DXB|EN|PHR,GCC and Middle East,DXB,138.26,107.7,0,no
22500541597,Google|IN|O&D|Country|IN|DK|EN|MOD,Europe excl UK+IE,DK,137.84,59.47,0,no
22497090410,Google|IN|Dest|City|XXX|DFW|EN|PHR,North America,DFW,137.26,126.9,0,no
23956243803,Google|IN|O&D|Routes|CCU|DMM|EN|MOD,GCC and Middle East,DMM,136.44,42.54,0,no
22500539032,Google|IN|Dest|City|XXX|SEA|EN|MOD,North America,SEA,135.32,107.41,0,no
22492942049,Google|IN|O&D|Routes|DEL|JFK|EN|PHR,North America,JFK,134.9,93.26,0,no
22496382424,Google|IN|O&D|Routes|HYD|DUB|EN|MOD,UK+IE,DUB,132.5,0,0,no
22516914179,Google|IN|Dest|Country|XXX|RS|EN|MOD,Europe excl UK+IE,RS,131.61,34.95,0,no
22492916342,Google|IN|O&D|Routes|HYD|JFK|EN|PHR,North America,JFK,131.04,0,0,no
22486375815,Google|IN|O&D|Routes|AMD|LHR|EN|MOD,UK+IE,LHR,128.91,87.48,5,no
22496383426,Google|IN|O&D|Routes|CCU|EDI|EN|MOD,UK+IE,EDI,127.86,111.64,0,no
22496391025,Google|IN|O&D|Routes|BLR|DUB|EN|MOD,UK+IE,DUB,127.18,0,0,no
23956244382,Google|IN|O&D|Routes|CCJ|ORD|EN|MOD,North America,ORD,127.1,32.07,0,no
22490530029,Google|IN|Dest|City|XXX|ARN|EN|MOD,Europe excl UK+IE,ARN,127.1,85.93,0,no
22500541600,Google|IN|O&D|Country|IN|AT|EN|MOD,Europe excl UK+IE,AT,126.02,0,0,no
22520508877,Google|IN|Dest|City|XXX|GVA|EN|PHR,Europe excl UK+IE,GVA,125.67,39.99,0,no
22610636148,Google|IN|O&D|Routes|BOM|TBS|EN|PHR,Europe excl UK+IE,TBS,125.41,113.04,0,no
22492940555,Google|IN|O&D|Routes|CCU|LHR|EN|PHR,UK+IE,LHR,125.3,102.64,0,no
22486384737,Google|IN|O&D|Routes|BOM|SFO|EN|PHR,North America,SFO,124.29,0,0,no
22492934795,Google|IN|O&D|Routes|BLR|ATH|EN|MOD,Europe excl UK+IE,ATH,123.6,59.4,0,no
22497095885,Google|IN|O&D|Country|IN|BE|EN|MOD,Europe excl UK+IE,BE,123.03,0,0,no
22516917521,Google|IN|Dest|City|XXX|LCA|EN|PHR,Europe excl UK+IE,LCA,121.37,51.18,0,no
22497094283,Google|IN|Dest|Country|XXX|HR|EN|MOD,Europe excl UK+IE,HR,120.04,0,0,no
22492930958,Google|IN|O&D|Routes|BOM|SFO|EN|MOD,North America,SFO,119.62,0,0,no
22610576079,Google|IN|O&D|Routes|BLR|FCO|EN|MOD,Europe excl UK+IE,FCO,118.72,64.55,0,no
22610639004,Google|IN|Dest|City|XXX|NBO|EN|MOD,Africa,NBO,117.96,78.29,0,no
22500541807,Google|IN|Dest|Country|XXX|NG|EN|MOD,Africa,NG,117.42,0,0,no
23956244853,Google|IN|O&D|Routes|ATQ|FRA|EN|MOD,Europe excl UK+IE,FRA,117.26,0,0,no
22616995802,Google|IN|Dest|City|XXX|TBS|EN|PHR,Europe excl UK+IE,TBS,115.1,86.46,0,no
23961331157,Google|IN|O&D|Routes|DEL|BAH|EN|MOD,GCC and Middle East,BAH,114.22,89.31,0,no
22486398462,Google|IN|O&D|Routes|DEL|BER|EN|PHR,Europe excl UK+IE,BER,111.91,0,0,no
22497090122,Google|IN|Dest|Country|XXX|BE|EN|MOD,Europe excl UK+IE,BE,110.33,0,0,no
22486389267,Google|IN|O&D|Routes|BOM|DUB|EN|PHR,UK+IE,DUB,109.96,0,0,no
23935334367,Google|IN|O&D|Routes|TRV|EDI|EN|MOD,UK+IE,EDI,109.91,100.06,0,no
22616995394,Google|IN|Dest|City|XXX|KWI|EN|PHR,GCC and Middle East,KWI,109.63,106.61,0,no
22486381419,Google|IN|O&D|Routes|COK|LHR|EN|MOD,UK+IE,LHR,107.47,46.32,0,no
22620573544,Google|IN|O&D|Routes|HYD|ZRH|EN|MOD,Europe excl UK+IE,ZRH,107.47,65.59,0,no
22496397796,Google|IN|O&D|Routes|DEL|EDI|EN|PHR,UK+IE,EDI,107.46,70.43,0,no
22510471083,Google|IN|Dest|City|XXX|IST|EN|PHR,Europe excl UK+IE,IST,106.31,74.68,0,no
22486379979,Google|IN|O&D|Routes|BOM|ZRH|EN|MOD,Europe excl UK+IE,ZRH,105.81,74.94,0,no
22486383993,Google|IN|O&D|Routes|BLR|IST|EN|MOD,Europe excl UK+IE,IST,104.56,75.82,0,no
22510468224,Google|IN|Dest|Country|XXX|CI|EN|MOD,Africa,CI,103.57,0,0,no
22485849294,Google|IN|O&D|Routes|COK|DXB|EN|MOD,GCC and Middle East,DXB,103.06,50.97,0,no
23965941004,Google|IN|O&D|Routes|ATQ|MXP|EN|MOD,Europe excl UK+IE,MXP,102.81,53.2,0,no
22516912979,Google|IN|Dest|City|XXX|CPT|EN|PHR,Africa,CPT,101.58,88.9,0,no
22496371192,Google|IN|O&D|Routes|MAA|DFW|EN|MOD,North America,DFW,101.38,44.28,0,no
22496371198,Google|IN|O&D|Routes|DEL|MAD|EN|MOD,Europe excl UK+IE,MAD,100.95,24.53,0,no
22492934810,Google|IN|O&D|Routes|BOM|OSL|EN|MOD,Europe excl UK+IE,OSL,100.86,87.17,0,no
22497093275,Google|IN|Dest|Country|XXX|DK|EN|MOD,Europe excl UK+IE,DK,100.05,45.04,0,no
23940392081,Google|IN|Dest|City|XXX|BOG|EN|MOD,other,BOG,99.58,0,0,no
22496386969,Google|IN|O&D|Routes|DEL|ZRH|EN|MOD,Europe excl UK+IE,ZRH,99.56,56.47,0,no
22496386726,Google|IN|O&D|Routes|CCU|SFO|EN|MOD,North America,SFO,98.52,88.28,0,no
22516913942,Google|IN|Dest|City|XXX|TPA|EN|MOD,North America,TPA,98.3,64.49,0,no
22486049952,Google|IN|O&D|Routes|CCU|LHR|EN|MOD,UK+IE,LHR,98.27,37.76,0,no
23944944628,Google|IN|Dest|Country|XXX|CO|EN|MOD,other,CO,97.42,24.25,0,no
22492934807,Google|IN|O&D|Routes|MAA|MUC|EN|MOD,Europe excl UK+IE,MUC,97.09,0,0,no
22497089420,Google|IN|Dest|City|XXX|LAX|EN|PHR,North America,LAX,96.1,82.45,0,no
22520503351,Google|IN|Dest|City|XXX|DEN|EN|MOD,North America,DEN,94.48,53.76,0,no
22496385079,Google|IN|O&D|Routes|DEL|EDI|EN|MOD,UK+IE,EDI,94.26,64.21,0,no
22492395488,Google|IN|O&D|Routes|HYD|ATL|EN|MOD,North America,ATL,93.48,51.42,0,no
22510468467,Google|IN|Dest|City|XXX|DTW|EN|MOD,North America,DTW,93.45,50.67,0,no
22520507275,Google|IN|Dest|City|XXX|DAR|EN|MOD,Africa,DAR,92.41,66.59,0,no
22496397769,Google|IN|O&D|Routes|AMD|LHR|EN|PHR,UK+IE,LHR,92.24,46.06,0,no
22516909667,Google|IN|Dest|City|XXX|BHX|EN|PHR,UK+IE,BHX,92.02,51.78,0,no
22496382403,Google|IN|O&D|Routes|DEL|CPT|EN|MOD,Africa,CPT,90.58,85.23,0,no
22610634690,Google|IN|O&D|Routes|BOM|IST|EN|MOD,Europe excl UK+IE,IST,89.99,56.64,0,no
22492929551,Google|IN|O&D|Routes|DEL|DUB|EN|MOD,UK+IE,DUB,89.58,0,0,no
22486393092,Google|IN|O&D|Routes|DEL|VIE|EN|PHR,Europe excl UK+IE,VIE,88.76,78.8,0,no
22520509342,Google|IN|Dest|City|XXX|ATH|EN|PHR,Europe excl UK+IE,ATH,88.74,75.25,0,no
22510470669,Google|IN|Dest|City|XXX|BCN|EN|PHR,Europe excl UK+IE,BCN,88.68,44.67,0,no
22496398210,Google|IN|O&D|Routes|DEL|CPT|EN|PHR,Africa,CPT,88.42,66.48,0,no
23956243113,Google|IN|O&D|Routes|CCJ|SHJ|EN|MOD,GCC and Middle East,SHJ,86.91,63.77,0,no
22497090161,Google|IN|Dest|City|XXX|YUL|EN|MOD,North America,YUL,84.75,68.61,0,no
22486398144,Google|IN|O&D|Routes|BOM|CPT|EN|PHR,Africa,CPT,84.39,73.52,0,no
22492941575,Google|IN|O&D|Routes|DEL|LOS|EN|MOD,Africa,LOS,84.18,39.0,0,no
23944943959,Google|IN|O&D|Routes|CCJ|BER|EN|MOD,Europe excl UK+IE,BER,83.19,0,0,no
22610639703,Google|IN|Dest|City|XXX|JED|EN|MOD,GCC and Middle East,JED,82.57,64.73,0,no
22486368882,Google|IN|O&D|Routes|BLR|FRA|EN|MOD,Europe excl UK+IE,FRA,82.15,0,0,no
22610635080,Google|IN|O&D|Routes|BOM|ATH|EN|MOD,Europe excl UK+IE,ATH,81.77,78.66,0,no
22616994713,Google|IN|Dest|City|XXX|CAI|EN|PHR,Africa,CAI,81.47,79.03,0,no
22616987177,Google|IN|Dest|City|XXX|MPM|EN|MOD,Africa,MPM,80.74,60.66,0,no
22486396725,Google|IN|O&D|Routes|BOM|JNB|EN|PHR,Africa,JNB,80.59,74.17,0,no
22496379247,Google|IN|O&D|Routes|BLR|ZRH|EN|MOD,Europe excl UK+IE,ZRH,80.24,59.09,0,no
22510469937,Google|IN|Dest|City|XXX|ZRH|EN|PHR,Europe excl UK+IE,ZRH,79.21,63.14,0,no
22496397058,Google|IN|O&D|Routes|HYD|CDG|EN|PHR,Europe excl UK+IE,CDG,78.33,32.81,0,no
22486395741,Google|IN|O&D|Routes|DEL|IST|EN|PHR,Europe excl UK+IE,IST,78.27,48.32,0,no
22496404063,Google|IN|O&D|Routes|COK|LHR|EN|PHR,UK+IE,LHR,77.17,0,0,no
22496388478,Google|IN|O&D|Routes|TRV|DXB|EN|MOD,GCC and Middle East,DXB,76.91,56.5,0,no
22496388877,Google|IN|O&D|Routes|MAA|LHR|EN|PHR,UK+IE,LHR,76.85,62.77,0,no
22496379253,Google|IN|O&D|Routes|DEL|DAR|EN|MOD,Africa,DAR,76.75,43.23,0,no
22486390458,Google|IN|O&D|Routes|HYD|IAH|EN|PHR,North America,IAH,76.66,0,0,no
22492937477,Google|IN|O&D|Routes|BOM|PRG|EN|MOD,Europe excl UK+IE,PRG,76.6,0,0,no
23961331190,Google|IN|O&D|Routes|HYD|BHX|EN|MOD,UK+IE,BHX,76.39,0,0,no
22497092561,Google|IN|Dest|City|XXX|DUB|EN|PHR,UK+IE,DUB,76.33,56.11,0,no
22492938899,Google|IN|O&D|Routes|DEL|AKL|EN|MOD,Oceania,AKL,75.21,73.7,0,no
22492950938,Google|IN|O&D|Routes|DEL|BCN|EN|PHR,Europe excl UK+IE,BCN,74.72,0,0,no
22486377978,Google|IN|O&D|Routes|BOM|FCO|EN|MOD,Europe excl UK+IE,FCO,74.55,45.97,0,no
22520506780,Google|IN|Dest|City|XXX|GRU|EN|MOD,other,GRU,74.22,46.57,0,no
22496402635,Google|IN|O&D|Routes|BOM|MAN|EN|PHR,UK+IE,MAN,72.39,64.83,0,no
22496391268,Google|IN|O&D|Routes|BLR|JNB|EN|MOD,Africa,JNB,72.26,53.54,0,no
22492959977,Google|IN|O&D|Routes|DEL|JNB|EN|PHR,Africa,JNB,72.09,60.85,0,no
22486385400,Google|IN|O&D|Routes|DEL|MAN|EN|PHR,UK+IE,MAN,71.45,0,0,no
22496379499,Google|IN|O&D|Routes|DEL|LIS|EN|MOD,Europe excl UK+IE,LIS,71.12,45.49,0,no
22495867825,Google|IN|O&D|Routes|DEL|MXP|EN|MOD,Europe excl UK+IE,MXP,70.63,42.19,0,no
22620576151,Google|IN|O&D|Routes|BOM|CAI|EN|MOD,Africa,CAI,70.35,68.47,0,no
22486374861,Google|IN|O&D|Routes|HYD|IAH|EN|MOD,North America,IAH,70.19,0,0,no
23956242954,Google|IN|O&D|Routes|HYD|AUH|EN|MOD,GCC and Middle East,AUH,70.19,50.2,0,no
22486397985,Google|IN|O&D|Routes|CCU|YYZ|EN|PHR,North America,YYZ,69.6,42.21,0,no
22496345419,Google|IN|O&D|Routes|BOM|JNB|EN|MOD,Africa,JNB,69.37,59.36,0,no
22496384845,Google|IN|O&D|Routes|HYD|SEA|EN|MOD,North America,SEA,68.6,43.46,0,no
22510471188,Google|IN|Dest|City|XXX|PRG|EN|PHR,Europe excl UK+IE,PRG,67.86,50.76,0,no
22510467087,Google|IN|Dest|City|XXX|BEG|EN|MOD,Europe excl UK+IE,BEG,67.23,42.77,0,no
22486399872,Google|IN|O&D|Routes|MAA|JFK|EN|PHR,North America,JFK,67.05,0,0,no
22492947104,Google|IN|O&D|Routes|DEL|BUD|EN|PHR,Europe excl UK+IE,BUD,67.01,35.98,0,no
23965941001,Google|IN|O&D|Routes|CCJ|YYZ|EN|MOD,North America,YYZ,66.51,49.1,0,no
22496396551,Google|IN|O&D|Routes|HYD|DFW|EN|PHR,North America,DFW,66.1,0,0,no
22492941821,Google|IN|O&D|Routes|BLR|LHR|EN|MOD,UK+IE,LHR,66.01,39.16,0,no
22496382442,Google|IN|O&D|Routes|DEL|IAH|EN|MOD,North America,IAH,65.52,64.74,0,no
22492957103,Google|IN|O&D|Routes|DEL|AKL|EN|PHR,Oceania,AKL,65.51,51.34,0,no
22486399914,Google|IN|O&D|Routes|BLR|ATL|EN|PHR,North America,ATL,65.04,0,0,no
22496385820,Google|IN|O&D|Routes|BOM|BCN|EN|MOD,Europe excl UK+IE,BCN,63.54,60.92,0,no
22496373751,Google|IN|O&D|Routes|MAA|CDG|EN|MOD,Europe excl UK+IE,CDG,63.41,0,0,no
22486396449,Google|IN|O&D|Routes|CCJ|DXB|EN|PHR,GCC and Middle East,DXB,63.37,47.99,0,no
22520508904,Google|IN|Dest|City|XXX|DEN|EN|PHR,North America,DEN,63.27,35.05,0,no
22610635128,Google|IN|O&D|Routes|BOM|TBS|EN|MOD,Europe excl UK+IE,TBS,62.95,53.55,0,no
22497090413,Google|IN|Dest|City|XXX|MIA|EN|PHR,North America,MIA,62.87,39.34,0,no
22486374696,Google|IN|O&D|Routes|BOM|SEA|EN|MOD,North America,SEA,62.33,0,0,no
22486391496,Google|IN|O&D|Routes|BOM|ORD|EN|PHR,North America,ORD,61.94,0,0,no
22492941314,Google|IN|O&D|Routes|HYD|ATL|EN|PHR,North America,ATL,61.66,0,0,no
22486379016,Google|IN|O&D|Routes|ATQ|LHR|EN|MOD,UK+IE,LHR,61.07,0,0,no
22492941761,Google|IN|O&D|Routes|BLR|DFW|EN|PHR,North America,DFW,60.4,0,0,no
22510467102,Google|IN|Dest|City|XXX|ZAG|EN|MOD,Europe excl UK+IE,ZAG,60.22,44.04,1,no
22496373496,Google|IN|O&D|Routes|HYD|YYZ|EN|MOD,North America,YYZ,59.86,0,0,no
22616961347,Google|IN|O&D|Routes|BOM|GYD|EN|PHR,Europe excl UK+IE,GYD,59.48,54.21,0,no
22492939898,Google|IN|O&D|Routes|BOM|LAX|EN|MOD,North America,LAX,59.39,51.14,0,no
22492943174,Google|IN|O&D|Routes|CCU|BER|EN|PHR,Europe excl UK+IE,BER,58.51,0,0,no
22496380267,Google|IN|O&D|Routes|DEL|ATH|EN|MOD,Europe excl UK+IE,ATH,58.37,35.67,0,no
22492936709,Google|IN|O&D|Routes|BOM|WAW|EN|MOD,Europe excl UK+IE,WAW,57.49,0,0,no
22492954748,Google|IN|O&D|Routes|MAA|DFW|EN|PHR,North America,DFW,57.22,0,0,no
22496391271,Google|IN|O&D|Routes|HYD|BER|EN|MOD,Europe excl UK+IE,BER,56.28,0,0,no
22610641338,Google|IN|O&D|Routes|BOM|IST|EN|PHR,Europe excl UK+IE,IST,55.43,40.84,0,no
23961332594,Google|IN|O&D|Routes|ATQ|MAN|EN|MOD,UK+IE,MAN,55.02,31.16,0,no
22496384596,Google|IN|O&D|Routes|AMD|YYZ|EN|MOD,North America,YYZ,54.88,39.39,0,no
22492949921,Google|IN|O&D|Routes|DEL|MAD|EN|PHR,Europe excl UK+IE,MAD,54.81,0,0,no
22500541861,Google|IN|Dest|City|XXX|MUC|EN|PHR,Europe excl UK+IE,MUC,54.35,48.07,0,no
22610646414,Google|IN|O&D|Country|IN|MZ|EN|MOD,Africa,MZ,53.35,0,0,no
22492938869,Google|IN|O&D|Routes|DEL|YUL|EN|MOD,North America,YUL,53.28,0,0,no
22492955168,Google|IN|O&D|Routes|BOM|AMS|EN|PHR,Europe excl UK+IE,AMS,53.14,41.62,0,no
22610636079,Google|IN|O&D|Routes|ATQ|FCO|EN|MOD,Europe excl UK+IE,FCO,53.04,38.33,0,no
22492931012,Google|IN|O&D|Routes|COK|BER|EN|MOD,Europe excl UK+IE,BER,53.02,0,0,no
22492943198,Google|IN|O&D|Routes|BLR|MAD|EN|MOD,Europe excl UK+IE,MAD,52.93,0,2,no
22496063641,Google|IN|O&D|Routes|MAA|WAW|EN|MOD,Europe excl UK+IE,WAW,52.37,0,0,no
22486396794,Google|IN|O&D|Routes|BOM|YYZ|EN|PHR,North America,YYZ,52.2,0,0,no
22492916300,Google|IN|O&D|Routes|BLR|DFW|EN|MOD,North America,DFW,51.9,43.7,0,no
22520508397,Google|IN|Dest|City|XXX|GRU|EN|PHR,other,GRU,51.27,0,0,no
22492939889,Google|IN|O&D|Routes|BOM|JFK|EN|MOD,North America,JFK,51.02,0,0,no
22616985065,Google|IN|O&D|Routes|BLR|YYZ|EN|MOD,North America,YYZ,50.77,32.91,0,no
22490531679,Google|IN|Dest|City|XXX|BOS|EN|PHR,North America,BOS,50.67,0,0,no
22492948760,Google|IN|O&D|Routes|BOM|SEA|EN|PHR,North America,SEA,50.35,0,0,no
22496385325,Google|IN|O&D|Routes|HYD|ORD|EN|MOD,North America,ORD,49.96,0,0,no
22486373892,Google|IN|O&D|Routes|ATQ|JFK|EN|MOD,North America,JFK,49.69,47.9,0,no
22510471119,Google|IN|Dest|City|XXX|DAR|EN|PHR,Africa,DAR,49.59,37.9,0,no
22486376292,Google|IN|O&D|Routes|COK|MAN|EN|MOD,UK+IE,MAN,49.08,0,0,no
22496404027,Google|IN|O&D|Routes|BOM|CDG|EN|PHR,Europe excl UK+IE,CDG,48.91,31.08,0,no
22620582187,Google|IN|O&D|Routes|DEL|BHX|EN|PHR,UK+IE,BHX,47.73,0,0,no
22496385988,Google|IN|O&D|Routes|HYD|AUS|EN|MOD,North America,AUS,47.4,0,0,no
22490530767,Google|IN|Dest|City|XXX|EVN|EN|MOD,Europe excl UK+IE,EVN,47.29,34.69,0,no
22492942526,Google|IN|O&D|Routes|BOM|ZAG|EN|MOD,Europe excl UK+IE,ZAG,46.97,0,0,no
22496379244,Google|IN|O&D|Routes|BLR|BOS|EN|MOD,North America,BOS,46.6,0,0,no
22496382178,Google|IN|O&D|Routes|BLR|ORD|EN|MOD,North America,ORD,46.22,0,0,no
22492937696,Google|IN|O&D|Routes|DEL|SEA|EN|MOD,North America,SEA,46.0,26.68,0,no
22492948202,Google|IN|O&D|Routes|BOM|BCN|EN|PHR,Europe excl UK+IE,BCN,45.72,38.53,0,no
22497091382,Google|IN|Dest|City|XXX|LOS|EN|PHR,Africa,LOS,45.63,0,0,no
22496402617,Google|IN|O&D|Routes|BOM|ZRH|EN|PHR,Europe excl UK+IE,ZRH,45.61,30.55,0,no
22616985527,Google|IN|O&D|Routes|BOM|AKL|EN|MOD,Oceania,AKL,45.16,30.03,0,no
22496391805,Google|IN|O&D|Routes|BLR|LGW|EN|MOD,UK+IE,LGW,44.96,0,0,no
22492953116,Google|IN|O&D|Routes|DEL|DFW|EN|PHR,North America,DFW,44.91,0,0,no
22492935797,Google|IN|O&D|Routes|HYD|MAN|EN|MOD,UK+IE,MAN,44.88,0,0,no
22520506549,Google|IN|Dest|City|XXX|JNB|EN|PHR,Africa,JNB,44.44,35.49,0,no
22496371327,Google|IN|O&D|Routes|BLR|SEA|EN|MOD,North America,SEA,44.28,0,0,no
22486375803,Google|IN|O&D|Routes|DEL|VIE|EN|MOD,Europe excl UK+IE,VIE,44.25,37.3,2,no
22492954295,Google|IN|O&D|Routes|BLR|JFK|EN|PHR,North America,JFK,44.21,34.99,0,no
22510469916,Google|IN|Dest|City|XXX|TPA|EN|PHR,North America,TPA,44.04,0,0,no
22492930502,Google|IN|O&D|Routes|HYD|EDI|EN|MOD,UK+IE,EDI,44.01,0,0,no
22486381116,Google|IN|O&D|Routes|BOM|LOS|EN|MOD,Africa,LOS,43.69,0,0,no
22496382223,Google|IN|O&D|Routes|MAA|YYZ|EN|MOD,North America,YYZ,43.59,0,0,no
22492955903,Google|IN|O&D|Routes|BLR|DUB|EN|PHR,UK+IE,DUB,43.55,0,0,no
22496063266,Google|IN|O&D|Routes|DEL|LAX|EN|MOD,North America,LAX,43.49,39.86,0,no
22486383990,Google|IN|O&D|Routes|MAA|IAH|EN|MOD,North America,IAH,43.22,0,0,no
22492940354,Google|IN|O&D|Routes|BOM|DFW|EN|MOD,North America,DFW,43.1,0,0,no
22497093584,Google|IN|Dest|City|XXX|DOH|EN|PHR,GCC and Middle East,DOH,42.69,0,30,no
22496392990,Google|IN|O&D|Routes|MAA|ORD|EN|MOD,North America,ORD,42.17,0,0,no
22485849756,Google|IN|O&D|Routes|BOM|ARN|EN|MOD,Europe excl UK+IE,ARN,42.13,0,0,no
22492950395,Google|IN|O&D|Routes|DEL|ATH|EN|PHR,Europe excl UK+IE,ATH,41.95,33.8,0,no
23956244055,Google|IN|O&D|Routes|ATQ|DUB|EN|MOD,UK+IE,DUB,41.82,0,0,no
22492939157,Google|IN|O&D|Routes|BLR|YUL|EN|MOD,North America,YUL,41.75,0,0,no
22492944389,Google|IN|O&D|Routes|HYD|SFO|EN|PHR,North America,SFO,41.58,0,0,no
22620579964,Google|IN|O&D|Routes|CCU|WAW|EN|MOD,Europe excl UK+IE,WAW,41.24,0,0,no
22497093104,Google|IN|Dest|City|XXX|YUL|EN|PHR,North America,YUL,41.17,35.49,0,no
22490530053,Google|IN|Dest|City|XXX|DOH|EN|MOD,GCC and Middle East,DOH,41.07,0,27,no
22496386027,Google|IN|O&D|Routes|CCU|DUB|EN|MOD,UK+IE,DUB,41.04,0,0,no
22492943459,Google|IN|O&D|Routes|BLR|ZRH|EN|PHR,Europe excl UK+IE,ZRH,41.02,30.44,0,no
22496399698,Google|IN|O&D|Routes|DEL|DAR|EN|PHR,Africa,DAR,40.73,0,0,no
22486383753,Google|IN|O&D|Routes|BLR|MUC|EN|MOD,Europe excl UK+IE,MUC,40.53,0,0,no
22495867831,Google|IN|O&D|Routes|CCU|CDG|EN|MOD,Europe excl UK+IE,CDG,39.86,0,0,no
22496385298,Google|IN|O&D|Routes|DEL|AMS|EN|MOD,Europe excl UK+IE,AMS,39.81,0,0,no
22486401087,Google|IN|O&D|Routes|BLR|SFO|EN|PHR,North America,SFO,39.48,0,0,no
22496399680,Google|IN|O&D|Routes|CCU|EDI|EN|PHR,UK+IE,EDI,39.32,0,0,no
22492930232,Google|IN|O&D|Routes|BLR|IAH|EN|MOD,North America,IAH,39.31,0,0,no
22492467290,Google|IN|O&D|Routes|DEL|SFO|EN|MOD,North America,SFO,39.29,29.78,0,no
22492945415,Google|IN|O&D|Routes|DEL|PRG|EN|PHR,Europe excl UK+IE,PRG,39.14,0,0,no
22486396308,Google|IN|O&D|Routes|DEL|ZRH|EN|PHR,Europe excl UK+IE,ZRH,39.14,0,0,no
23944943923,Google|IN|Dest|City|XXX|CCS|EN|MOD,other,CCS,39.12,0,0,no
22510472148,Google|IN|Dest|City|XXX|AKL|EN|PHR,Oceania,AKL,38.86,37.56,0,no
22496400430,Google|IN|O&D|Routes|AMD|YYZ|EN|PHR,North America,YYZ,38.84,0,0,no
22496381659,Google|IN|O&D|Routes|BOM|ORD|EN|MOD,North America,ORD,38.78,0,0,no
22496406901,Google|IN|O&D|Routes|BOM|DFW|EN|PHR,North America,DFW,38.55,0,0,no
22497093263,Google|IN|O&D|Country|IN|QA|EN|MOD,GCC and Middle East,QA,38.39,0,0,no
22496405242,Google|IN|O&D|Routes|BOM|PRG|EN|PHR,Europe excl UK+IE,PRG,38.36,0,0,no
22492910297,Google|IN|O&D|Routes|MAA|EDI|EN|PHR,UK+IE,EDI,38.1,0,0,no
22492840976,Google|IN|O&D|Routes|BLR|MAN|EN|MOD,UK+IE,MAN,38.03,0,0,no
22620579349,Google|IN|O&D|Routes|BOM|VIE|EN|MOD,Europe excl UK+IE,VIE,37.57,0,0,no
22610633457,Google|IN|O&D|Routes|HYD|FCO|EN|MOD,Europe excl UK+IE,FCO,37.43,0,0,no
22516916774,Google|IN|Dest|City|XXX|BRU|EN|PHR,Europe excl UK+IE,BRU,37.36,31.48,0,no
22492928063,Google|IN|O&D|Routes|CCU|LGW|EN|MOD,UK+IE,LGW,36.93,22.93,0,no
22486373754,Google|IN|O&D|Routes|BOM|IAD|EN|MOD,North America,IAD,36.58,0,0,no
22492930208,Google|IN|O&D|Routes|COK|BHX|EN|MOD,UK+IE,BHX,36.46,0,0,no
22492938452,Google|IN|O&D|Routes|BOM|MAD|EN|MOD,Europe excl UK+IE,MAD,36.36,0,0,no
22620579073,Google|IN|O&D|Routes|BOM|BHX|EN|MOD,UK+IE,BHX,36.06,0,1,no
22620585814,Google|IN|O&D|Routes|BOM|CAI|EN|PHR,Africa,CAI,35.79,31.66,0,no
22492936259,Google|IN|O&D|Routes|DEL|OSL|EN|MOD,Europe excl UK+IE,OSL,35.76,27.3,0,no
22496380726,Google|IN|O&D|Routes|MAA|LOS|EN|MOD,Africa,LOS,35.69,0,0,no
22492947002,Google|IN|O&D|Routes|MAA|CDG|EN|PHR,Europe excl UK+IE,CDG,35.36,0,0,no
22486374840,Google|IN|O&D|Routes|BOM|BRU|EN|MOD,Europe excl UK+IE,BRU,35.32,0,0,no
22496406469,Google|IN|O&D|Routes|MAA|IAH|EN|PHR,North America,IAH,35.26,0,0,no
22492941266,Google|IN|O&D|Routes|BLR|SFO|EN|MOD,North America,SFO,35.26,0,0,no
22492948049,Google|IN|O&D|Routes|BOM|BUD|EN|PHR,Europe excl UK+IE,BUD,35.18,0,0,no
22516916636,Google|IN|Dest|City|XXX|BUD|EN|PHR,Europe excl UK+IE,BUD,35.11,0,0,no
22496385277,Google|IN|O&D|Routes|BOM|ATL|EN|PHR,North America,ATL,35.04,0,0,no
22492955255,Google|IN|O&D|Routes|BLR|BCN|EN|PHR,Europe excl UK+IE,BCN,34.69,0,0,no
22510468011,Google|IN|Dest|City|XXX|DUS|EN|MOD,Europe excl UK+IE,DUS,34.22,0,0,no
22610636100,Google|IN|O&D|Routes|HYD|BCN|EN|MOD,Europe excl UK+IE,BCN,34.21,0,0,no
22520508463,Google|IN|Dest|City|XXX|LUN|EN|PHR,Africa,LUN,34.17,0,0,no
22486378689,Google|IN|O&D|Routes|DEL|PRG|EN|MOD,Europe excl UK+IE,PRG,34.12,31.63,0,no
22496391760,Google|IN|O&D|Routes|CCU|ATL|EN|MOD,North America,ATL,34.08,0,0,no
23956244541,Google|IN|O&D|Routes|BOM|OTP|EN|MOD,Europe excl UK+IE,OTP,33.86,0,0,no
22616986772,Google|IN|Dest|City|XXX|JRO|EN|MOD,Africa,JRO,33.48,0,0,no
22486383837,Google|IN|O&D|Routes|BLR|AMS|EN|MOD,Europe excl UK+IE,AMS,33.46,0,0,no
22510470867,Google|IN|Dest|City|XXX|ABJ|EN|PHR,Africa,ABJ,33.22,32.87,0,no
22520509354,Google|IN|Dest|City|XXX|OTP|EN|PHR,Europe excl UK+IE,OTP,33.05,0,1,no
22492929080,Google|IN|O&D|Routes|HYD|DTW|EN|MOD,North America,DTW,33.05,0,0,no
22496397961,Google|IN|O&D|Routes|DEL|AUH|EN|PHR,GCC and Middle East,AUH,32.78,27.67,0,no
23961329165,Google|IN|O&D|Routes|CCU|RUH|EN|MOD,GCC and Middle East,RUH,32.66,32.19,0,no
22610645205,Google|IN|O&D|Routes|BOM|AKL|EN|PHR,Oceania,AKL,32.59,30.32,0,no
22496383630,Google|IN|O&D|Routes|MAA|ATL|EN|MOD,North America,ATL,32.54,0,0,no
22486391979,Google|IN|O&D|Routes|COK|AUH|EN|PHR,GCC and Middle East,AUH,32.48,22.1,0,no
22486369158,Google|IN|O&D|Routes|BOM|BUD|EN|MOD,Europe excl UK+IE,BUD,32.02,0,0,no
22492949417,Google|IN|O&D|Routes|BOM|BOS|EN|PHR,North America,BOS,31.99,0,0,no
22510463253,Google|IN|Dest|City|XXX|LUN|EN|MOD,Africa,LUN,31.91,0,0,no
22486391169,Google|IN|O&D|Routes|HYD|YYZ|EN|PHR,North America,YYZ,31.7,0,0,no
22516915106,Google|IN|Dest|City|XXX|BEG|EN|PHR,Europe excl UK+IE,BEG,31.61,0,0,no
22496380312,Google|IN|O&D|Routes|COK|YYZ|EN|MOD,North America,YYZ,31.57,0,0,no
22616984066,Google|IN|O&D|Routes|BLR|CAI|EN|MOD,Africa,CAI,31.53,29.79,0,no
23965941022,Google|IN|O&D|Routes|CCJ|SHJ|EN|PHR,GCC and Middle East,SHJ,31.53,24.94,0,no
22496379763,Google|IN|O&D|Routes|HYD|SFO|EN|MOD,North America,SFO,31.5,0,0,no
22486384203,Google|IN|O&D|Routes|CCU|CDG|EN|PHR,Europe excl UK+IE,CDG,31.41,0,0,no
22620579277,Google|IN|Dest|Country|XXX|MZ|EN|MOD,Africa,MZ,31.32,0,0,no
22492950443,Google|IN|O&D|Routes|CCU|AMS|EN|PHR,Europe excl UK+IE,AMS,31.08,0,0,no
22486391400,Google|IN|O&D|Routes|BLR|IAH|EN|PHR,North America,IAH,30.43,0,0,no
22486392123,Google|IN|O&D|Routes|BLR|EDI|EN|PHR,UK+IE,EDI,30.35,0,0,no
22496380546,Google|IN|O&D|Routes|BLR|VIE|EN|MOD,Europe excl UK+IE,VIE,30.29,0,0,no
22616993975,Google|IN|Dest|City|XXX|NBO|EN|PHR,Africa,NBO,30.0,0,0,no
22520509330,Google|IN|Dest|City|XXX|VIE|EN|PHR,Europe excl UK+IE,VIE,29.8,0,0,no
23956244361,Google|IN|O&D|Routes|MAA|VIE|EN|MOD,Europe excl UK+IE,VIE,29.68,0,0,no
22490531223,Google|IN|Dest|City|XXX|WAW|EN|PHR,Europe excl UK+IE,WAW,29.46,0,0,no
22496406919,Google|IN|O&D|Routes|DEL|SFO|EN|PHR,North America,SFO,29.38,0,0,no
22620581734,Google|IN|O&D|Routes|BOM|CPH|EN|MOD,Europe excl UK+IE,CPH,29.26,0,0,no
22492691723,Google|IN|O&D|Routes|MAA|SFO|EN|MOD,North America,SFO,29.13,0,0,no
22496377351,Google|IN|O&D|Routes|COK|AUH|EN|MOD,GCC and Middle East,AUH,29.01,0,0,no
22496397772,Google|IN|O&D|Routes|BLR|ORD|EN|PHR,North America,ORD,28.77,0,0,no
22610635584,Google|IN|O&D|Routes|COK|KWI|EN|MOD,GCC and Middle East,KWI,28.74,27.51,0,no
22492955891,Google|IN|O&D|Routes|CCU|LAX|EN|PHR,North America,LAX,28.63,0,0,no
22492942694,Google|IN|O&D|Routes|MAA|ZRH|EN|MOD,Europe excl UK+IE,ZRH,28.48,0,0,no
22486385232,Google|IN|O&D|Routes|DEL|FRA|EN|MOD,Europe excl UK+IE,FRA,28.44,0,0,no
22486384686,Google|IN|O&D|Routes|COK|DOH|EN|PHR,GCC and Middle East,DOH,28.06,0,0,no
22497091919,Google|IN|Dest|City|XXX|JFK|EN|PHR,North America,JFK,27.77,0,0,no
22486385505,Google|IN|O&D|Routes|DEL|LAX|EN|PHR,North America,LAX,27.72,0,0,no
22486375188,Google|IN|O&D|Routes|COK|LGW|EN|MOD,UK+IE,LGW,27.61,0,0,no
22496384080,Google|IN|O&D|Routes|DEL|ZAG|EN|MOD,Europe excl UK+IE,ZAG,27.53,24.25,0,no
22486399560,Google|IN|O&D|Routes|BOM|LAX|EN|PHR,North America,LAX,27.53,0,0,no
22496381038,Google|IN|O&D|Routes|MAA|SEA|EN|MOD,North America,SEA,27.33,0,0,no
23965941520,Google|IN|O&D|Routes|HYD|BHX|EN|PHR,UK+IE,BHX,27.11,0,0,no
22492933619,Google|IN|O&D|Routes|COK|SEA|EN|MOD,North America,SEA,27.01,0,0,no
22510468998,Google|IN|Dest|City|XXX|LGW|EN|PHR,UK+IE,LGW,26.9,0,0,no
22496391034,Google|IN|O&D|Routes|BOM|CPT|EN|MOD,Africa,CPT,26.75,0,0,no
23956245006,Google|IN|O&D|Routes|HYD|AUH|EN|PHR,GCC and Middle East,AUH,26.57,0,0,no
22492939598,Google|IN|O&D|Routes|MAA|AMS|EN|MOD,Europe excl UK+IE,AMS,26.5,0,0,no
22620590566,Google|IN|O&D|Routes|BLR|YYZ|EN|PHR,North America,YYZ,26.5,0,0,no
22492941293,Google|IN|O&D|Routes|HYD|FRA|EN|MOD,Europe excl UK+IE,FRA,26.46,0,0,no
22496400364,Google|IN|O&D|Routes|HYD|EDI|EN|PHR,UK+IE,EDI,26.05,0,0,no
22486393581,Google|IN|O&D|Routes|DEL|AMS|EN|PHR,Europe excl UK+IE,AMS,25.75,0,0,no
22496395657,Google|IN|O&D|Routes|COK|JFK|EN|PHR,North America,JFK,25.53,0,0,no
22486378686,Google|IN|O&D|Routes|HYD|AMS|EN|MOD,Europe excl UK+IE,AMS,25.48,0,0,no
22492956386,Google|IN|O&D|Routes|BLR|FRA|EN|PHR,Europe excl UK+IE,FRA,25.45,0,0,no
22620589135,Google|IN|O&D|Routes|DEL|RUH|EN|PHR,GCC and Middle East,RUH,25.42,0,0,no
22486375197,Google|IN|O&D|Routes|COK|IAH|EN|MOD,North America,IAH,25.27,0,0,no
22492959992,Google|IN|O&D|Routes|COK|DUB|EN|PHR,UK+IE,DUB,25.08,0,0,no
22492950377,Google|IN|O&D|Routes|DEL|FCO|EN|PHR,Europe excl UK+IE,FCO,25.05,0,0,no
22496378578,Google|IN|O&D|Routes|MAA|LGW|EN|MOD,UK+IE,LGW,24.98,0,0,no
23956243152,Google|IN|O&D|Routes|MAA|NBO|EN|MOD,Africa,NBO,24.92,0,0,no
22486391022,Google|IN|O&D|Routes|DEL|WAW|EN|PHR,Europe excl UK+IE,WAW,24.78,0,0,no
22620580504,Google|IN|O&D|Routes|COK|ZRH|EN|MOD,Europe excl UK+IE,ZRH,24.65,0,0,no
22496405218,Google|IN|O&D|Routes|BOM|IAH|EN|PHR,North America,IAH,24.6,0,0,no
22492954766,Google|IN|O&D|Routes|HYD|ORD|EN|PHR,North America,ORD,24.54,0,0,no
22496399470,Google|IN|O&D|Routes|BLR|VIE|EN|PHR,Europe excl UK+IE,VIE,24.5,0,0,no
23956245117,Google|IN|O&D|Routes|MAA|NBO|EN|PHR,Africa,NBO,24.17,0,0,no
22486383288,Google|IN|O&D|Routes|MAA|JFK|EN|MOD,North America,JFK,24.12,0,0,no
22492934306,Google|IN|O&D|Routes|HYD|LGW|EN|MOD,UK+IE,LGW,24.07,0,0,no
22492956404,Google|IN|O&D|Routes|BOM|LGW|EN|PHR,UK+IE,LGW,24.01,0,0,no
22492941002,Google|IN|O&D|Routes|BOM|MUC|EN|PHR,Europe excl UK+IE,MUC,23.87,0,0,no
22492933853,Google|IN|O&D|Routes|BLR|ARN|EN|PHR,Europe excl UK+IE,ARN,23.82,0,0,no
22620579724,Google|IN|O&D|Routes|CCJ|FRA|EN|MOD,Europe excl UK+IE,FRA,23.72,0,0,no
22616983628,Google|IN|O&D|Routes|BOM|GYD|EN|MOD,Europe excl UK+IE,GYD,23.59,0,0,no
22616967272,Google|IN|O&D|Routes|HYD|ZRH|EN|PHR,Europe excl UK+IE,ZRH,23.49,0,0,no
22616984051,Google|IN|O&D|Routes|MAA|BRU|EN|MOD,Europe excl UK+IE,BRU,23.47,0,0,no
22496060827,Google|IN|O&D|Routes|HYD|IAD|EN|MOD,North America,IAD,23.4,0,0,no
23965940866,Google|IN|O&D|Routes|ATQ|BCN|EN|MOD,Europe excl UK+IE,BCN,23.21,0,0,no
22486398210,Google|IN|O&D|Routes|COK|CDG|EN|PHR,Europe excl UK+IE,CDG,22.84,0,0,no
22492954049,Google|IN|O&D|Routes|BLR|CDG|EN|PHR,Europe excl UK+IE,CDG,22.61,0,0,no
22496386960,Google|IN|O&D|Routes|BLR|OSL|EN|MOD,Europe excl UK+IE,OSL,22.56,0,0,no
22492938140,Google|IN|O&D|Routes|DEL|GVA|EN|PHR,Europe excl UK+IE,GVA,22.49,0,0,no
22496391832,Google|IN|O&D|Routes|BOM|AMS|EN|MOD,Europe excl UK+IE,AMS,22.45,0,0,no
22620587491,Google|IN|O&D|Routes|BLR|FCO|EN|PHR,Europe excl UK+IE,FCO,22.43,0,0,no
22496062768,Google|IN|O&D|Routes|DEL|LCA|EN|MOD,Europe excl UK+IE,LCA,22.28,0,0,no
22492931207,Google|IN|O&D|Routes|MAA|IAD|EN|MOD,North America,IAD,22.19,0,0,no
22520507404,Google|IN|Dest|City|XXX|ABJ|EN|MOD,Africa,ABJ,21.91,0,0,no
22516917110,Google|IN|Dest|City|XXX|MAD|EN|PHR,Europe excl UK+IE,MAD,21.77,0,0,no
22496391286,Google|IN|O&D|Routes|COK|YYZ|EN|PHR,North America,YYZ,21.52,0,0,no
22492927622,Google|IN|O&D|Routes|AMD|MIA|EN|MOD,North America,MIA,21.46,0,0,no
22492949237,Google|IN|O&D|Routes|CCU|BOS|EN|PHR,North America,BOS,21.44,0,0,no
22492930520,Google|IN|O&D|Routes|CCU|BOS|EN|MOD,North America,BOS,21.43,0,0,no
22486379514,Google|IN|O&D|Routes|COK|FCO|EN|MOD,Europe excl UK+IE,FCO,21.33,0,0,no
22486378785,Google|IN|O&D|Routes|CCU|MAN|EN|MOD,UK+IE,MAN,21.27,0,0,no
22610635593,Google|IN|O&D|Routes|DEL|BHX|EN|MOD,UK+IE,BHX,20.94,0,0,no
23965942762,Google|IN|O&D|Routes|ATQ|BCN|EN|PHR,Europe excl UK+IE,BCN,20.86,0,0,no
23961329897,Google|IN|O&D|Routes|CCU|NBO|EN|MOD,Africa,NBO,20.68,0,0,no
22496403781,Google|IN|O&D|Routes|DEL|OSL|EN|PHR,Europe excl UK+IE,OSL,20.65,0,0,no
22486378722,Google|IN|O&D|Routes|AMD|SEA|EN|MOD,North America,SEA,20.33,0,0,no
22492597082,Google|IN|O&D|Routes|HYD|TPA|EN|MOD,North America,TPA,20.32,0,0,no
22492399403,Google|IN|O&D|Routes|BLR|MIA|EN|MOD,North America,MIA,20.21,0,0,no
22486383243,Google|IN|O&D|Routes|ATQ|ORD|EN|MOD,North America,ORD,20.12,0,0,no
22492941287,Google|IN|O&D|Routes|HYD|YUL|EN|MOD,North America,YUL,20.08,0,0,no
22496405941,Google|IN|O&D|Routes|HYD|BOS|EN|PHR,North America,BOS,20.08,0,0,no
22492937687,Google|IN|O&D|Routes|MAA|BER|EN|MOD,Europe excl UK+IE,BER,20.01,0,0,no
22616979119,Google|IN|O&D|Routes|BLR|CPH|EN|MOD,Europe excl UK+IE,CPH,19.88,0,0,no
22496384377,Google|IN|O&D|Routes|MAA|LAX|EN|MOD,North America,LAX,19.82,0,0,no
22496406454,Google|IN|O&D|Routes|DEL|ORD|EN|PHR,North America,ORD,19.64,0,0,no
22492599728,Google|IN|O&D|Routes|BLR|LAX|EN|MOD,North America,LAX,19.56,0,0,no
22486383306,Google|IN|O&D|Routes|HYD|MIA|EN|MOD,North America,MIA,19.49,0,0,no
22616993453,Google|IN|O&D|Routes|BOM|CPH|EN|PHR,Europe excl UK+IE,CPH,19.47,0,0,no
22492935023,Google|IN|O&D|Routes|HYD|LAX|EN|MOD,North America,LAX,19.45,0,0,no
22496396047,Google|IN|O&D|Routes|HYD|DUB|EN|PHR,UK+IE,DUB,19.32,0,0,no
22492939919,Google|IN|O&D|Routes|DEL|ORD|EN|MOD,North America,ORD,19.29,0,0,no
22496402629,Google|IN|O&D|Routes|ATQ|LHR|EN|PHR,UK+IE,LHR,19.27,0,0,no
22492958633,Google|IN|O&D|Routes|DEL|FRA|EN|PHR,Europe excl UK+IE,FRA,18.83,0,0,no
22492935482,Google|IN|O&D|Routes|HYD|JFK|EN|MOD,North America,JFK,18.7,0,0,no
22496405437,Google|IN|O&D|Routes|MAA|ORD|EN|PHR,North America,ORD,18.48,0,0,no
22500541162,Google|IN|Dest|City|XXX|OSL|EN|PHR,Europe excl UK+IE,OSL,18.48,0,0,no
22486374882,Google|IN|O&D|Routes|BOM|ABJ|EN|MOD,Africa,ABJ,18.39,0,0,no
22616991734,Google|IN|O&D|Routes|COK|RUH|EN|PHR,GCC and Middle East,RUH,18.22,0,0,no
23961331115,Google|IN|O&D|Routes|BLR|NCE|EN|MOD,Europe excl UK+IE,NCE,18.22,0,0,no
22492937675,Google|IN|O&D|Routes|TRV|MAN|EN|MOD,UK+IE,MAN,18.08,0,0,no
22620582376,Google|IN|O&D|Routes|CCJ|RUH|EN|MOD,GCC and Middle East,RUH,18.07,0,0,no
22486396728,Google|IN|O&D|Routes|BLR|MAN|EN|PHR,UK+IE,MAN,18.05,0,0,no
22486398207,Google|IN|O&D|Routes|HYD|BER|EN|PHR,Europe excl UK+IE,BER,18.01,0,0,no
22492928828,Google|IN|O&D|Routes|COK|EDI|EN|MOD,UK+IE,EDI,17.93,0,0,no
22486395540,Google|IN|O&D|Routes|HYD|MAN|EN|PHR,UK+IE,MAN,17.9,0,0,no
22492935026,Google|IN|O&D|Routes|CCU|JFK|EN|MOD,North America,JFK,17.88,0,0,no
22496374312,Google|IN|O&D|Routes|BLR|SEA|EN|PHR,North America,SEA,17.84,0,0,no
22496380462,Google|IN|O&D|Routes|AMD|DFW|EN|MOD,North America,DFW,17.82,0,0,no
22496385301,Google|IN|O&D|Routes|DEL|AUH|EN|MOD,GCC and Middle East,AUH,17.8,0,0,no
22496379778,Google|IN|O&D|Routes|MAA|ARN|EN|MOD,Europe excl UK+IE,ARN,17.64,0,0,no
22492929347,Google|IN|O&D|Routes|DEL|IAD|EN|MOD,North America,IAD,17.57,0,0,no
22492954985,Google|IN|O&D|Routes|CCU|JFK|EN|PHR,North America,JFK,17.5,0,0,no
22492928090,Google|IN|O&D|Routes|BOM|LUN|EN|MOD,Africa,LUN,17.26,0,0,no
23940391403,Google|IN|Dest|Country|XXX|VE|EN|MOD,other,VE,17.21,0,0,no
22510468941,Google|IN|Dest|City|XXX|ZAG|EN|PHR,Europe excl UK+IE,ZAG,17.11,0,0,no
22492936724,Google|IN|O&D|Routes|BLR|MIA|EN|PHR,North America,MIA,17.08,0,0,no
22616982899,Google|IN|O&D|Routes|BOM|DAR|EN|MOD,Africa,DAR,16.92,0,0,no
22496385532,Google|IN|O&D|Routes|BOM|GRU|EN|MOD,other,GRU,16.77,0,0,no
22492948772,Google|IN|O&D|Routes|COK|EDI|EN|PHR,UK+IE,EDI,16.65,0,0,no
22486395972,Google|IN|O&D|Routes|BOM|MIA|EN|PHR,North America,MIA,16.64,0,0,no
22620581242,Google|IN|O&D|Routes|DEL|EVN|EN|MOD,Europe excl UK+IE,EVN,16.57,0,0,no
22496389093,Google|IN|O&D|Routes|DEL|MIA|EN|PHR,North America,MIA,16.46,0,0,no
22496385031,Google|IN|O&D|Routes|BOM|MAN|EN|MOD,UK+IE,MAN,16.32,0,0,no
22486381428,Google|IN|O&D|Routes|BOM|FRA|EN|MOD,Europe excl UK+IE,FRA,16.3,0,0,no
22496390335,Google|IN|O&D|Routes|AMD|SFO|EN|MOD,North America,SFO,16.2,0,0,no
22486379502,Google|IN|O&D|Routes|BLR|LAX|EN|PHR,North America,LAX,16.1,0,0,no
23961332084,Google|IN|O&D|Routes|MAA|BCN|EN|MOD,Europe excl UK+IE,BCN,16.05,0,0,no
22492948469,Google|IN|O&D|Routes|BLR|YUL|EN|PHR,North America,YUL,16.05,0,0,no
23940392561,Google|IN|Dest|City|XXX|BOG|EN|PHR,other,BOG,16.03,0,0,no
23956244841,Google|IN|O&D|Routes|HYD|VIE|EN|MOD,Europe excl UK+IE,VIE,15.89,0,0,no
23956245114,Google|IN|O&D|Routes|DEL|BAH|EN|PHR,GCC and Middle East,BAH,15.84,0,0,no
22620585535,Google|IN|O&D|Routes|COK|KWI|EN|PHR,GCC and Middle East,KWI,15.78,0,0,no
22490531259,Google|IN|Dest|City|XXX|EVN|EN|PHR,Europe excl UK+IE,EVN,15.76,0,0,no
22486377528,Google|IN|O&D|Routes|HYD|DTW|EN|PHR,North America,DTW,15.68,0,0,no
22492941329,Google|IN|O&D|Routes|HYD|BOS|EN|MOD,North America,BOS,15.56,0,0,no
23479423379,Google|IN|O&D|Routes|BOM|HAS|EN|PHR,GCC and Middle East,HAS,15.34,0,0,no
22492554608,Google|IN|O&D|Routes|MAA|FRA|EN|MOD,Europe excl UK+IE,FRA,15.21,0,0,no
22492935353,Google|IN|O&D|Routes|COK|DFW|EN|MOD,North America,DFW,15.18,0,4,no
23956244571,Google|IN|O&D|Routes|CCU|MUC|EN|MOD,Europe excl UK+IE,MUC,15.16,0,0,no
23965940629,Google|IN|O&D|Routes|CCU|RUH|EN|PHR,GCC and Middle East,RUH,15.07,0,0,no
22496400229,Google|IN|O&D|Routes|BOM|FCO|EN|PHR,Europe excl UK+IE,FCO,15.02,0,0,no
22492933181,Google|IN|O&D|Routes|MAA|MIA|EN|MOD,North America,MIA,14.9,0,0,no
22486399917,Google|IN|O&D|Routes|MAA|AMS|EN|PHR,Europe excl UK+IE,AMS,14.82,0,0,no
22486375668,Google|IN|O&D|Routes|CCU|ARN|EN|MOD,Europe excl UK+IE,ARN,14.78,0,0,no
22486383771,Google|IN|O&D|Routes|CCU|SEA|EN|MOD,North America,SEA,14.75,0,0,no
23956245816,Google|IN|O&D|Routes|ATQ|MAN|EN|PHR,UK+IE,MAN,14.74,0,0,no
22492940300,Google|IN|O&D|Routes|MAA|YYZ|EN|PHR,North America,YYZ,14.62,0,0,no
22496383888,Google|IN|O&D|Routes|MAA|YUL|EN|MOD,North America,YUL,14.47,0,0,no
22496374318,Google|IN|O&D|Routes|HYD|LAX|EN|PHR,North America,LAX,14.46,0,0,no
22492959968,Google|IN|O&D|Routes|BOM|MAD|EN|PHR,Europe excl UK+IE,MAD,14.38,0,0,no
22486395837,Google|IN|O&D|Routes|CCU|DUB|EN|PHR,UK+IE,DUB,14.35,0,0,no
22520507659,Google|IN|Dest|City|XXX|CPH|EN|PHR,Europe excl UK+IE,CPH,14.34,0,0,no
22492937993,Google|IN|O&D|Routes|ATQ|JFK|EN|PHR,North America,JFK,14.27,0,0,no
22496381263,Google|IN|O&D|Routes|BOM|ATL|EN|MOD,North America,ATL,13.97,0,0,no
22616992217,Google|IN|O&D|Routes|ATQ|FCO|EN|PHR,Europe excl UK+IE,FCO,13.95,0,0,no
22492937468,Google|IN|O&D|Routes|CCU|AMS|EN|MOD,Europe excl UK+IE,AMS,13.85,0,0,no
22616986748,Google|IN|O&D|Routes|DEL|BRU|EN|PHR,Europe excl UK+IE,BRU,13.81,0,0,no
22486397508,Google|IN|O&D|Routes|MAA|BER|EN|PHR,Europe excl UK+IE,BER,13.77,0,0,no
22492948538,Google|IN|O&D|Routes|BLR|BOS|EN|PHR,North America,BOS,13.76,0,0,no
22492939577,Google|IN|O&D|Routes|BLR|ATL|EN|MOD,North America,ATL,13.74,0,0,no
22496405278,Google|IN|O&D|Routes|CCU|MAN|EN|PHR,UK+IE,MAN,13.64,0,0,no
22620585025,Google|IN|O&D|Routes|BLR|PRG|EN|PHR,Europe excl UK+IE,PRG,13.51,0,0,no
22610637525,Google|IN|O&D|Routes|CCJ|RUH|EN|PHR,GCC and Middle East,RUH,13.45,0,0,no
22486395750,Google|IN|O&D|Routes|MAA|SFO|EN|PHR,North America,SFO,13.33,0,0,no
22496404960,Google|IN|O&D|Routes|HYD|SEA|EN|PHR,North America,SEA,13.31,0,0,no
22486397982,Google|IN|O&D|Routes|BOM|WAW|EN|PHR,Europe excl UK+IE,WAW,13.2,0,0,no
23965939603,Google|IN|O&D|Routes|DEL|LUN|EN|MOD,Africa,LUN,13.19,0,0,no
22496382145,Google|IN|O&D|Routes|BOM|BOS|EN|MOD,North America,BOS,13.15,0,0,no
23956245735,Google|IN|O&D|Routes|BLR|SHJ|EN|PHR,GCC and Middle East,SHJ,13.11,0,0,no
22492949999,Google|IN|O&D|Routes|CCU|ZRH|EN|PHR,Europe excl UK+IE,ZRH,13.08,0,0,no
22486400829,Google|IN|O&D|Routes|BLR|MUC|EN|PHR,Europe excl UK+IE,MUC,13.0,0,0,no
22492957322,Google|IN|O&D|Routes|BOM|LOS|EN|PHR,Africa,LOS,12.95,0,0,no
22492928078,Google|IN|O&D|Routes|DEL|GVA|EN|MOD,Europe excl UK+IE,GVA,12.9,0,0,no
22492930010,Google|IN|O&D|Routes|DEL|MUC|EN|MOD,Europe excl UK+IE,MUC,12.86,0,0,no
23956245246,Google|IN|O&D|Routes|ATQ|FRA|EN|PHR,Europe excl UK+IE,FRA,12.76,0,0,no
22496397838,Google|IN|O&D|Routes|HYD|AMS|EN|PHR,Europe excl UK+IE,AMS,12.75,0,0,no
22486391643,Google|IN|O&D|Routes|HYD|DOH|EN|PHR,GCC and Middle East,DOH,12.66,0,0,no
22616989829,Google|IN|O&D|Routes|BLR|CPH|EN|PHR,Europe excl UK+IE,CPH,12.6,0,0,no
22492950941,Google|IN|O&D|Routes|MAA|MIA|EN|PHR,North America,MIA,12.52,0,0,no
22492927124,Google|IN|O&D|Routes|MAA|BHX|EN|MOD,UK+IE,BHX,12.38,0,0,no
22496405935,Google|IN|O&D|Routes|BLR|MAD|EN|PHR,Europe excl UK+IE,MAD,12.16,0,0,no
22610641395,Google|IN|O&D|Routes|HYD|BCN|EN|PHR,Europe excl UK+IE,BCN,12.11,0,0,no
23164702752,Google|IN|Dest|City|XXX|RSI|EN|PHR,GCC and Middle East,RSI,12.02,0,0,no
22496397787,Google|IN|O&D|Routes|MAA|LAX|EN|PHR,North America,LAX,12.0,0,0,no
22486393173,Google|IN|O&D|Routes|BLR|AMS|EN|PHR,Europe excl UK+IE,AMS,11.95,0,0,no
22620583852,Google|IN|O&D|Routes|COK|WAW|EN|MOD,Europe excl UK+IE,WAW,11.8,0,0,no
22616983886,Google|IN|O&D|Routes|COK|RUH|EN|MOD,GCC and Middle East,RUH,11.77,0,0,no
22510471887,Google|IN|Dest|City|XXX|MXP|EN|PHR,Europe excl UK+IE,MXP,11.75,0,0,no
23944945117,Google|IN|O&D|Country|IN|VE|EN|MOD,other,VE,11.66,0,0,no
22492398680,Google|IN|O&D|Routes|CCU|IAH|EN|MOD,North America,IAH,11.66,0,0,no
22492951082,Google|IN|O&D|Routes|TRV|LHR|EN|PHR,UK+IE,LHR,11.59,0,0,no
23956243158,Google|IN|O&D|Routes|CCU|OSL|EN|MOD,Europe excl UK+IE,OSL,11.41,0,0,no
22610646603,Google|IN|Dest|City|XXX|MPM|EN|PHR,Africa,MPM,11.37,0,0,no
22610641158,Google|IN|Dest|City|XXX|JRO|EN|PHR,Africa,JRO,11.35,0,0,no
22486381848,Google|IN|O&D|Routes|AMD|LAX|EN|MOD,North America,LAX,11.3,0,0,no
22486396443,Google|IN|O&D|Routes|DEL|SEA|EN|PHR,North America,SEA,11.27,0,0,no
22492942952,Google|IN|O&D|Routes|AMD|LAX|EN|PHR,North America,LAX,11.01,0,0,no
22496401399,Google|IN|O&D|Routes|BLR|ATH|EN|PHR,Europe excl UK+IE,ATH,11.0,0,0,no
22492939583,Google|IN|O&D|Routes|MAA|DOH|EN|MOD,GCC and Middle East,DOH,10.99,0,0,no
22616985806,Google|IN|O&D|Routes|BLR|BHX|EN|MOD,UK+IE,BHX,10.95,0,0,no
22496398693,Google|IN|O&D|Routes|MAA|SEA|EN|PHR,North America,SEA,10.86,0,0,no
22616987972,Google|IN|O&D|Routes|BOM|BHX|EN|PHR,UK+IE,BHX,10.77,0,0,no
22486399581,Google|IN|O&D|Routes|COK|AMS|EN|PHR,Europe excl UK+IE,AMS,10.76,0,0,no
22496383858,Google|IN|O&D|Routes|MAA|BOS|EN|MOD,North America,BOS,10.65,0,0,no
22492952084,Google|IN|O&D|Routes|CCU|FRA|EN|PHR,Europe excl UK+IE,FRA,10.61,0,0,no
22496408341,Google|IN|O&D|Routes|DEL|LGW|EN|PHR,UK+IE,LGW,10.6,0,0,no
22610634207,Google|IN|O&D|Routes|BLR|PRG|EN|MOD,Europe excl UK+IE,PRG,10.51,0,0,no
22516912514,Google|IN|Dest|City|XXX|DMM|EN|MOD,GCC and Middle East,DMM,10.44,0,0,no
22492943240,Google|IN|O&D|Routes|DEL|LCA|EN|PHR,Europe excl UK+IE,LCA,10.38,0,0,no
22492941284,Google|IN|O&D|Routes|AMD|BOS|EN|MOD,North America,BOS,10.22,0,0,no
22496402371,Google|IN|O&D|Routes|COK|BER|EN|PHR,Europe excl UK+IE,BER,10.15,0,0,no
22486373496,Google|IN|O&D|Routes|DEL|OTP|EN|MOD,Europe excl UK+IE,OTP,10.05,0,0,no
22486386903,Google|IN|O&D|Routes|BLR|BRU|EN|PHR,Europe excl UK+IE,BRU,9.97,0,0,no
22492959545,Google|IN|O&D|Routes|BLR|IST|EN|PHR,Europe excl UK+IE,IST,9.86,0,0,no
22616991356,Google|IN|O&D|Routes|BLR|BHX|EN|PHR,UK+IE,BHX,9.75,0,0,no
22620584869,Google|IN|O&D|Routes|TRV|JFK|EN|PHR,North America,JFK,9.66,0,0,no
22492959275,Google|IN|O&D|Routes|MAA|DOH|EN|PHR,GCC and Middle East,DOH,9.64,0,0,no
22486387848,Google|IN|O&D|Routes|DEL|BOS|EN|PHR,North America,BOS,9.57,0,0,no
22492941272,Google|IN|O&D|Routes|COK|CDG|EN|MOD,Europe excl UK+IE,CDG,9.43,0,0,no
22486373961,Google|IN|O&D|Routes|MAA|MAN|EN|MOD,UK+IE,MAN,9.4,0,0,no
22496385487,Google|IN|O&D|Routes|COK|ATL|EN|MOD,North America,ATL,9.37,0,0,no
22616990525,Google|IN|O&D|Routes|MAA|BRU|EN|PHR,Europe excl UK+IE,BRU,9.31,0,0,no
22616991278,Google|IN|O&D|Routes|HYD|FCO|EN|PHR,Europe excl UK+IE,FCO,9.28,0,0,no
22616988914,Google|IN|O&D|Routes|COK|ZRH|EN|PHR,Europe excl UK+IE,ZRH,8.91,0,0,no
22486400070,Google|IN|O&D|Routes|AMD|ATL|EN|PHR,North America,ATL,8.9,0,0,no
22486384554,Google|IN|O&D|Routes|ATQ|YUL|EN|PHR,North America,YUL,8.81,0,0,no
22496385046,Google|IN|O&D|Routes|AMD|ORD|EN|PHR,North America,ORD,8.8,0,0,no
22492948685,Google|IN|O&D|Routes|COK|DFW|EN|PHR,North America,DFW,8.75,0,0,no
22616983379,Google|IN|O&D|Routes|DEL|BRU|EN|MOD,Europe excl UK+IE,BRU,8.7,0,0,no
22496401117,Google|IN|O&D|Routes|COK|MAN|EN|PHR,UK+IE,MAN,8.63,0,0,no
22492935533,Google|IN|O&D|Routes|COK|ORD|EN|MOD,North America,ORD,8.62,0,0,no
22492929296,Google|IN|O&D|Routes|COK|ARN|EN|MOD,Europe excl UK+IE,ARN,8.55,0,0,no
22492935065,Google|IN|O&D|Routes|BOM|MIA|EN|MOD,North America,MIA,8.52,0,0,no
22610643288,Google|IN|O&D|Routes|BLR|CAI|EN|PHR,Africa,CAI,8.46,0,0,no
22620582127,Google|IN|O&D|Routes|BOM|ATH|EN|PHR,Europe excl UK+IE,ATH,8.43,0,0,no
22496391829,Google|IN|O&D|Routes|AMD|IAH|EN|MOD,North America,IAH,8.42,0,0,no
22492956392,Google|IN|O&D|Routes|DEL|YUL|EN|PHR,North America,YUL,8.35,0,0,no
22496391082,Google|IN|O&D|Routes|COK|DUB|EN|MOD,UK+IE,DUB,8.33,0,0,no
22486375164,Google|IN|O&D|Routes|AMD|ORD|EN|MOD,North America,ORD,8.15,0,0,no
22486386885,Google|IN|O&D|Routes|CCU|IAH|EN|PHR,North America,IAH,8.15,0,0,no
22486372980,Google|IN|O&D|Routes|COK|SFO|EN|MOD,North America,SFO,8.04,0,0,no
23956244367,Google|IN|O&D|Routes|HYD|LCA|EN|MOD,Europe excl UK+IE,LCA,7.98,0,0,no
22492934159,Google|IN|O&D|Routes|AMD|JFK|EN|MOD,North America,JFK,7.94,0,0,no
22496391259,Google|IN|O&D|Routes|CCJ|DUB|EN|MOD,UK+IE,DUB,7.89,0,0,no
22620574021,Google|IN|O&D|Routes|AMD|MAN|EN|MOD,UK+IE,MAN,7.85,0,0,no
22492941830,Google|IN|O&D|Routes|COK|MIA|EN|MOD,North America,MIA,7.85,0,0,no
22620590056,Google|IN|O&D|Routes|ATQ|BHX|EN|PHR,UK+IE,BHX,7.62,0,0,no
22496387200,Google|IN|O&D|Routes|ATQ|LAX|EN|MOD,North America,LAX,7.59,0,0,no
22616984396,Google|IN|O&D|Routes|DEL|NBO|EN|MOD,Africa,NBO,7.59,0,0,no
22492937459,Google|IN|O&D|Routes|HYD|ARN|EN|MOD,Europe excl UK+IE,ARN,7.58,0,0,no
22492954289,Google|IN|O&D|Routes|BOM|GRU|EN|PHR,other,GRU,7.55,0,0,no
22492955954,Google|IN|O&D|Routes|CCJ|DOH|EN|PHR,GCC and Middle East,DOH,7.48,0,0,no
22486382391,Google|IN|O&D|Routes|COK|MUC|EN|MOD,Europe excl UK+IE,MUC,7.42,0,0,no
23961332093,Google|IN|O&D|Routes|MAA|CPH|EN|MOD,Europe excl UK+IE,CPH,7.4,0,0,no
22492942505,Google|IN|O&D|Routes|CCJ|LHR|EN|MOD,UK+IE,LHR,7.37,0,0,no
23956245975,Google|IN|O&D|Routes|HYD|VIE|EN|PHR,Europe excl UK+IE,VIE,7.33,0,0,no
22492960508,Google|IN|O&D|Routes|MAA|ZRH|EN|PHR,Europe excl UK+IE,ZRH,7.33,0,0,no
22486397946,Google|IN|O&D|Routes|CCU|ORD|EN|PHR,North America,ORD,7.3,0,0,no
22610637102,Google|IN|O&D|Routes|CCJ|MAN|EN|MOD,UK+IE,MAN,7.23,0,0,no
22496393209,Google|IN|O&D|Routes|CCU|LAX|EN|MOD,North America,LAX,7.21,0,0,no
22616983844,Google|IN|O&D|Routes|BOM|MPM|EN|MOD,Africa,MPM,7.21,0,0,no
22496393749,Google|IN|O&D|Routes|COK|IAD|EN|MOD,North America,IAD,7.16,0,0,no
22616987900,Google|IN|O&D|Routes|BOM|VIE|EN|PHR,Europe excl UK+IE,VIE,7.13,0,0,no
22486384746,Google|IN|O&D|Routes|MAA|DUB|EN|MOD,UK+IE,DUB,7.12,0,0,no
22616988641,Google|IN|O&D|Routes|DEL|NBO|EN|PHR,Africa,NBO,7.03,0,0,no
22486379199,Google|IN|O&D|Routes|HYD|MUC|EN|MOD,Europe excl UK+IE,MUC,6.97,0,0,no
22486396071,Google|IN|O&D|Routes|DEL|ARN|EN|PHR,Europe excl UK+IE,ARN,6.92,0,0,no
22496373490,Google|IN|O&D|Routes|TRV|LHR|EN|MOD,UK+IE,LHR,6.9,0,0,no
22486396743,Google|IN|O&D|Routes|CCU|DFW|EN|PHR,North America,DFW,6.87,0,0,no
22495868374,Google|IN|O&D|Routes|DEL|MIA|EN|MOD,North America,MIA,6.74,0,0,no
22496380549,Google|IN|O&D|Routes|CCU|CPH|EN|MOD,Europe excl UK+IE,CPH,6.72,0,0,no
22500540601,Google|IN|Dest|City|XXX|IAD|EN|PHR,North America,IAD,6.71,0,0,no
22496395639,Google|IN|O&D|Routes|ATQ|SFO|EN|PHR,North America,SFO,6.68,0,0,no
22496399488,Google|IN|O&D|Routes|COK|LGW|EN|PHR,UK+IE,LGW,6.6,0,0,no
23965941550,Google|IN|O&D|Routes|TRV|ORD|EN|PHR,North America,ORD,6.58,0,0,no
22492950953,Google|IN|O&D|Routes|DEL|DOH|EN|PHR,GCC and Middle East,DOH,6.5,0,0,no
22486396722,Google|IN|O&D|Routes|DEL|BEG|EN|PHR,Europe excl UK+IE,BEG,6.37,0,0,no
22496378815,Google|IN|O&D|Routes|ATQ|SFO|EN|MOD,North America,SFO,6.33,0,0,no
22486051080,Google|IN|O&D|Routes|COK|DOH|EN|MOD,GCC and Middle East,DOH,6.31,0,0,no
23956243392,Google|IN|O&D|Routes|HYD|MAD|EN|MOD,Europe excl UK+IE,MAD,6.18,0,0,no
22486391025,Google|IN|O&D|Routes|CCU|CPH|EN|PHR,Europe excl UK+IE,CPH,6.17,0,0,no
22486392156,Google|IN|O&D|Routes|AMD|DFW|EN|PHR,North America,DFW,6.17,0,0,no
22492940321,Google|IN|O&D|Routes|COK|AMS|EN|MOD,Europe excl UK+IE,AMS,6.04,0,0,no
22486379004,Google|IN|O&D|Routes|BOM|EVN|EN|MOD,Europe excl UK+IE,EVN,5.95,0,0,no
22486378701,Google|IN|O&D|Routes|MAA|OSL|EN|MOD,Europe excl UK+IE,OSL,5.93,0,0,no
23965940311,Google|IN|O&D|Routes|CCJ|SFO|EN|MOD,North America,SFO,5.91,0,0,no
22486397196,Google|IN|O&D|Routes|CCU|SFO|EN|PHR,North America,SFO,5.89,0,0,no
22496404729,Google|IN|O&D|Routes|TRV|DFW|EN|PHR,North America,DFW,5.82,0,0,no
22616987201,Google|IN|O&D|Routes|TRV|YYZ|EN|PHR,North America,YYZ,5.81,0,0,no
22620585310,Google|IN|O&D|Routes|BOM|DAR|EN|PHR,Africa,DAR,5.73,0,0,no
22492951652,Google|IN|O&D|Routes|COK|LAX|EN|PHR,North America,LAX,5.71,0,0,no
22496397247,Google|IN|O&D|Routes|BLR|DOH|EN|PHR,GCC and Middle East,DOH,5.7,0,0,no
23923253205,Google|IN|O&D|Routes|BOM|BOG|EN|MOD,other,BOG,5.67,0,0,no
22496408068,Google|IN|O&D|Routes|AMD|BOS|EN|PHR,North America,BOS,5.41,0,0,no
23965942531,Google|IN|O&D|Routes|MAA|BCN|EN|PHR,Europe excl UK+IE,BCN,5.39,0,0,no
23956243164,Google|IN|O&D|Routes|COK|OSL|EN|MOD,Europe excl UK+IE,OSL,5.28,0,0,no
22486391985,Google|IN|O&D|Routes|DEL|IAH|EN|PHR,North America,IAH,5.22,0,0,no
22486399437,Google|IN|O&D|Routes|AMD|SFO|EN|PHR,North America,SFO,5.2,0,0,no
22496379346,Google|IN|O&D|Routes|AMD|YUL|EN|MOD,North America,YUL,5.18,0,0,no
22486397658,Google|IN|O&D|Routes|TRV|MAN|EN|PHR,UK+IE,MAN,5.17,0,0,no
23956245993,Google|IN|O&D|Routes|ATQ|MXP|EN|PHR,Europe excl UK+IE,MXP,5.13,0,0,no
22496398219,Google|IN|O&D|Routes|HYD|LGW|EN|PHR,UK+IE,LGW,5.12,0,0,no
22496393215,Google|IN|O&D|Routes|MAA|WAW|EN|PHR,Europe excl UK+IE,WAW,5.08,0,0,no
22486390749,Google|IN|O&D|Routes|DEL|LIS|EN|PHR,Europe excl UK+IE,LIS,5.02,0,0,no
22486385217,Google|IN|O&D|Routes|HYD|TPA|EN|PHR,North America,TPA,5.0,0,0,no
22486375335,Google|IN|O&D|Routes|ATQ|SEA|EN|MOD,North America,SEA,4.98,0,0,no
22496388937,Google|IN|O&D|Routes|COK|YUL|EN|MOD,North America,YUL,4.96,0,0,no
22496378812,Google|IN|O&D|Routes|ATQ|YUL|EN|MOD,North America,YUL,4.95,0,0,no
22496397784,Google|IN|O&D|Routes|MAA|MUC|EN|PHR,Europe excl UK+IE,MUC,4.94,0,0,no
22492948448,Google|IN|O&D|Routes|MAA|LGW|EN|PHR,UK+IE,LGW,4.92,0,0,no
22496394445,Google|IN|O&D|Routes|COK|SFO|EN|PHR,North America,SFO,4.92,0,0,no
23965942525,Google|IN|O&D|Routes|CCU|MUC|EN|PHR,Europe excl UK+IE,MUC,4.8,0,0,no
22496402158,Google|IN|O&D|Routes|TRV|FRA|EN|PHR,Europe excl UK+IE,FRA,4.74,0,0,no
22492949180,Google|IN|O&D|Routes|AMD|MIA|EN|PHR,North America,MIA,4.66,0,0,no
23956243800,Google|IN|O&D|Routes|BLR|LCA|EN|MOD,Europe excl UK+IE,LCA,4.65,0,0,no
22486390494,Google|IN|O&D|Routes|MAA|ATL|EN|PHR,North America,ATL,4.5,0,0,no
22486398843,Google|IN|O&D|Routes|COK|MUC|EN|PHR,Europe excl UK+IE,MUC,4.47,0,0,no
22492930961,Google|IN|O&D|Routes|CCU|FRA|EN|MOD,Europe excl UK+IE,FRA,4.47,0,0,no
22486392666,Google|IN|O&D|Routes|COK|IAH|EN|PHR,North America,IAH,4.35,0,0,no
23956245588,Google|IN|O&D|Routes|HYD|MAD|EN|PHR,Europe excl UK+IE,MAD,4.35,0,0,no
23965942522,Google|IN|O&D|Routes|BLR|MXP|EN|PHR,Europe excl UK+IE,MXP,4.35,0,0,no
23927627433,Google|IN|O&D|Routes|BOM|CCS|EN|MOD,other,CCS,4.27,0,0,no
22510471395,Google|IN|Dest|City|XXX|DUS|EN|PHR,Europe excl UK+IE,DUS,4.25,0,0,no
22492934777,Google|IN|O&D|Routes|DEL|DFW|EN|MOD,North America,DFW,4.15,0,0,no
22496406889,Google|IN|O&D|Routes|BLR|JNB|EN|PHR,Africa,JNB,4.13,0,0,no
23956245747,Google|IN|O&D|Routes|BOM|OTP|EN|PHR,Europe excl UK+IE,OTP,4.11,0,0,no
22492959785,Google|IN|O&D|Routes|CCU|SEA|EN|PHR,North America,SEA,4.05,0,0,no
22492959029,Google|IN|O&D|Routes|MAA|FRA|EN|PHR,Europe excl UK+IE,FRA,3.96,0,0,no
22486373469,Google|IN|O&D|Routes|COK|DUS|EN|MOD,Europe excl UK+IE,DUS,3.88,0,0,no
22616991749,Google|IN|O&D|Routes|CCJ|FRA|EN|PHR,Europe excl UK+IE,FRA,3.86,0,0,no
22497093062,Google|IN|Dest|City|XXX|ARN|EN|PHR,Europe excl UK+IE,ARN,3.86,0,0,no
22496388946,Google|IN|O&D|Routes|DEL|BEG|EN|MOD,Europe excl UK+IE,BEG,3.85,0,0,no
22496401096,Google|IN|O&D|Routes|AMD|JFK|EN|PHR,North America,JFK,3.8,0,0,no
22492956140,Google|IN|O&D|Routes|HYD|MIA|EN|PHR,North America,MIA,3.77,0,0,no
23965941745,Google|IN|O&D|Routes|CCJ|YYZ|EN|PHR,North America,YYZ,3.76,0,0,no
23944945111,Google|IN|Dest|City|XXX|CCS|EN|PHR,other,CCS,3.74,0,0,no
22496407375,Google|IN|O&D|Routes|MAA|DUB|EN|PHR,UK+IE,DUB,3.74,0,0,no
22492927433,Google|IN|O&D|Routes|DEL|DOH|EN|MOD,GCC and Middle East,DOH,3.73,0,0,no
22486381107,Google|IN|O&D|Routes|TRV|DFW|EN|MOD,North America,DFW,3.61,0,0,no
22485848589,Google|IN|O&D|Routes|BOM|MUC|EN|MOD,Europe excl UK+IE,MUC,3.59,0,0,no
22486398141,Google|IN|O&D|Routes|BOM|FRA|EN|PHR,Europe excl UK+IE,FRA,3.56,0,0,no
23956245000,Google|IN|O&D|Routes|CCU|NBO|EN|PHR,Africa,NBO,3.51,0,0,no
22620574546,Google|IN|O&D|Routes|TRV|YYZ|EN|MOD,North America,YYZ,3.5,0,0,no
22496391799,Google|IN|O&D|Routes|COK|BOS|EN|MOD,North America,BOS,3.47,0,0,no
22616984069,Google|IN|O&D|Routes|ATQ|IAH|EN|MOD,North America,IAH,3.44,0,0,no
22496395414,Google|IN|O&D|Routes|BLR|IAD|EN|PHR,North America,IAD,3.42,0,0,no
22496391298,Google|IN|O&D|Routes|TRV|ATL|EN|PHR,North America,ATL,3.38,0,0,no
22496406202,Google|IN|O&D|Routes|DEL|CPH|EN|PHR,Europe excl UK+IE,CPH,3.36,0,0,no
22492960001,Google|IN|O&D|Routes|DEL|LOS|EN|PHR,Africa,LOS,3.32,0,0,no
22610639424,Google|IN|O&D|Routes|AMD|MAN|EN|PHR,UK+IE,MAN,3.31,0,0,no
22486393401,Google|IN|O&D|Routes|MAA|YUL|EN|PHR,North America,YUL,3.14,0,0,no
22496387263,Google|IN|O&D|Routes|CCU|DFW|EN|MOD,North America,DFW,3.1,0,0,no
22492934855,Google|IN|O&D|Routes|CCU|YUL|EN|MOD,North America,YUL,3.06,0,0,no
23965940764,Google|IN|O&D|Routes|BLR|NCE|EN|PHR,Europe excl UK+IE,NCE,3.01,0,0,no
23956240203,Google|IN|O&D|Routes|CCJ|VIE|EN|MOD,Europe excl UK+IE,VIE,2.93,0,0,no
23961333590,Google|IN|O&D|Routes|HYD|LCA|EN|PHR,Europe excl UK+IE,LCA,2.89,0,0,no
22486391229,Google|IN|O&D|Routes|MAA|BOS|EN|PHR,North America,BOS,2.88,0,0,no
22492953797,Google|IN|O&D|Routes|COK|FCO|EN|PHR,Europe excl UK+IE,FCO,2.83,0,0,no
22486400571,Google|IN|O&D|Routes|DEL|ATL|EN|PHR,North America,ATL,2.81,0,0,no
22492958546,Google|IN|O&D|Routes|COK|BOS|EN|PHR,North America,BOS,2.81,0,0,no
22492940531,Google|IN|O&D|Routes|BOM|BRU|EN|PHR,Europe excl UK+IE,BRU,2.76,0,0,no
22492952798,Google|IN|O&D|Routes|DEL|MUC|EN|PHR,Europe excl UK+IE,MUC,2.76,0,0,no
22486389987,Google|IN|O&D|Routes|AMD|YUL|EN|PHR,North America,YUL,2.74,0,0,no
22492934816,Google|IN|O&D|Routes|BLR|GVA|EN|MOD,Europe excl UK+IE,GVA,2.63,0,0,no
22496395429,Google|IN|O&D|Routes|TRV|DOH|EN|PHR,GCC and Middle East,DOH,2.61,0,0,no
22496386258,Google|IN|O&D|Routes|CCU|ORD|EN|MOD,North America,ORD,2.48,0,0,no
22496408350,Google|IN|O&D|Routes|CCU|ATL|EN|PHR,North America,ATL,2.47,0,0,no
22486373964,Google|IN|O&D|Routes|BLR|BRU|EN|MOD,Europe excl UK+IE,BRU,2.34,0,0,no
23945062036,Google|IN|O&D|Routes|TRV|EDI|EN|PHR,UK+IE,EDI,2.27,0,0,no
22620588169,Google|IN|O&D|Routes|CCJ|MAN|EN|PHR,UK+IE,MAN,2.23,0,0,no
22486379889,Google|IN|O&D|Routes|AMD|IAD|EN|MOD,North America,IAD,2.2,0,0,no
22496380051,Google|IN|O&D|Routes|DEL|BOS|EN|MOD,North America,BOS,2.11,0,0,no
22486388331,Google|IN|O&D|Routes|MAA|BHX|EN|PHR,UK+IE,BHX,2.09,0,0,no
22486387914,Google|IN|O&D|Routes|DEL|GRU|EN|PHR,other,GRU,1.96,0,0,no
23961332537,Google|IN|O&D|Routes|HYD|MXP|EN|PHR,Europe excl UK+IE,MXP,1.95,0,0,no
22486384743,Google|IN|O&D|Routes|AMD|ATL|EN|MOD,North America,ATL,1.91,0,0,no
22496395411,Google|IN|O&D|Routes|BOM|IAD|EN|PHR,North America,IAD,1.89,0,0,no
22496375461,Google|IN|O&D|Routes|HYD|DOH|EN|MOD,GCC and Middle East,DOH,1.88,0,8,no
22496392987,Google|IN|O&D|Routes|DEL|ATL|EN|MOD,North America,ATL,1.85,0,0,no
22492950923,Google|IN|O&D|Routes|TRV|DUB|EN|PHR,UK+IE,DUB,1.84,0,0,no
23471862945,Google|IN|O&D|Routes|COK|HAS|EN|PHR,GCC and Middle East,HAS,1.81,0,0,no
22496406910,Google|IN|O&D|Routes|AMD|DOH|EN|PHR,GCC and Middle East,DOH,1.8,0,0,no
22496393227,Google|IN|O&D|Routes|DEL|MXP|EN|PHR,Europe excl UK+IE,MXP,1.77,0,0,no
22496395111,Google|IN|O&D|Routes|DEL|IAD|EN|PHR,North America,IAD,1.73,0,0,no
23965942750,Google|IN|O&D|Routes|MAA|CPH|EN|PHR,Europe excl UK+IE,CPH,1.73,0,0,no
22492956446,Google|IN|O&D|Routes|HYD|YUL|EN|PHR,North America,YUL,1.72,0,0,no
22486400364,Google|IN|O&D|Routes|HYD|FRA|EN|PHR,Europe excl UK+IE,FRA,1.63,0,0,no
22496374216,Google|IN|O&D|Routes|TRV|ATL|EN|MOD,North America,ATL,1.62,0,0,no
22486391982,Google|IN|O&D|Routes|MAA|LOS|EN|PHR,Africa,LOS,1.49,0,0,no
22496393014,Google|IN|O&D|Routes|COK|BHX|EN|PHR,UK+IE,BHX,1.45,0,0,no
22492937666,Google|IN|O&D|Routes|CCJ|DOH|EN|MOD,GCC and Middle East,DOH,1.44,0,0,no
22492931003,Google|IN|O&D|Routes|BOM|YUL|EN|MOD,North America,YUL,1.39,0,0,no
22496399710,Google|IN|O&D|Routes|COK|SEA|EN|PHR,North America,SEA,1.36,0,0,no
22486381836,Google|IN|O&D|Routes|CCU|IAD|EN|MOD,North America,IAD,1.35,0,0,no
22492942028,Google|IN|O&D|Routes|HYD|IAD|EN|PHR,North America,IAD,1.3,0,0,no
22492938923,Google|IN|O&D|Routes|DEL|CPH|EN|MOD,Europe excl UK+IE,CPH,1.25,0,0,no
22486397169,Google|IN|O&D|Routes|COK|FRA|EN|PHR,Europe excl UK+IE,FRA,1.22,0,0,no
22492949963,Google|IN|O&D|Routes|BLR|GVA|EN|PHR,Europe excl UK+IE,GVA,1.14,0,0,no
22496399695,Google|IN|O&D|Routes|BOM|YUL|EN|PHR,North America,YUL,1.1,0,0,no
22486394394,Google|IN|O&D|Routes|COK|ORD|EN|PHR,North America,ORD,1.08,0,0,no
22486379643,Google|IN|O&D|Routes|BLR|DOH|EN|MOD,GCC and Middle East,DOH,1.06,0,0,no
22492923974,Google|IN|O&D|Routes|ATQ|SEA|EN|PHR,North America,SEA,0.99,0,0,no
22492940624,Google|IN|O&D|Routes|TRV|BER|EN|MOD,Europe excl UK+IE,BER,0.96,0,0,no
22492933178,Google|IN|O&D|Routes|TRV|DUB|EN|MOD,UK+IE,DUB,0.93,0,0,no
22510465875,Google|IN|Dest|City|XXX|DMM|EN|PHR,GCC and Middle East,DMM,0.9,0,0,no
23937324910,Google|IN|O&D|Routes|DEL|CCS|EN|MOD,other,CCS,0.89,0,0,no
23965942534,Google|IN|O&D|Routes|CCJ|ORD|EN|PHR,North America,ORD,0.88,0,0,no
22492954922,Google|IN|O&D|Routes|COK|ATL|EN|PHR,North America,ATL,0.86,0,0,no
22610644062,Google|IN|O&D|Routes|DEL|EVN|EN|PHR,Europe excl UK+IE,EVN,0.86,0,0,no
22486400598,Google|IN|O&D|Routes|COK|MIA|EN|PHR,North America,MIA,0.75,0,0,no
22496386042,Google|IN|O&D|Routes|TRV|FRA|EN|MOD,Europe excl UK+IE,FRA,0.73,0,0,no
22486390305,Google|IN|O&D|Routes|COK|ARN|EN|PHR,Europe excl UK+IE,ARN,0.73,0,0,no
22496402548,Google|IN|O&D|Routes|AMD|IAD|EN|PHR,North America,IAD,0.72,0,0,no
22496401081,Google|IN|O&D|Routes|AMD|SEA|EN|PHR,North America,SEA,0.66,0,0,no
22492919939,Google|IN|O&D|Routes|BLR|LGW|EN|PHR,UK+IE,LGW,0.65,0,0,no
22492958363,Google|IN|O&D|Routes|CCJ|DUB|EN|PHR,UK+IE,DUB,0.63,0,0,no
22486389063,Google|IN|O&D|Routes|CCU|LGW|EN|PHR,UK+IE,LGW,0.58,0,0,no
22486383480,Google|IN|O&D|Routes|COK|DUS|EN|PHR,Europe excl UK+IE,DUS,0.52,0,0,no
22486389594,Google|IN|O&D|Routes|TRV|IAH|EN|PHR,North America,IAH,0.51,0,0,no
22496405182,Google|IN|O&D|Routes|ATQ|LAX|EN|PHR,North America,LAX,0.5,0,0,no
22492955756,Google|IN|O&D|Routes|AMD|IAH|EN|PHR,North America,IAH,0.45,0,0,no
22492957190,Google|IN|O&D|Routes|ATQ|ORD|EN|PHR,North America,ORD,0.41,0,0,no
22496384794,Google|IN|O&D|Routes|HYD|MUC|EN|PHR,Europe excl UK+IE,MUC,0.39,0,0,no
22620587512,Google|IN|O&D|Routes|ATQ|IAH|EN|PHR,North America,IAH,0.37,0,0,no
22492954205,Google|IN|O&D|Routes|BLR|OSL|EN|PHR,Europe excl UK+IE,OSL,0.37,0,0,no
22496400124,Google|IN|O&D|Routes|COK|IAD|EN|PHR,North America,IAD,0.37,0,0,no
22492923962,Google|IN|O&D|Routes|MAA|MAN|EN|PHR,UK+IE,MAN,0.36,0,0,no
23956245261,Google|IN|O&D|Routes|CCJ|SFO|EN|PHR,North America,SFO,0.32,0,0,no
22492952639,Google|IN|O&D|Routes|BOM|MXP|EN|PHR,Europe excl UK+IE,MXP,0.31,0,0,no
22486400073,Google|IN|O&D|Routes|CCJ|LHR|EN|PHR,UK+IE,LHR,0.3,0,0,no
22496387731,Google|IN|O&D|Routes|CCU|DOH|EN|MOD,GCC and Middle East,DOH,0.29,0,0,no
23481546460,Google|IN|O&D|Routes|BLR|HAS|EN|PHR,GCC and Middle East,HAS,0.28,0,0,no
22486376790,Google|IN|O&D|Routes|TRV|IAH|EN|MOD,North America,IAH,0.27,0,4,no
22486389096,Google|IN|O&D|Routes|MAA|IAD|EN|PHR,North America,IAD,0.21,0,0,no
22610648055,Google|IN|Dest|City|XXX|JED|EN|PHR,GCC and Middle East,JED,0.17,0,0,no
22496402623,Google|IN|O&D|Routes|DEL|ZAG|EN|PHR,Europe excl UK+IE,ZAG,0.17,0,0,no
22486377498,Google|IN|O&D|Routes|BOM|DOH|EN|MOD,GCC and Middle East,DOH,0.0,0,1,no
22486379472,Google|IN|O&D|Routes|AMD|DOH|EN|MOD,GCC and Middle East,DOH,0.0,0,0,no
22486381368,Google|IN|O&D|Routes|BOM|ARN|EN|PHR,Europe excl UK+IE,ARN,0.0,0,0,no
22486387620,Google|IN|O&D|Routes|COK|DMM|EN|PHR,GCC and Middle East,DMM,0.0,0,0,no
22486387890,Google|IN|O&D|Routes|MAA|ARN|EN|PHR,Europe excl UK+IE,ARN,0.0,0,0,no
22486390692,Google|IN|O&D|Routes|TRV|IAD|EN|PHR,North America,IAD,0.0,0,0,no
22486392624,Google|IN|O&D|Routes|ATQ|DOH|EN|PHR,GCC and Middle East,DOH,0.0,0,0,no
22486394823,Google|IN|O&D|Routes|CCU|YUL|EN|PHR,North America,YUL,0.0,0,0,no
22486394841,Google|IN|O&D|Routes|BOM|EVN|EN|PHR,Europe excl UK+IE,EVN,0.0,0,0,no
22486394850,Google|IN|O&D|Routes|ATQ|IAD|EN|PHR,North America,IAD,0.0,0,0,no
22486394856,Google|IN|O&D|Routes|HYD|ARN|EN|PHR,Europe excl UK+IE,ARN,0.0,0,0,no
22486398900,Google|IN|O&D|Routes|TRV|BER|EN|PHR,Europe excl UK+IE,BER,0.0,0,0,no
22486400088,Google|IN|O&D|Routes|BOM|ZAG|EN|PHR,Europe excl UK+IE,ZAG,0.0,0,0,no
22490534061,Google|IN|O&D|Country|IN|CZ|EN|MOD,Europe excl UK+IE,CZ,0.0,0,0,no
22490534379,Google|IN|O&D|Country|IN|TR|EN|MOD,Europe excl UK+IE,TR,0.0,0,0,no
22492554629,Google|IN|O&D|Routes|COK|YUL|EN|PHR,North America,YUL,0.0,0,0,no
22492919465,Google|IN|O&D|Routes|BLR|JFK|EN|MOD,North America,JFK,0.0,0,0,no
22492928066,Google|IN|O&D|Routes|COK|DMM|EN|MOD,GCC and Middle East,DMM,0.0,0,0,no
22492928771,Google|IN|O&D|Routes|TRV|DOH|EN|MOD,GCC and Middle East,DOH,0.0,0,1,no
22492929545,Google|IN|O&D|Routes|DEL|GRU|EN|MOD,other,GRU,0.0,0,0,no
22492937681,Google|IN|O&D|Routes|CCU|ZRH|EN|MOD,Europe excl UK+IE,ZRH,0.0,0,0,no
22492948742,Google|IN|O&D|Routes|BOM|ABJ|EN|PHR,Africa,ABJ,0.0,0,0,no
22492950947,Google|IN|O&D|Routes|DEL|OTP|EN|PHR,Europe excl UK+IE,OTP,0.0,0,0,no
22492952783,Google|IN|O&D|Routes|BOM|OSL|EN|PHR,Europe excl UK+IE,OSL,0.0,0,0,no
22492954046,Google|IN|O&D|Routes|MAA|OSL|EN|PHR,Europe excl UK+IE,OSL,0.0,0,0,no
22492957178,Google|IN|O&D|Routes|CCU|IAD|EN|PHR,North America,IAD,0.0,0,0,no
22492958381,Google|IN|O&D|Routes|CCU|DOH|EN|PHR,GCC and Middle East,DOH,0.0,0,0,no
22496378626,Google|IN|O&D|Routes|COK|JFK|EN|MOD,North America,JFK,0.0,0,0,no
22496380450,Google|IN|O&D|Routes|TRV|IAD|EN|MOD,North America,IAD,0.0,0,0,no
22496382139,Google|IN|O&D|Routes|ATQ|DOH|EN|MOD,GCC and Middle East,DOH,0.0,0,2,no
22496383678,Google|IN|O&D|Routes|COK|LAX|EN|MOD,North America,LAX,0.0,0,0,no
22496388457,Google|IN|O&D|Routes|ATQ|IAD|EN|MOD,North America,IAD,0.0,0,0,no
22496396392,Google|IN|O&D|Routes|BOM|LUN|EN|PHR,Africa,LUN,0.0,0,0,no
22496397781,Google|IN|O&D|Routes|CCU|ARN|EN|PHR,Europe excl UK+IE,ARN,0.0,0,0,no
22496400163,Google|IN|O&D|Routes|BOM|DOH|EN|PHR,GCC and Middle East,DOH,0.0,0,0,no
22510465329,Google|IN|O&D|Country|IN|CI|EN|MOD,Africa,CI,0.0,0,0,no
22610632542,Google|IN|O&D|Routes|BOM|JRO|EN|MOD,Africa,JRO,0.0,0,0,no
22610641107,Google|IN|O&D|Routes|BOM|JRO|EN|PHR,Africa,JRO,0.0,0,0,no
22616961038,Google|IN|O&D|Routes|CCJ|JED|EN|MOD,GCC and Middle East,JED,0.0,0,0,no
22616988851,Google|IN|O&D|Routes|CCU|WAW|EN|PHR,Europe excl UK+IE,WAW,0.0,0,0,no
22616993669,Google|IN|O&D|Routes|COK|WAW|EN|PHR,Europe excl UK+IE,WAW,0.0,0,0,no
22620573568,Google|IN|O&D|Routes|DEL|DMM|EN|MOD,GCC and Middle East,DMM,0.0,0,0,no
22620580069,Google|IN|O&D|Routes|TRV|JFK|EN|MOD,North America,JFK,0.0,0,0,no
22620585319,Google|IN|O&D|Routes|DEL|DMM|EN|PHR,GCC and Middle East,DMM,0.0,0,0,no
22620586543,Google|IN|O&D|Routes|CCJ|JED|EN|PHR,GCC and Middle East,JED,0.0,0,0,no
22620586723,Google|IN|O&D|Routes|BOM|MPM|EN|PHR,Africa,MPM,0.0,0,0,no
23164701996,Google|IN|O&D|Routes|TRV|RSI|EN|PHR,GCC and Middle East,RSI,0.0,0,0,no
23164702530,Google|IN|O&D|Routes|BLR|RSI|EN|MOD,GCC and Middle East,RSI,0.0,0,0,no
23164702785,Google|IN|O&D|Routes|CCJ|RSI|EN|MOD,GCC and Middle East,RSI,0.0,0,0,no
23169901907,Google|IN|O&D|Routes|BOM|RSI|EN|MOD,GCC and Middle East,RSI,0.0,0,0,no
23169902570,Google|IN|O&D|Routes|DEL|RSI|EN|PHR,GCC and Middle East,RSI,0.0,0,0,no
23169903074,Google|IN|O&D|Routes|COK|RSI|EN|PHR,GCC and Middle East,RSI,0.0,0,0,no
23174254789,Google|IN|O&D|Routes|HYD|RSI|EN|PHR,GCC and Middle East,RSI,0.0,0,0,no
23174255500,Google|IN|O&D|Routes|BLR|RSI|EN|PHR,GCC and Middle East,RSI,0.0,0,0,no
23174255701,Google|IN|O&D|Routes|COK|RSI|EN|MOD,GCC and Middle East,RSI,0.0,0,0,no
23174255716,Google|IN|O&D|Routes|BOM|RSI|EN|PHR,GCC and Middle East,RSI,0.0,0,0,no
23174255929,Google|IN|O&D|Routes|MAA|RSI|EN|PHR,GCC and Middle East,RSI,0.0,0,0,no
23174255971,Google|IN|O&D|Routes|DEL|RSI|EN|MOD,GCC and Middle East,RSI,0.0,0,0,no
23174256145,Google|IN|O&D|Routes|HYD|RSI|EN|MOD,GCC and Middle East,RSI,0.0,0,0,no
23174256394,Google|IN|O&D|Routes|CCJ|RSI|EN|PHR,GCC and Middle East,RSI,0.0,0,0,no
23174256622,Google|IN|O&D|Routes|TRV|RSI|EN|MOD,GCC and Middle East,RSI,0.0,0,0,no
23174256844,Google|IN|O&D|Routes|MAA|RSI|EN|MOD,GCC and Middle East,RSI,0.0,0,0,no
23471861475,Google|IN|O&D|Routes|TRV|HAS|EN|MOD,GCC and Middle East,HAS,0.0,0,0,no
23471861712,Google|IN|O&D|Routes|BLR|HAS|EN|MOD,GCC and Middle East,HAS,0.0,0,0,no
23471862684,Google|IN|O&D|Routes|DEL|HAS|EN|PHR,GCC and Middle East,HAS,0.0,0,0,no
23476956608,Google|IN|O&D|Routes|DEL|HAS|EN|MOD,GCC and Middle East,HAS,0.0,0,0,no
23476956662,Google|IN|O&D|Routes|MAA|HAS|EN|MOD,GCC and Middle East,HAS,0.0,0,0,no
23476957082,Google|IN|O&D|Routes|COK|HAS|EN|MOD,GCC and Middle East,HAS,0.0,0,0,no
23476957088,Google|IN|O&D|Routes|HYD|HAS|EN|MOD,GCC and Middle East,HAS,0.0,0,0,no
23481546214,Google|IN|O&D|Routes|MAA|HAS|EN|PHR,GCC and Middle East,HAS,0.0,0,0,no
23481546637,Google|IN|O&D|Routes|HYD|HAS|EN|PHR,GCC and Middle East,HAS,0.0,0,0,no
23481546868,Google|IN|O&D|Routes|TRV|HAS|EN|PHR,GCC and Middle East,HAS,0.0,0,0,no
23484040273,Google|IN|O&D|Routes|BOM|HAS|EN|MOD,GCC and Middle East,HAS,0.0,0,0,no
23873179810,Google|IN|O&D|Routes|GOX|DUB|EN|PHR,UK+IE,DUB,0.0,0,0,no
23927627472,Google|IN|O&D|Routes|BOM|CCS|EN|PHR,other,CCS,0.0,0,0,no
23928417764,Google|IN|O&D|Routes|BOM|BOG|EN|PHR,other,BOG,0.0,0,0,no
23928418559,Google|IN|O&D|Routes|DEL|BOG|EN|MOD,other,BOG,0.0,0,0,no
23932917487,Google|IN|O&D|Routes|DEL|BOG|EN|PHR,other,BOG,0.0,0,0,no
23937325594,Google|IN|O&D|Routes|DEL|CCS|EN|PHR,other,CCS,0.0,0,0,no
23944944655,Google|IN|O&D|Routes|CCJ|BER|EN|PHR,Europe excl UK+IE,BER,0.0,0,0,no
23956243899,Google|IN|O&D|Routes|COK|OSL|EN|PHR,Europe excl UK+IE,OSL,0.0,0,0,no
23956244082,Google|IN|O&D|Routes|BOM|AGP|EN|MOD,Europe excl UK+IE,AGP,0.0,0,0,no
23956244391,Google|IN|O&D|Routes|TRV|ORD|EN|MOD,North America,ORD,0.0,0,0,no
23956245243,Google|IN|O&D|Routes|CCU|OSL|EN|PHR,Europe excl UK+IE,OSL,0.0,0,0,no
23956245249,Google|IN|O&D|Routes|BOM|AGP|EN|PHR,Europe excl UK+IE,AGP,0.0,0,0,no
23956245594,Google|IN|O&D|Routes|BLR|LCA|EN|PHR,Europe excl UK+IE,LCA,0.0,0,0,no
23956245597,Google|IN|O&D|Routes|ATQ|DUB|EN|PHR,UK+IE,DUB,0.0,0,0,no
23956245972,Google|IN|O&D|Routes|MAA|VIE|EN|PHR,Europe excl UK+IE,VIE,0.0,0,0,no
23965941019,Google|IN|O&D|Routes|CCJ|VIE|EN|PHR,Europe excl UK+IE,VIE,0.0,0,0,no
23965941730,Google|IN|O&D|Routes|DEL|LUN|EN|PHR,Africa,LUN,0.0,0,0,no
23965941751,Google|IN|O&D|Routes|GOX|LIS|EN|PHR,Europe excl UK+IE,LIS,0.0,0,0,no
23965942759,Google|IN|O&D|Routes|CCU|SVO|EN|PHR,Europe excl UK+IE,SVO,0.0,0,0,no
