portfolio_id,enabled_campaigns,cost_12w,owner,name,type,status,target_cpa,target_roas,cpc_ceiling,cpc_floor
12091018973,453,20032.98,MCC,OnD T3 Routes V2 - Conversions Δ,MAXIMIZE_CONVERSIONS,ENABLED,NOT SET,NOT SET,NOT SET,NOT SET
12042777514,161,99027.81,MCC,OnD Tier 2 Mid Routes - Conversions Δ,MAXIMIZE_CONVERSIONS,ENABLED,NOT SET,NOT SET,NOT SET,NOT SET
12044291429,144,60293.19,MCC,OnD Tier 1 Routes - Conversions Δ,MAXIMIZE_CONVERSIONS,ENABLED,NOT SET,NOT SET,NOT SET,NOT SET
12042785260,102,53259.52,MCC,OnD Tier 2 Low Routes - Conversions Δ,MAXIMIZE_CONVERSIONS,ENABLED,NOT SET,NOT SET,NOT SET,NOT SET
12039304058,81,5677.95,MCC,OnD Tier 2 High Routes - Conversions Δ,MAXIMIZE_CONVERSIONS,ENABLED,NOT SET,NOT SET,NOT SET,NOT SET
12137076247,28,380.18,MCC,OnD Tier 3 High Routes - Conversions Δ,MAXIMIZE_CONVERSIONS,ENABLED,NOT SET,NOT SET,NOT SET,NOT SET
12035500288,24,3740.64,MCC,OnD Elite Routes - Conversions Δ,MAXIMIZE_CONVERSIONS,ENABLED,NOT SET,NOT SET,NOT SET,NOT SET
12104426945,16,490.8,MCC,OnD New Dest - Conversions Δ,MAXIMIZE_CONVERSIONS,ENABLED,NOT SET,NOT SET,NOT SET,NOT SET
10497639351,8,4528.87,MCC,Push group - Conversions Δ,MAXIMIZE_CONVERSIONS,ENABLED,NOT SET,NOT SET,NOT SET,NOT SET
12218920988,4,4160.27,MCC,DE Push IB - 1.09 - Conversions Δ,MAXIMIZE_CONVERSIONS,ENABLED,NOT SET,NOT SET,NOT SET,NOT SET
