portfolio_id,portfolio,campaigns,spend_8w,share_of_spend_pct,cpc,bk_per_1k_clicks,group_mix
12042777514,OnD Tier 2 Mid Routes - Conversions Δ,41,50424.29,31.57,0.5965,2.768,"North 81%, Europe 14%, Africa 3%"
12044291429,OnD Tier 1 Routes - Conversions Δ,96,48351.75,30.27,0.2603,1.626,"GCC 33%, Europe 23%, North 22%"
12042785260,OnD Tier 2 Low Routes - Conversions Δ,60,38722.33,24.24,0.2561,1.746,"GCC 52%, Europe 23%, North 9%"
12091018973,OnD T3 Routes V2 - Conversions Δ,69,10312.37,6.46,0.2645,1.693,"Europe 36%, GCC 26%, UK+IE 24%"
12218920988,DE Push IB - 1.09 - Conversions Δ,4,4016.51,2.51,0.4758,2.961,Europe 100%
12039304058,OnD Tier 2 High Routes - Conversions Δ,17,2918.33,1.83,0.2973,2.037,"UK+IE 51%, Europe 37%, North 10%"
12035500288,OnD Elite Routes - Conversions Δ,9,2509.5,1.57,0.2851,2.841,"Europe 67%, North 33%"
10497639351,Push group - Conversions Δ,7,2200.45,1.38,0.273,1.241,UK+IE 100%
12104426945,OnD New Dest - Conversions Δ,2,145.31,0.09,0.2581,0.0,other 100%
12137076247,OnD Tier 3 High Routes - Conversions Δ,1,135.43,0.08,0.4259,3.145,Europe 100%
