campaign_id,campaign_name,dest_code,country,cost_jun_aug,cost_cut,cost_post,bookings_jun_aug,bookings_cut,bookings_post,revenue_jun_aug,revenue_cut,revenue_post,cost_per_day_post
22932501781,Google|PK|Dest|Country|XXX|GB|EN|MOD,GB,GB,21804.0,504.0,441.0,7.0,3.0,0.0,9708.0,3713.0,0.0,13.0
22922583090,Google|PK|Dest|City|XXX|LGW|EN|MOD,LGW,GB,145.0,10.0,233.0,0.0,0.0,0.0,0.0,0.0,0.0,7.0
22932508534,Google|PK|Dest|City|XXX|MAN|EN|MOD,MAN,GB,80.0,4.0,127.0,0.0,0.0,0.0,0.0,0.0,0.0,4.0
22928439077,Google|PK|Dest|City|XXX|LHR|EN|MOD,LHR,GB,284.0,22.0,108.0,0.0,0.0,0.0,0.0,0.0,0.0,3.0
22922586936,Google|PK|O&D|Routes|LHE|LGW|EN|MOD,LGW,GB,155.0,11.0,106.0,2.0,0.0,0.0,1391.0,0.0,0.0,3.0
22922582106,Google|PK|O&D|Country|PK|GB|EN|MOD,GB,GB,6660.0,185.0,98.0,9.0,1.0,0.0,8164.0,512.0,0.0,3.0
22932516169,Google|PK|Dest|City|XXX|MAN|EN|PHR,MAN,GB,43.0,3.0,92.0,1.0,0.0,0.0,724.0,0.0,0.0,3.0
22932509704,Google|PK|O&D|Routes|KHI|LGW|EN|MOD,LGW,GB,37.0,4.0,71.0,0.0,0.0,0.0,0.0,0.0,0.0,2.0
22928443586,Google|PK|O&D|Routes|ISB|MAN|EN|MOD,MAN,GB,142.0,9.0,58.0,1.0,0.0,0.0,474.0,0.0,0.0,2.0
22922583483,Google|PK|Dest|City|XXX|BHX|EN|MOD,BHX,GB,21.0,2.0,56.0,0.0,0.0,0.0,0.0,0.0,0.0,2.0
22928440007,Google|PK|O&D|Routes|LHE|LHR|EN|MOD,LHR,GB,232.0,10.0,53.0,1.0,0.0,0.0,411.0,0.0,0.0,2.0
23862890838,Google|PK|O&D|Routes|MUX|BHX|EN|MOD,BHX,GB,31.0,65.0,51.0,0.0,1.0,0.0,0.0,852.0,0.0,2.0
22932502924,Google|PK|O&D|Routes|ISB|LHR|EN|PHR,LHR,GB,71.0,0.0,43.0,0.0,0.0,0.0,0.0,0.0,0.0,1.0
22928441945,Google|PK|O&D|Routes|LHE|MAN|EN|MOD,MAN,GB,266.0,6.0,42.0,0.0,0.0,0.0,0.0,0.0,0.0,1.0
22922590254,Google|PK|Dest|City|XXX|LHR|EN|PHR,LHR,GB,114.0,7.0,41.0,1.0,0.0,0.0,411.0,0.0,0.0,1.0
22928442149,Google|PK|O&D|Routes|ISB|LGW|EN|MOD,LGW,GB,74.0,252.0,40.0,1.0,0.0,0.0,390.0,0.0,0.0,1.0
22932508936,Google|PK|O&D|Routes|PEW|LHR|EN|MOD,LHR,GB,16.0,18.0,39.0,0.0,0.0,0.0,0.0,0.0,0.0,1.0
22928440493,Google|PK|O&D|Routes|ISB|LHR|EN|MOD,LHR,GB,279.0,2.0,37.0,2.0,0.0,0.0,1866.0,0.0,0.0,1.0
22922578500,Google|PK|O&D|Routes|LHE|LHR|EN|PHR,LHR,GB,261.0,31.0,32.0,1.0,1.0,0.0,515.0,1541.0,0.0,1.0
22922587659,Google|PK|O&D|Routes|ISB|BHX|EN|MOD,BHX,GB,68.0,54.0,31.0,0.0,0.0,0.0,0.0,0.0,0.0,1.0
22922589051,Google|PK|Dest|City|XXX|EDI|EN|PHR,EDI,GB,20.0,0.0,31.0,0.0,0.0,0.0,0.0,0.0,0.0,1.0
22928443661,Google|PK|O&D|Routes|KHI|MAN|EN|MOD,MAN,GB,19.0,7.0,29.0,0.0,0.0,0.0,0.0,0.0,0.0,1.0
22932514477,Google|PK|O&D|Routes|KHI|LHR|EN|MOD,LHR,GB,72.0,2.0,23.0,0.0,0.0,0.0,0.0,0.0,0.0,1.0
22932505585,Google|PK|O&D|Routes|ISB|MAN|EN|PHR,MAN,GB,147.0,16.0,23.0,1.0,0.0,0.0,943.0,0.0,0.0,1.0
22928441930,Google|PK|O&D|Routes|LHE|EDI|EN|MOD,EDI,GB,56.0,50.0,22.0,0.0,0.0,0.0,0.0,0.0,0.0,1.0
22932503224,Google|PK|O&D|Routes|LHE|MAN|EN|PHR,MAN,GB,40.0,8.0,22.0,0.0,0.0,0.0,0.0,0.0,0.0,1.0
22922564361,Google|PK|Dest|City|XXX|EDI|EN|MOD,EDI,GB,34.0,3.0,22.0,3.0,0.0,0.0,2674.0,0.0,0.0,1.0
22928442449,Google|PK|O&D|Routes|LHE|BHX|EN|MOD,BHX,GB,46.0,20.0,16.0,1.0,2.0,0.0,461.0,3913.0,0.0,0.0
22932502714,Google|PK|O&D|Routes|SKT|LHR|EN|PHR,LHR,GB,3.0,0.0,13.0,0.0,0.0,0.0,0.0,0.0,0.0,0.0
22932509659,Google|PK|O&D|Routes|MUX|LHR|EN|MOD,LHR,GB,26.0,16.0,9.0,0.0,0.0,0.0,0.0,0.0,0.0,0.0
22922585748,Google|PK|O&D|Routes|ISB|EDI|EN|MOD,EDI,GB,34.0,20.0,8.0,1.0,1.0,0.0,871.0,1021.0,0.0,0.0
22928429738,Google|PK|O&D|Routes|KHI|EDI|EN|MOD,EDI,GB,9.0,3.0,8.0,1.0,0.0,0.0,739.0,0.0,0.0,0.0
22922585025,Google|PK|O&D|Routes|KHI|BHX|EN|MOD,BHX,GB,12.0,1.0,8.0,0.0,0.0,0.0,0.0,0.0,0.0,0.0
22922579940,Google|PK|O&D|Routes|LHE|BHX|EN|PHR,BHX,GB,1.0,17.0,7.0,0.0,0.0,0.0,0.0,0.0,0.0,0.0
22928434496,Google|PK|O&D|Routes|MUX|MAN|EN|PHR,MAN,GB,2.0,1.0,7.0,0.0,0.0,0.0,0.0,0.0,0.0,0.0
22928433965,Google|PK|O&D|Routes|PEW|LHR|EN|PHR,LHR,GB,12.0,6.0,5.0,0.0,0.0,0.0,0.0,0.0,0.0,0.0
22928436626,Google|PK|O&D|Routes|ISB|BHX|EN|PHR,BHX,GB,31.0,11.0,5.0,0.0,0.0,0.0,0.0,0.0,0.0,0.0
22932510154,Google|PK|O&D|Routes|PEW|MAN|EN|MOD,MAN,GB,5.0,7.0,5.0,0.0,0.0,0.0,0.0,0.0,0.0,0.0
22922583036,Google|PK|O&D|Routes|SKT|MAN|EN|MOD,MAN,GB,9.0,1.0,4.0,0.0,0.0,0.0,0.0,0.0,0.0,0.0
22928435999,Google|PK|O&D|Routes|KHI|LHR|EN|PHR,LHR,GB,113.0,5.0,4.0,0.0,0.0,0.0,0.0,0.0,0.0,0.0
22928435030,Google|PK|O&D|Routes|LHE|EDI|EN|PHR,EDI,GB,16.0,10.0,4.0,0.0,0.0,0.0,0.0,0.0,0.0,0.0
22932513979,Google|PK|O&D|Routes|SKT|LGW|EN|MOD,LGW,GB,7.0,7.0,3.0,0.0,0.0,0.0,0.0,0.0,0.0,0.0
22932504190,Google|PK|O&D|Routes|ISB|LGW|EN|PHR,LGW,GB,1.0,0.0,3.0,0.0,0.0,0.0,0.0,0.0,0.0,0.0
22932503425,Google|PK|O&D|Routes|KHI|BHX|EN|PHR,BHX,GB,0.0,0.0,3.0,0.0,0.0,0.0,0.0,0.0,0.0,0.0
22922578221,Google|PK|O&D|Routes|MUX|LHR|EN|PHR,LHR,GB,5.0,3.0,2.0,0.0,0.0,0.0,0.0,0.0,0.0,0.0
22932515965,Google|PK|Dest|City|XXX|LGW|EN|PHR,LGW,GB,0.0,0.0,2.0,0.0,0.0,0.0,0.0,0.0,0.0,0.0
22928440274,Google|PK|O&D|Routes|SKT|LHR|EN|MOD,LHR,GB,12.0,0.0,2.0,0.0,0.0,0.0,0.0,0.0,0.0,0.0
22928434229,Google|PK|O&D|Routes|KHI|LGW|EN|PHR,LGW,GB,0.0,0.0,1.0,0.0,0.0,0.0,0.0,0.0,0.0,0.0
22928436227,Google|PK|O&D|Routes|KHI|MAN|EN|PHR,MAN,GB,1.0,0.0,1.0,0.0,0.0,0.0,0.0,0.0,0.0,0.0
22932506323,Google|PK|O&D|Routes|KHI|EDI|EN|PHR,EDI,GB,0.0,0.0,1.0,0.0,0.0,0.0,0.0,0.0,0.0,0.0
22928446262,Google|PK|Dest|City|XXX|BHX|EN|PHR,BHX,GB,398.0,17.0,1.0,1.0,0.0,0.0,971.0,0.0,0.0,0.0
22922577981,Google|PK|O&D|Routes|PEW|MAN|EN|PHR,MAN,GB,2.0,3.0,1.0,0.0,0.0,0.0,0.0,0.0,0.0,0.0
22928435645,Google|PK|O&D|Routes|ISB|EDI|EN|PHR,EDI,GB,4.0,5.0,0.0,1.0,0.0,0.0,546.0,0.0,0.0,0.0
22928435993,Google|PK|O&D|Routes|LHE|LGW|EN|PHR,LGW,GB,0.0,0.0,0.0,0.0,0.0,0.0,0.0,0.0,0.0,0.0
23862890832,Google|PK|O&D|Routes|MUX|BHX|EN|PHR,BHX,GB,0.0,0.0,0.0,0.0,0.0,0.0,0.0,0.0,0.0,0.0
22932513337,Google|PK|O&D|Routes|MUX|EDI|EN|MOD,EDI,GB,7.0,1.0,0.0,1.0,0.0,0.0,493.0,0.0,0.0,0.0
22932504850,Google|PK|O&D|Routes|MUX|EDI|EN|PHR,EDI,GB,0.0,0.0,0.0,0.0,0.0,0.0,0.0,0.0,0.0,0.0
22932510601,Google|PK|O&D|Routes|MUX|MAN|EN|MOD,MAN,GB,9.0,9.0,0.0,1.0,0.0,0.0,742.0,0.0,0.0,0.0
22932504607,Google|PK|O&D|Routes|SKT|LGW|EN|PHR,LGW,GB,0.0,0.0,0.0,0.0,0.0,0.0,0.0,0.0,0.0,0.0
22928434685,Google|PK|O&D|Routes|SKT|MAN|EN|PHR,MAN,GB,0.0,0.0,0.0,0.0,0.0,0.0,0.0,0.0,0.0,0.0
22922585883,Google|PK|O&D|Routes|KHI|DUB|EN|MOD,DUB,IE,1.0,10.0,30.0,0.0,2.0,0.0,0.0,2468.0,0.0,1.0
22922577522,Google|PK|Dest|Country|XXX|IE|EN|MOD,IE,IE,63.0,1.0,23.0,1.0,0.0,0.0,588.0,0.0,0.0,1.0
22932506638,Google|PK|O&D|Country|PK|IE|EN|MOD,IE,IE,71.0,2.0,22.0,1.0,0.0,1.0,472.0,0.0,683.0,1.0
22928444063,Google|PK|O&D|Routes|LHE|DUB|EN|MOD,DUB,IE,34.0,3.0,21.0,0.0,0.0,0.0,0.0,0.0,0.0,1.0
22932510928,Google|PK|O&D|Routes|ISB|DUB|EN|MOD,DUB,IE,34.0,9.0,17.0,0.0,0.0,0.0,0.0,0.0,0.0,1.0
22922590047,Google|PK|Dest|City|XXX|DUB|EN|PHR,DUB,IE,56.0,4.0,6.0,0.0,0.0,0.0,0.0,0.0,0.0,0.0
22932508237,Google|PK|Dest|City|XXX|DUB|EN|MOD,DUB,IE,61.0,1.0,5.0,3.0,0.0,0.0,2208.0,0.0,0.0,0.0
22932505909,Google|PK|O&D|Routes|LHE|DUB|EN|PHR,DUB,IE,23.0,1.0,4.0,0.0,0.0,0.0,0.0,0.0,0.0,0.0
22922579400,Google|PK|O&D|Routes|ISB|DUB|EN|PHR,DUB,IE,15.0,13.0,0.0,2.0,0.0,0.0,1341.0,0.0,0.0,0.0
22928436374,Google|PK|O&D|Routes|KHI|DUB|EN|PHR,DUB,IE,0.0,3.0,0.0,0.0,0.0,0.0,0.0,0.0,0.0,0.0
