market,dest_group,period,days,cost,clicks,cpc,searches,bookings,bookings_per_1k_searches,impression_share,click_share,budget_lost_is,rank_lost_is
PK,ALL,13 Jun-19 Aug,68,64148.05,177513,0.3614,73436.0,634.0,8.63,59.5,25.8,10.8,29.7
PK,ALL,20 Aug-1 Sep,13,6020.07,25571,0.2354,10783.0,83.0,7.7,50.3,18.7,13.0,36.7
PK,ALL,2-19 Sep,18,9922.26,7364,1.3474,2805.0,20.0,7.13,23.5,14.1,59.1,17.4
PK,ALL,20 Sep-5 Oct,16,8788.59,21302,0.4126,8775.0,29.0,3.3,53.3,16.4,43.1,3.6
PK,UK+IE,13 Jun-19 Aug,68,32297.51,29720,1.0867,13047.0,157.0,12.03,77.6,44.7,7.5,14.9
PK,UK+IE,20 Aug-1 Sep,13,1493.09,3366,0.4436,1751.0,16.0,9.14,67.8,26.0,10.5,21.7
PK,UK+IE,2-19 Sep,18,1347.44,616,2.1874,287.0,0.0,0.0,27.3,14.3,72.0,0.7
PK,UK+IE,20 Sep-5 Oct,16,872.78,2068,0.422,1075.0,0.0,0.0,55.2,15.2,44.8,0.0
PK,long-haul,13 Jun-19 Aug,68,15974.74,63207,0.2527,29328.0,238.0,8.12,66.0,30.6,8.0,26.0
PK,long-haul,20 Aug-1 Sep,13,1573.85,7282,0.2161,3421.0,16.0,4.68,59.2,23.8,8.3,32.5
PK,long-haul,2-19 Sep,18,2882.22,1758,1.6395,718.0,5.0,6.96,18.0,12.2,81.7,0.3
PK,long-haul,20 Sep-5 Oct,16,3784.24,8275,0.4573,3666.0,19.0,5.18,61.4,19.7,38.6,0.0
PK,regional,13 Jun-19 Aug,68,14283.61,81074,0.1762,28738.0,227.0,7.9,52.0,18.2,13.3,34.7
PK,regional,20 Aug-1 Sep,13,2499.08,14123,0.177,5189.0,51.0,9.83,43.6,15.1,15.7,40.8
PK,regional,2-19 Sep,18,5001.58,3867,1.2934,1208.0,10.0,8.28,14.8,10.5,85.1,0.1
PK,regional,20 Sep-5 Oct,16,3294.16,9818,0.3355,3493.0,8.0,2.29,50.4,14.2,49.6,0.0
