segment,period,cost,clicks,distinct_terms,reverse_cost,reverse_pct,generic_cost,generic_pct,top200_share_pct,conversions
UK+IE,13 Jun-19 Aug,16994.66,16334,9264,6567.61,38.65,4293.09,25.26,58.33,5501.0
UK+IE,20 Aug-1 Sep,985.9,2274,2773,196.69,19.95,215.56,21.86,72.54,1003.0
UK+IE,2-19 Sep,912.37,410,1133,267.57,29.33,225.74,24.74,96.51,199.0
UK+IE,20 Sep-5 Oct,593.98,1423,2448,54.39,9.16,169.99,28.62,81.51,755.0
long-haul,13 Jun-19 Aug,8493.11,35628,19093,1195.69,14.08,1602.59,18.87,39.49,12109.0
long-haul,20 Aug-1 Sep,1005.82,4770,5683,72.84,7.24,147.57,14.67,56.52,1852.0
long-haul,2-19 Sep,1793.43,1187,3019,659.8,36.79,377.27,21.04,76.06,483.0
long-haul,20 Sep-5 Oct,2299.76,5039,6759,442.65,19.25,398.7,17.34,57.83,2220.0
regional,13 Jun-19 Aug,8956.83,51920,22028,303.85,3.39,1329.21,14.84,49.43,15111.0
regional,20 Aug-1 Sep,1986.98,11197,9221,40.88,2.06,155.79,7.84,66.17,3571.0
regional,2-19 Sep,3811.63,2902,5192,352.96,9.26,288.83,7.58,62.15,910.0
regional,20 Sep-5 Oct,2398.46,7140,8464,62.31,2.6,250.61,10.45,61.34,2520.0
