period,search_term,cost
13 Jun-19 Aug,london to islamabad,689.18
13 Jun-19 Aug,islamabad to manchester,304.4
13 Jun-19 Aug,pakistan to london ticket price,175.55
13 Jun-19 Aug,london ticket price from pakistan,166.42
13 Jun-19 Aug,london to islamabad flights,162.73
13 Jun-19 Aug,london to lahore flights,159.24
13 Jun-19 Aug,manchester to islamabad,154.68
13 Jun-19 Aug,pakistan to england ticket price,151.03
13 Jun-19 Aug,lahore to london ticket price,145.18
13 Jun-19 Aug,heathrow to islamabad,138.88
13 Jun-19 Aug,manchester to lahore flights,130.53
13 Jun-19 Aug,lahore to london flights,129.51
13 Jun-19 Aug,london to karachi flights,129.4
13 Jun-19 Aug,london to pakistan flights,127.64
13 Jun-19 Aug,karachi to manchester,116.04
13 Jun-19 Aug,islamabad to manchester ticket price,113.19
13 Jun-19 Aug,karachi to london ticket price,109.59
13 Jun-19 Aug,manchester to pakistan flights,108.84
13 Jun-19 Aug,flights to pakistan from manchester,108.63
13 Jun-19 Aug,glasgow to lahore flight,101.82
13 Jun-19 Aug,gatwick to islamabad,97.3
13 Jun-19 Aug,flights,96.51
13 Jun-19 Aug,lahore to london,93.85
13 Jun-19 Aug,lahore to manchester flights,91.34
13 Jun-19 Aug,manchester to islamabad flights,87.71
13 Jun-19 Aug,glasgow to lahore,83.26
13 Jun-19 Aug,birmingham to islamabad,80.23
13 Jun-19 Aug,london to lahore,79.36
13 Jun-19 Aug,manchester to lahore,78.91
13 Jun-19 Aug,pakistan to london flight ticket price,75.13
13 Jun-19 Aug,cheap flights,71.71
13 Jun-19 Aug,flights to islamabad from london,71.68
13 Jun-19 Aug,pakistan to scotland ticket price,69.34
13 Jun-19 Aug,birmingham to pakistan flights,67.65
13 Jun-19 Aug,london to islamabad cheap flights,66.45
13 Jun-19 Aug,glasgow to lahore flights,65.69
13 Jun-19 Aug,karachi to glasgow flights,64.9
13 Jun-19 Aug,england ticket price from pakistan,64.84
13 Jun-19 Aug,islamabad to london flights,64.57
13 Jun-19 Aug,cheap flights from london to islamabad,64.42
13 Jun-19 Aug,cheap flights to pakistan from manchester,64.38
13 Jun-19 Aug,london to pakistan ticket price,64.13
13 Jun-19 Aug,pakistan to manchester ticket price,64.03
13 Jun-19 Aug,pakistan to manchester flights,63.96
13 Jun-19 Aug,islamabad to manchester flights,61.93
13 Jun-19 Aug,karachi to london flight ticket price,61.62
13 Jun-19 Aug,pakistan to london,60.69
13 Jun-19 Aug,flights from heathrow to islamabad,60.15
13 Jun-19 Aug,karachi to london,60.04
13 Jun-19 Aug,lahore to manchester,59.62
13 Jun-19 Aug,london to islamabad ticket price,57.27
13 Jun-19 Aug,manchester to lahore cheap flights,56.44
13 Jun-19 Aug,lahore to glasgow,54.97
13 Jun-19 Aug,london to karachi,54.49
13 Jun-19 Aug,karachi to london flights,54.06
13 Jun-19 Aug,scotland ticket price from pakistan,53.42
13 Jun-19 Aug,flight from london to islamabad,51.4
13 Jun-19 Aug,heathrow to islamabad ticket price,50.43
13 Jun-19 Aug,cheap flights to pakistan from birmingham,49.97
13 Jun-19 Aug,sialkot to manchester,47.75
13 Jun-19 Aug,cheap flights to islamabad from london,46.7
13 Jun-19 Aug,cheap flights london to islamabad,46.55
13 Jun-19 Aug,glasgow to islamabad flights,46.54
13 Jun-19 Aug,birmingham to lahore flights,45.44
13 Jun-19 Aug,birmingham to islamabad flights,44.63
13 Jun-19 Aug,karachi to manchester flight,43.77
13 Jun-19 Aug,islamabad to london,42.88
13 Jun-19 Aug,london to islamabad flight,42.23
13 Jun-19 Aug,flights to pakistan from birmingham,42.19
13 Jun-19 Aug,london to islamabad direct flights,41.89
13 Jun-19 Aug,flights to pakistan from london,41.66
13 Jun-19 Aug,london to islamabad return ticket price,41.22
13 Jun-19 Aug,lahore to england ticket price,41.1
13 Jun-19 Aug,karachi to manchester ticket price,40.94
13 Jun-19 Aug,manchester to lahore ticket price,40.36
13 Jun-19 Aug,flight from islamabad to manchester,40.15
13 Jun-19 Aug,isb to manchester,39.29
13 Jun-19 Aug,ticket from london to islamabad,39.28
13 Jun-19 Aug,islamabad to london ticket price,38.97
13 Jun-19 Aug,manchester to karachi flights,38.62
13 Jun-19 Aug,peshawar to birmingham flights,38.39
13 Jun-19 Aug,lahore to birmingham flights,36.46
13 Jun-19 Aug,flights from manchester to lahore,36.29
13 Jun-19 Aug,direct flights from london to islamabad,36.24
13 Jun-19 Aug,peshawar to manchester,36.16
13 Jun-19 Aug,london to lahore ticket price,35.96
13 Jun-19 Aug,lahore to manchester ticket price,35.72
13 Jun-19 Aug,lahore to glasgow ticket price,35.58
13 Jun-19 Aug,newcastle to islamabad,35.52
13 Jun-19 Aug,england to pakistan ticket price,35.5
13 Jun-19 Aug,pakistan to london flights,33.7
13 Jun-19 Aug,khi to lhr flight,33.57
13 Jun-19 Aug,pak to london ticket price,32.95
13 Jun-19 Aug,flight booking,32.79
13 Jun-19 Aug,glasgow to islamabad,32.76
13 Jun-19 Aug,flights from london to pakistan,32.55
13 Jun-19 Aug,cheap flights from islamabad to manchester,32.39
13 Jun-19 Aug,edinburgh to pakistan,32.25
13 Jun-19 Aug,flight to pakistan from manchester,32.14
13 Jun-19 Aug,cheap flights to london from pakistan,31.82
13 Jun-19 Aug,flights to belfast,31.78
13 Jun-19 Aug,edinburgh to pakistan flights,30.61
13 Jun-19 Aug,flights to london,30.5
13 Jun-19 Aug,pakistan tickets from manchester,29.85
13 Jun-19 Aug,cheap flight tickets,29.76
13 Jun-19 Aug,pakistan to birmingham ticket price,29.49
13 Jun-19 Aug,flights from london to islamabad,28.93
13 Jun-19 Aug,cheapest flights,28.92
13 Jun-19 Aug,london to karachi cheap flights,28.74
13 Jun-19 Aug,cheap flights to manchester,28.62
13 Jun-19 Aug,cheap flights from glasgow to islamabad,28.42
13 Jun-19 Aug,manchester to pakistan cheap flights,28.2
13 Jun-19 Aug,lahore to heathrow flights,28.09
13 Jun-19 Aug,karachi to heathrow flights,27.57
13 Jun-19 Aug,islamabad to birmingham flights,27.33
13 Jun-19 Aug,islamabad to england ticket price,27.28
13 Jun-19 Aug,lahore to newcastle flights,27.16
13 Jun-19 Aug,islamabad to manchester direct flight,27.15
13 Jun-19 Aug,lhr to manchester flights,27.02
13 Jun-19 Aug,islamabad to birmingham,26.75
13 Jun-19 Aug,glasgow to pakistan flights,26.74
13 Jun-19 Aug,manchester to pakistan,26.62
13 Jun-19 Aug,flight to islamabad from london,26.57
13 Jun-19 Aug,london to lahore cheap flights,26.44
13 Jun-19 Aug,lahore to london flight,26.43
13 Jun-19 Aug,edinburgh to islamabad,26.2
13 Jun-19 Aug,flights from islamabad to manchester,26.19
13 Jun-19 Aug,manchester to sialkot,26.15
13 Jun-19 Aug,birmingham to lahore,26.12
13 Jun-19 Aug,lahore to belfast flights,25.41
13 Jun-19 Aug,edinburgh ticket price from pakistan,25.3
13 Jun-19 Aug,lahore to glasgow flights,25.2
13 Jun-19 Aug,london to pakistan,25.08
13 Jun-19 Aug,flights from pakistan to manchester,24.25
13 Jun-19 Aug,lahore to london flight ticket price,23.94
13 Jun-19 Aug,newcastle to lahore flights,23.9
13 Jun-19 Aug,multan to manchester ticket price,23.88
13 Jun-19 Aug,islamabad to manchester flight,23.81
13 Jun-19 Aug,karachi to birmingham,23.72
13 Jun-19 Aug,islamabad to glasgow,23.59
13 Jun-19 Aug,cheap flights manchester to islamabad,23.25
13 Jun-19 Aug,islamabad to london flight ticket price,23.2
13 Jun-19 Aug,pakistan to london flight,23.0
13 Jun-19 Aug,london return ticket price from pakistan,22.9
13 Jun-19 Aug,karachi to manchester flights,22.84
13 Jun-19 Aug,glasgow to karachi flights,22.78
13 Jun-19 Aug,edinburgh to lahore flights,22.59
13 Jun-19 Aug,khi to lhr,22.23
13 Jun-19 Aug,cheap flights from manchester to pakistan,22.09
13 Jun-19 Aug,flights from glasgow to islamabad,21.82
13 Jun-19 Aug,ticket price from pakistan to london,21.81
13 Jun-19 Aug,flights from london to lahore,21.78
13 Jun-19 Aug,cheapest flight from london to islamabad,21.72
13 Jun-19 Aug,london heathrow to pakistan islamabad,21.65
13 Jun-19 Aug,pakistan to edinburgh ticket price,21.61
13 Jun-19 Aug,lhr to lhe,21.5
13 Jun-19 Aug,flights from lhe to lon,21.33
13 Jun-19 Aug,london flight ticket price from pakistan,21.32
13 Jun-19 Aug,flight from lahore to london,21.23
13 Jun-19 Aug,isb to manchester flights,21.2
13 Jun-19 Aug,lahore to cardiff flights,21.07
13 Jun-19 Aug,lahore to edinburgh,21.06
13 Jun-19 Aug,flights from edinburgh to pakistan,21.0
13 Jun-19 Aug,lahore to edinburgh flights,20.77
13 Jun-19 Aug,london to faisalabad flights,20.65
13 Jun-19 Aug,islamabad to glasgow flight,20.55
13 Jun-19 Aug,flight from lahore to manchester,20.53
13 Jun-19 Aug,cheap flights glasgow to lahore,20.33
13 Jun-19 Aug,islamabad to heathrow flights,20.32
13 Jun-19 Aug,cheap flights london to pakistan,20.23
13 Jun-19 Aug,lahore to london cheap flights,20.03
13 Jun-19 Aug,flights to pakistan from edinburgh,19.93
13 Jun-19 Aug,cheap flight from london to islamabad,19.86
13 Jun-19 Aug,ticket from islamabad to manchester,19.51
13 Jun-19 Aug,pakistan to london ticket price today,19.44
13 Jun-19 Aug,pakistan to london direct flight,19.39
13 Jun-19 Aug,isb to lhr flight,19.36
13 Jun-19 Aug,tickets from islamabad to manchester,19.33
13 Jun-19 Aug,pakistan to glasgow ticket price,19.28
13 Jun-19 Aug,flights london to islamabad,18.98
13 Jun-19 Aug,heathrow to lisbon,18.89
13 Jun-19 Aug,glasgow to peshawar flights,18.76
13 Jun-19 Aug,cheap flights from karachi to manchester,18.53
13 Jun-19 Aug,direct flights from islamabad to manchester,18.43
13 Jun-19 Aug,direct flight to pakistan from manchester,18.36
13 Jun-19 Aug,lahore to dublin flights,18.35
13 Jun-19 Aug,london to pakistan flight,18.25
13 Jun-19 Aug,flights to glasgow,18.09
13 Jun-19 Aug,flights from glasgow to lahore,17.81
13 Jun-19 Aug,pakistan to birmingham flights,17.64
13 Jun-19 Aug,travel up,17.27
13 Jun-19 Aug,cheapest flights to pakistan from london to islamabad,17.04
13 Jun-19 Aug,cheap flights islamabad to manchester,16.89
13 Jun-19 Aug,heathrow to islamabad cheap flights,16.8
13 Jun-19 Aug,manchester to islamabad ticket price,16.75
13 Jun-19 Aug,flight ticket,16.67
13 Jun-19 Aug,pakistan to birmingham,16.57
13 Jun-19 Aug,cheap flights to karachi from london,16.55
13 Jun-19 Aug,manchester to islamabad cheap flights,16.48
13 Jun-19 Aug,islamabad to edinburgh flights,16.4
13 Jun-19 Aug,pakistan to edinburgh flights,16.36
13 Jun-19 Aug,islamabad to belfast flight,16.31
13 Jun-19 Aug,birmingham to islamabad ticket price,16.23
13 Jun-19 Aug,cheap flights from islamabad to london,16.22
13 Jun-19 Aug,sialkot to manchester flights,16.11
13 Jun-19 Aug,cheap tickets from islamabad to manchester,16.0
13 Jun-19 Aug,direct flight london to islamabad,15.97
13 Jun-19 Aug,sialkot to birmingham flights,15.87
13 Jun-19 Aug,london to pakistan flight ticket price,15.85
13 Jun-19 Aug,lahore to heathrow,15.74
13 Jun-19 Aug,london to khi flights,15.57
13 Jun-19 Aug,belfast to lahore flights,15.54
13 Jun-19 Aug,cheap flights from birmingham to pakistan,15.52
13 Jun-19 Aug,birmingham to peshawar,15.48
13 Jun-19 Aug,direct flight from london to islamabad,15.42
13 Jun-19 Aug,lahore to birmingham flights ticket price,15.36
13 Jun-19 Aug,flights from manchester to islamabad,15.31
13 Jun-19 Aug,flights to leeds,15.26
13 Jun-19 Aug,london islamabad flights,15.26
13 Jun-19 Aug,islamabad to manchester cheap flights,15.23
13 Jun-19 Aug,flights from islamabad to london,15.07
13 Jun-19 Aug,lahore to edinburgh ticket price,15.06
13 Jun-19 Aug,flights from manchester to pakistan,15.05
13 Jun-19 Aug,pakistan flights from manchester,14.93
13 Jun-19 Aug,lahore to scotland ticket price,14.85
13 Jun-19 Aug,cheap flights from birmingham to islamabad,14.85
13 Jun-19 Aug,heathrow to karachi,14.84
13 Jun-19 Aug,lhr to orlando flights,14.8
13 Jun-19 Aug,manchester to pakistan ticket price,14.72
13 Jun-19 Aug,cheap flights from pakistan to london,14.66
13 Jun-19 Aug,heathrow to pakistan ticket price,14.46
13 Jun-19 Aug,cheapest flight london to islamabad,14.46
13 Jun-19 Aug,karachi to birmingham ticket price,14.45
13 Jun-19 Aug,flights islamabad to london,14.32
13 Jun-19 Aug,www cheap ticket com flight,14.21
13 Jun-19 Aug,manchester to faisalabad flights,14.13
13 Jun-19 Aug,karachi to scotland flights,14.12
13 Jun-19 Aug,flights london to lahore,14.12
13 Jun-19 Aug,birmingham to lahore cheap flights,14.11
13 Jun-19 Aug,cheap flights from edinburgh to pakistan,14.1
13 Jun-19 Aug,flights from lahore to london,14.0
13 Jun-19 Aug,tickets to pakistan from manchester,14.0
13 Jun-19 Aug,flights london to pakistan,13.99
13 Jun-19 Aug,birmingham to karachi flights,13.98
13 Jun-19 Aug,cheap flight london to islamabad,13.88
13 Jun-19 Aug,birmingham to sialkot,13.77
13 Jun-19 Aug,heathrow to lahore flights,13.67
13 Jun-19 Aug,karachi to london cheap flights,13.59
13 Jun-19 Aug,flights from islamabad to edinburgh,13.54
13 Jun-19 Aug,manchester to lahore flight,13.5
13 Jun-19 Aug,lahore to birmingham ticket price,13.47
13 Jun-19 Aug,isb to london flights,13.45
13 Jun-19 Aug,birmingham to karachi cheap flights,13.3
13 Jun-19 Aug,flights from lahore to manchester,13.3
13 Jun-19 Aug,flight from manchester to islamabad,13.27
13 Jun-19 Aug,pakistan to scotland,13.2
13 Jun-19 Aug,flight from heathrow to islamabad,13.14
13 Jun-19 Aug,cheap flights from manchester to karachi,13.14
13 Jun-19 Aug,islamabad to london flight,13.03
13 Jun-19 Aug,cheap flights to london,12.98
13 Jun-19 Aug,birmingham to pakistan ticket price,12.85
13 Jun-19 Aug,karachi to heathrow,12.8
13 Jun-19 Aug,london to isb flights,12.79
13 Jun-19 Aug,flights to edinburgh,12.77
13 Jun-19 Aug,london to karachi ticket price,12.77
13 Jun-19 Aug,flights to bristol,12.74
13 Jun-19 Aug,pegasus,12.62
13 Jun-19 Aug,ticket from pakistan to london,12.57
13 Jun-19 Aug,islamabad to gatwick,12.53
13 Jun-19 Aug,flight catchers,12.51
13 Jun-19 Aug,flights from lhr to islamabad,12.5
13 Jun-19 Aug,turkey to london,12.43
13 Jun-19 Aug,london heathrow to islamabad flights,12.4
13 Jun-19 Aug,lhr to london flight,12.38
13 Jun-19 Aug,flights to west bridgford,12.29
13 Jun-19 Aug,london air ticket price from pakistan,12.25
13 Jun-19 Aug,cheap flights from lahore to london,12.18
13 Jun-19 Aug,faisalabad to manchester flights,12.18
13 Jun-19 Aug,flight from karachi to london,12.17
13 Jun-19 Aug,flights to islamabad from manchester,12.16
13 Jun-19 Aug,flights from lahore to glasgow,12.15
13 Jun-19 Aug,flight islamabad to manchester,12.14
13 Jun-19 Aug,flights to cardiff,12.13
13 Jun-19 Aug,isb to london ticket price,12.04
13 Jun-19 Aug,flight from islamabad to london,11.95
13 Jun-19 Aug,manchester to islamabad return,11.95
13 Jun-19 Aug,cheap flight,11.89
13 Jun-19 Aug,pak to england ticket price,11.88
13 Jun-19 Aug,london to peshawar flight,11.86
13 Jun-19 Aug,sialkot to birmingham,11.84
13 Jun-19 Aug,flight manchester to pakistan,11.82
13 Jun-19 Aug,london to hanoi,11.77
13 Jun-19 Aug,flights from birmingham to pakistan,11.77
13 Jun-19 Aug,london to islamabad flights direct,11.75
13 Jun-19 Aug,islamabad to manchester ticket,11.67
13 Jun-19 Aug,pakistan tickets from london,11.66
13 Jun-19 Aug,karachi to england ticket price,11.64
13 Jun-19 Aug,cheapest flights manchester to islamabad,11.56
13 Jun-19 Aug,lahore to manchester flight,11.53
13 Jun-19 Aug,london to lahore flight ticket price,11.51
20 Aug-1 Sep,islamabad to london flights,28.71
20 Aug-1 Sep,lahore to edinburgh flights,21.27
20 Aug-1 Sep,islamabad to london ticket price,20.65
20 Aug-1 Sep,islamabad to london,16.98
20 Aug-1 Sep,lahore to belfast flights,14.05
20 Aug-1 Sep,peshawar to birmingham flights,11.48
20 Aug-1 Sep,lahore to london ticket price,10.94
20 Aug-1 Sep,islamabad to birmingham,9.97
20 Aug-1 Sep,islamabad to london flight,9.52
20 Aug-1 Sep,karachi to london ticket price,9.45
20 Aug-1 Sep,islamabad to birmingham flights,9.3
20 Aug-1 Sep,islamabad to manchester ticket price,8.87
20 Aug-1 Sep,lahore to london flights,8.86
20 Aug-1 Sep,pakistan to london ticket price,8.52
20 Aug-1 Sep,london to lahore flights,8.29
20 Aug-1 Sep,london ticket price from pakistan,8.04
20 Aug-1 Sep,lahore to london,7.93
20 Aug-1 Sep,islamabad to manchester flights,7.92
20 Aug-1 Sep,islamabad to dublin,7.74
20 Aug-1 Sep,london to islamabad,7.66
20 Aug-1 Sep,cheap flights from islamabad to london,7.59
20 Aug-1 Sep,lahore to birmingham flights,7.26
20 Aug-1 Sep,islamabad to manchester,6.93
20 Aug-1 Sep,flights from islamabad to birmingham,6.91
20 Aug-1 Sep,lahore to glasgow flights,6.33
20 Aug-1 Sep,manchester to pakistan flights,6.25
20 Aug-1 Sep,islamabad to dublin flights,5.84
20 Aug-1 Sep,manchester to lahore flights,5.82
20 Aug-1 Sep,multan to london ticket price,5.61
20 Aug-1 Sep,pakistan to england ticket price,5.59
20 Aug-1 Sep,karachi to glasgow flights,5.54
20 Aug-1 Sep,manchester to islamabad,5.48
20 Aug-1 Sep,peshawar to london flights,5.47
20 Aug-1 Sep,lahore to birmingham ticket price,5.45
20 Aug-1 Sep,islamabad to heathrow flights,5.34
20 Aug-1 Sep,lahore to manchester flights,5.18
20 Aug-1 Sep,lahore to edinburgh,5.04
20 Aug-1 Sep,isb to manchester flights,5.0
20 Aug-1 Sep,flights to london,4.98
20 Aug-1 Sep,islamabad to birmingham flights ticket price,4.69
20 Aug-1 Sep,pakistan to scotland ticket price,4.49
20 Aug-1 Sep,scotland ticket price from pakistan,4.48
20 Aug-1 Sep,islamabad to birmingham ticket price,4.45
20 Aug-1 Sep,flights from islamabad to london,4.44
20 Aug-1 Sep,flights from pakistan to uk,4.3
20 Aug-1 Sep,london to lahore,4.25
20 Aug-1 Sep,manchester to lahore flight,4.07
20 Aug-1 Sep,lahore to manchester,3.99
20 Aug-1 Sep,manchester to lahore,3.93
20 Aug-1 Sep,heathrow to islamabad ticket price,3.91
20 Aug-1 Sep,pakistan to manchester ticket price,3.89
20 Aug-1 Sep,islamabad to england ticket price,3.88
20 Aug-1 Sep,manchester to islamabad flights,3.86
20 Aug-1 Sep,glasgow to lahore,3.85
20 Aug-1 Sep,dxb to manchester,3.82
20 Aug-1 Sep,lahore to birmingham flights ticket price,3.82
20 Aug-1 Sep,isb to london flights,3.79
20 Aug-1 Sep,islamabad to london flight ticket price,3.74
20 Aug-1 Sep,flights from lahore to edinburgh,3.66
20 Aug-1 Sep,peshawar to birmingham,3.6
20 Aug-1 Sep,karachi to manchester flights,3.5
20 Aug-1 Sep,karachi to manchester ticket price,3.39
20 Aug-1 Sep,london to lahore ticket price,3.37
20 Aug-1 Sep,flights,3.33
20 Aug-1 Sep,glasgow to islamabad flights,3.29
20 Aug-1 Sep,pakistan to london,3.22
20 Aug-1 Sep,glasgow to lahore flight,3.13
20 Aug-1 Sep,lahore to newcastle flights,3.11
20 Aug-1 Sep,pak to london ticket price,3.1
20 Aug-1 Sep,pakistan to london flight ticket price,3.06
20 Aug-1 Sep,karachi to heathrow flights,3.01
20 Aug-1 Sep,birmingham to lahore,3.0
20 Aug-1 Sep,flight from islamabad to manchester,2.94
20 Aug-1 Sep,islamabad to manchester direct flight,2.92
20 Aug-1 Sep,islamabad to london heathrow,2.92
20 Aug-1 Sep,birmingham to pakistan flights,2.86
20 Aug-1 Sep,karachi to dublin flights,2.82
20 Aug-1 Sep,peshawar to manchester ticket price,2.8
20 Aug-1 Sep,karachi to london flights,2.78
20 Aug-1 Sep,cheap flights to uk from pakistan,2.75
20 Aug-1 Sep,london flight ticket price from pakistan,2.75
20 Aug-1 Sep,newcastle to lahore flights,2.73
20 Aug-1 Sep,cheap flights to london from pakistan,2.68
20 Aug-1 Sep,lahore to london flight,2.64
20 Aug-1 Sep,islamabad to belfast flight,2.64
20 Aug-1 Sep,islamabad to manchester flight,2.63
20 Aug-1 Sep,lahore to glasgow,2.6
20 Aug-1 Sep,london to islamabad flights,2.59
20 Aug-1 Sep,islamabad to heathrow,2.55
20 Aug-1 Sep,pakistan to edinburgh ticket price,2.54
20 Aug-1 Sep,air ticket islamabad to manchester,2.5
20 Aug-1 Sep,flights to pakistan from manchester,2.49
20 Aug-1 Sep,cheap flight tickets,2.49
20 Aug-1 Sep,lahore to england ticket price,2.46
20 Aug-1 Sep,karachi to london flight,2.46
20 Aug-1 Sep,edinburgh ticket price from pakistan,2.46
20 Aug-1 Sep,islamabad to edinburgh flights,2.45
20 Aug-1 Sep,cheap flights pakistan to uk,2.37
20 Aug-1 Sep,flights to birmingham from islamabad,2.36
20 Aug-1 Sep,isb to london ticket price,2.36
20 Aug-1 Sep,isb to london,2.23
20 Aug-1 Sep,cheap tickets from islamabad to manchester,2.23
20 Aug-1 Sep,flight from islamabad to london,2.21
20 Aug-1 Sep,england ticket price from pakistan,2.21
20 Aug-1 Sep,pakistan to heathrow flights,2.2
20 Aug-1 Sep,lahore to glasgow ticket price,2.2
20 Aug-1 Sep,islamabad to birmingham cheap flights,2.2
20 Aug-1 Sep,pakistan to uk flights,2.19
20 Aug-1 Sep,cheap flights from edinburgh to pakistan,2.19
20 Aug-1 Sep,heathrow to islamabad,2.19
20 Aug-1 Sep,manchester to islamabad ticket price,2.16
20 Aug-1 Sep,london to pakistan flights,2.15
20 Aug-1 Sep,lahore to scotland ticket price,2.15
20 Aug-1 Sep,islamabad to london cheap flights,2.14
20 Aug-1 Sep,direct flight from pakistan to uk,2.13
20 Aug-1 Sep,wingie flights,2.12
20 Aug-1 Sep,isb to heathrow ticket price,2.11
20 Aug-1 Sep,uk ticket price from pakistan,2.09
20 Aug-1 Sep,lahore to manchester ticket price,2.08
20 Aug-1 Sep,cheap flights from pakistan to uk,2.07
20 Aug-1 Sep,flight islamabad to london,2.06
20 Aug-1 Sep,ticket from islamabad to london,2.04
20 Aug-1 Sep,karachi to manchester cheap flights,2.0
20 Aug-1 Sep,london to isb,2.0
20 Aug-1 Sep,cheap flights from manchester to lahore,2.0
20 Aug-1 Sep,flights from islamabad to edinburgh,1.98
20 Aug-1 Sep,cheap flight from pakistan to uk,1.93
20 Aug-1 Sep,lhr to london,1.91
20 Aug-1 Sep,isb to lhr flight price,1.9
20 Aug-1 Sep,flights islamabad to london,1.89
20 Aug-1 Sep,flights from manchester to lahore,1.89
20 Aug-1 Sep,lahore to edinburgh ticket price,1.87
20 Aug-1 Sep,london to karachi flight,1.86
20 Aug-1 Sep,flights from islamabad to heathrow,1.85
20 Aug-1 Sep,birmingham to islamabad flights,1.84
20 Aug-1 Sep,gatwick to islamabad,1.82
20 Aug-1 Sep,tickets from london to islamabad,1.8
20 Aug-1 Sep,cheap flights islamabad to manchester,1.8
20 Aug-1 Sep,lahore to heathrow flights,1.78
20 Aug-1 Sep,ticket from pakistan to london,1.78
20 Aug-1 Sep,london to pakistan ticket price,1.77
20 Aug-1 Sep,tickets from manchester to islamabad,1.74
20 Aug-1 Sep,karachi to manchester,1.73
20 Aug-1 Sep,flights from vienna to birmingham,1.73
20 Aug-1 Sep,multan to uk ticket price,1.73
20 Aug-1 Sep,manchester to karachi flights,1.72
20 Aug-1 Sep,cheapest flights from islamabad to manchester,1.72
20 Aug-1 Sep,flights from peshawar to london,1.71
20 Aug-1 Sep,edinburgh to islamabad,1.7
20 Aug-1 Sep,flights from glasgow to lahore,1.7
20 Aug-1 Sep,cheap flights from islamabad to birmingham,1.66
20 Aug-1 Sep,pakistan to england,1.66
20 Aug-1 Sep,birmingham to sialkot cheap flights,1.66
20 Aug-1 Sep,islamabad to glasgow flight,1.65
20 Aug-1 Sep,cheapest flights from islamabad to london,1.64
20 Aug-1 Sep,lhr to luxembourg flights,1.62
20 Aug-1 Sep,ticket from islamabad to manchester,1.61
20 Aug-1 Sep,glasgow to pakistan flights,1.56
20 Aug-1 Sep,flights to london from islamabad,1.55
20 Aug-1 Sep,cheap flights to manchester,1.54
20 Aug-1 Sep,flight from birmingham to pakistan,1.54
20 Aug-1 Sep,multan to manchester,1.54
20 Aug-1 Sep,islamabad to london heathrow flights,1.52
20 Aug-1 Sep,flight to manchester,1.52
20 Aug-1 Sep,cheap flights from london to lahore pakistan,1.51
20 Aug-1 Sep,sialkot to london flights,1.51
20 Aug-1 Sep,cheap flights from birmingham to peshawar,1.5
20 Aug-1 Sep,england to pakistan ticket price,1.5
20 Aug-1 Sep,flight from lahore to manchester,1.49
20 Aug-1 Sep,cheap tickets from islamabad to london,1.49
20 Aug-1 Sep,faisalabad to london flights,1.46
20 Aug-1 Sep,cheap flights from london to islamabad,1.44
20 Aug-1 Sep,ticket from london to islamabad,1.44
20 Aug-1 Sep,ticket london to pakistan,1.44
20 Aug-1 Sep,flights from lahore to birmingham,1.43
20 Aug-1 Sep,flights from karachi to glasgow,1.43
20 Aug-1 Sep,ticket from heathrow to islamabad,1.42
20 Aug-1 Sep,cheap flights islamabad to london,1.41
20 Aug-1 Sep,islamabad london flights,1.41
20 Aug-1 Sep,cheap flights from lahore to london,1.37
20 Aug-1 Sep,khi to lhr,1.37
20 Aug-1 Sep,lhr to scotland,1.36
20 Aug-1 Sep,manchester to lhr flights,1.36
20 Aug-1 Sep,ticket price from pakistan to london,1.35
20 Aug-1 Sep,flights to islamabad from london,1.35
20 Aug-1 Sep,lahore to belfast,1.34
20 Aug-1 Sep,lhr to london flight,1.34
20 Aug-1 Sep,uk flights from pakistan,1.33
20 Aug-1 Sep,cheap flights from islamabad to edinburgh,1.33
20 Aug-1 Sep,pakistan to birmingham ticket price,1.32
20 Aug-1 Sep,pak to london,1.31
20 Aug-1 Sep,emirates flights from pakistan to birmingham,1.31
20 Aug-1 Sep,lhr to brussels flights,1.31
20 Aug-1 Sep,lhr to lhe flights,1.31
20 Aug-1 Sep,direct flights from pakistan to london,1.3
20 Aug-1 Sep,uk flight ticket price from pakistan,1.29
20 Aug-1 Sep,manchester to pakistan ticket price,1.29
20 Aug-1 Sep,islamabad to england,1.28
20 Aug-1 Sep,pakistan to glasgow ticket price,1.28
20 Aug-1 Sep,flights islamabad london,1.27
20 Aug-1 Sep,cheap flights islamabad to london heathrow,1.27
20 Aug-1 Sep,flights to pakistan from newcastle,1.27
20 Aug-1 Sep,lhr to larnaca flights,1.26
20 Aug-1 Sep,gatwick to pakistan,1.26
20 Aug-1 Sep,direct flight from islamabad to manchester,1.25
20 Aug-1 Sep,lahore to london flight ticket price,1.24
20 Aug-1 Sep,lahore to heathrow ticket price,1.23
20 Aug-1 Sep,karachi to scotland ticket price,1.22
20 Aug-1 Sep,pak to england ticket price,1.22
20 Aug-1 Sep,direct flight islamabad to london,1.21
20 Aug-1 Sep,ticket price islamabad to london,1.21
20 Aug-1 Sep,flights from birmingham to islamabad,1.2
20 Aug-1 Sep,flights to belfast,1.19
20 Aug-1 Sep,lahore to edinburgh cheap flights,1.19
20 Aug-1 Sep,flight from london to islamabad,1.17
20 Aug-1 Sep,flights to uk from pakistan,1.17
20 Aug-1 Sep,cheap flight islamabad to london,1.17
20 Aug-1 Sep,sialkot to london,1.16
20 Aug-1 Sep,lhr to manchester flights,1.16
20 Aug-1 Sep,london to islamabad flight,1.14
20 Aug-1 Sep,cheap flights from pakistan to birmingham,1.14
20 Aug-1 Sep,lahore to dublin ticket price,1.13
20 Aug-1 Sep,cheap flights from edinburgh to islamabad,1.13
20 Aug-1 Sep,air ticket from islamabad to london,1.12
20 Aug-1 Sep,manchester to sialkot flights,1.11
20 Aug-1 Sep,pakistan to london flight,1.1
20 Aug-1 Sep,khi to london ticket price,1.1
20 Aug-1 Sep,london to karachi flights,1.1
20 Aug-1 Sep,pakistan to london ticket,1.09
20 Aug-1 Sep,islamabad to london return ticket price,1.09
20 Aug-1 Sep,cheapest flight to london heathrow,1.09
20 Aug-1 Sep,manchester to isb flights,1.09
20 Aug-1 Sep,bhx to isb flights,1.09
20 Aug-1 Sep,karachi to belfast flights,1.08
20 Aug-1 Sep,islamabad to edinburgh,1.08
20 Aug-1 Sep,pakistan to london flights,1.08
20 Aug-1 Sep,birmingham to lahore ticket price,1.08
20 Aug-1 Sep,tickets from islamabad to manchester,1.07
20 Aug-1 Sep,direct flight from islamabad to london,1.07
20 Aug-1 Sep,karachi to manchester flight,1.07
20 Aug-1 Sep,lahore to cardiff flights,1.06
20 Aug-1 Sep,kuwait to london,1.06
20 Aug-1 Sep,islamabad to ireland ticket price,1.05
20 Aug-1 Sep,sialkot to london ticket price,1.05
20 Aug-1 Sep,london to lahore flight ticket price,1.04
20 Aug-1 Sep,peshawar to manchester flights,1.04
20 Aug-1 Sep,flights from lahore to london,1.03
20 Aug-1 Sep,glasgow to islamabad,1.03
20 Aug-1 Sep,chief flight,1.03
20 Aug-1 Sep,cheap flights from islamabad to dublin,1.01
20 Aug-1 Sep,pak to uk ticket price,1.01
20 Aug-1 Sep,flights from london to pakistan islamabad,1.01
20 Aug-1 Sep,flights to pakistan from edinburgh,1.01
20 Aug-1 Sep,lhr to lhe,1.01
20 Aug-1 Sep,flights from lahore to heathrow,1.0
20 Aug-1 Sep,pakistan to uk,1.0
20 Aug-1 Sep,karachi to birmingham ticket price,1.0
20 Aug-1 Sep,uk flight time from pakistan,1.0
20 Aug-1 Sep,manchester to islamabad return ticket price,0.99
20 Aug-1 Sep,khi to london flights,0.99
20 Aug-1 Sep,cheap flights pakistan to london,0.98
20 Aug-1 Sep,flights to london from pakistan,0.98
20 Aug-1 Sep,cheap flights from islamabad to london gatwick,0.98
20 Aug-1 Sep,lhr to birmingham flights,0.98
20 Aug-1 Sep,london to multan,0.98
20 Aug-1 Sep,pakistan to birmingham flights,0.98
20 Aug-1 Sep,london to islamabad ticket price,0.97
20 Aug-1 Sep,lahore to birmingham flight,0.97
20 Aug-1 Sep,karachi to edinburgh flights,0.96
20 Aug-1 Sep,ticket from manchester to islamabad,0.96
20 Aug-1 Sep,isb to lhr flight,0.95
20 Aug-1 Sep,islamabad to glasgow ticket price,0.95
20 Aug-1 Sep,london to karachi ticket price,0.94
20 Aug-1 Sep,multan to manchester ticket price,0.94
20 Aug-1 Sep,flights to pakistan from manchester to islamabad,0.94
20 Aug-1 Sep,pakistan to uk air ticket price,0.94
20 Aug-1 Sep,cheap flights to england,0.93
20 Aug-1 Sep,lahore to glasgow flight,0.93
20 Aug-1 Sep,flights to brighton and hove,0.93
20 Aug-1 Sep,khi to london,0.92
20 Aug-1 Sep,flights from edinburgh to lahore,0.92
20 Aug-1 Sep,cheap flights from pakistan to manchester,0.91
20 Aug-1 Sep,pakistan to manchester direct flights,0.91
20 Aug-1 Sep,edinburgh ticket from pakistan,0.9
20 Aug-1 Sep,cheap tickets from manchester to islamabad,0.9
20 Aug-1 Sep,london heathrow to karachi cheap flights,0.9
20 Aug-1 Sep,pakistan to uk ticket price,0.9
20 Aug-1 Sep,multan to manchester flights,0.89
20 Aug-1 Sep,cheap flights to pakistan from london,0.89
20 Aug-1 Sep,birmingham to pakistan ticket price,0.89
20 Aug-1 Sep,birmingham to peshawar cheap flights,0.89
20 Aug-1 Sep,khi to lhr flight,0.88
20 Aug-1 Sep,pakistan to uk flight price,0.88
20 Aug-1 Sep,flights from islamabad to london heathrow,0.87
20 Aug-1 Sep,cheap flight london to karachi,0.87
20 Aug-1 Sep,heathrow to lahore direct flight,0.87
20 Aug-1 Sep,edinburgh to lahore,0.87
20 Aug-1 Sep,cheap flights from lahore to edinburgh,0.87
20 Aug-1 Sep,karachi to birmingham flights,0.87
20 Aug-1 Sep,pakistan to uk flight,0.86
2-19 Sep,lahore to london flights,44.55
2-19 Sep,lhr to johannesburg,43.97
2-19 Sep,lhr to pakistan,33.11
2-19 Sep,karachi to london flights,26.27
2-19 Sep,lhr to isb,23.07
2-19 Sep,cheap flight to pakistan from manchester,20.03
2-19 Sep,lahore to manchester flights,19.83
2-19 Sep,manchester to peshawar,17.96
2-19 Sep,lahore to dublin flights,16.9
2-19 Sep,islamabad to manchester flights,16.08
2-19 Sep,flights to pakistan from manchester,15.96
2-19 Sep,flights islamabad to london,15.85
2-19 Sep,lahore to london,13.45
2-19 Sep,islamabad to london flights,11.04
2-19 Sep,manchester to lahore cheap flight,10.88
2-19 Sep,aus to lhr,10.38
2-19 Sep,newcastle to karachi,10.24
2-19 Sep,islamabad to heathrow flights,10.23
2-19 Sep,pak to london ticket price,9.57
2-19 Sep,cheap flights from pakistan to uk,9.56
2-19 Sep,glasgow to islamabad,9.18
2-19 Sep,flight from islamabad to manchester,9.17
2-19 Sep,islamabad to birmingham flights,8.66
2-19 Sep,flights from karachi to manchester,8.36
2-19 Sep,glasgow to lahore,8.14
2-19 Sep,london to belfast,7.99
2-19 Sep,flights from lahore to manchester,7.88
2-19 Sep,flights from pakistan to uk,7.51
2-19 Sep,cheap flight tickets,7.49
2-19 Sep,cheap flights to pakistan from london,7.01
2-19 Sep,ek0005,6.79
2-19 Sep,london to peshawar flight,6.64
2-19 Sep,heathrow to lahore direct flight,6.62
2-19 Sep,london to karachi flights,6.47
2-19 Sep,london to lahore flights,6.38
2-19 Sep,karachi to london direct flights,6.37
2-19 Sep,direct flights to islamabad from london,6.28
2-19 Sep,pakistan to london ticket price,6.11
2-19 Sep,karachi to manchester,6.1
2-19 Sep,karachi to heathrow flights,5.97
2-19 Sep,cheap flights manchester,5.91
2-19 Sep,khi to london,5.88
2-19 Sep,khi to lhr ticket,5.56
2-19 Sep,flights to islamabad from london,5.3
2-19 Sep,manchester to pakistan ticket price,5.3
2-19 Sep,birmingham to pakistan flight,5.3
2-19 Sep,pakistan to ireland ticket price,5.29
2-19 Sep,birmingham to islamabad,5.08
2-19 Sep,flights booking,4.87
2-19 Sep,flights from london to islamabad,4.83
2-19 Sep,cheapest flight from birmingham to islamabad,4.67
2-19 Sep,lahore to edinburgh,4.65
2-19 Sep,flights to pakistan from manchester to islamabad,4.6
2-19 Sep,manchester to lahore flights,4.58
2-19 Sep,cheap flights from heathrow to islamabad pakistan,4.48
2-19 Sep,cheap flights from manchester to pakistan,4.43
2-19 Sep,peshawar to london,4.42
2-19 Sep,cheap flights pakistan to uk,4.27
2-19 Sep,heathrow to islamabad,3.97
2-19 Sep,heathrow to peshawar,3.88
2-19 Sep,glasgow to lahore flight,3.88
2-19 Sep,london to pakistan,3.87
2-19 Sep,lhr to islamabad,3.82
2-19 Sep,london to islamabad,3.8
2-19 Sep,flight from lahore to london,3.71
2-19 Sep,islamabad to manchester,3.67
2-19 Sep,newcastle to lahore flights,3.65
2-19 Sep,lahore to london tickets,3.61
2-19 Sep,lahore to manchester direct flight,3.6
2-19 Sep,flights to london,3.59
2-19 Sep,flights from islamabad to london,3.47
2-19 Sep,flights to heathrow today,3.37
2-19 Sep,cheap flights from lahore to manchester,3.34
2-19 Sep,lhr to lahore flights,3.3
2-19 Sep,tickets from birmingham to islamabad,3.28
2-19 Sep,manchester to lahore,3.25
2-19 Sep,lhe to lhr flights,3.24
2-19 Sep,cheap flights london to pakistan,3.24
2-19 Sep,cheap flights from karachi to manchester,3.18
2-19 Sep,uk air ticket price from pakistan,3.18
2-19 Sep,pakistan tickets from heathrow,3.0
2-19 Sep,direct flight from lahore to london,2.92
2-19 Sep,phl lhr,2.78
2-19 Sep,flights from lahore to london today,2.72
2-19 Sep,cheap flights from london to islamabad,2.68
2-19 Sep,doh to lhr,2.68
2-19 Sep,ba112,2.67
2-19 Sep,london to islamabad direct flights,2.66
2-19 Sep,manchester to pakistan flights,2.62
2-19 Sep,karachi to london,2.59
2-19 Sep,scotland ticket price from pakistan,2.55
2-19 Sep,manchester to pakistan flights today,2.55
2-19 Sep,birmingham to pakistan ticket price,2.55
2-19 Sep,birmingham to pakistan flights,2.49
2-19 Sep,karachi to manchester flights,2.48
2-19 Sep,cheap flights to lahore from manchester,2.42
2-19 Sep,booking,2.39
2-19 Sep,peshawar to manchester ticket price,2.37
2-19 Sep,flight birmingham to islamabad,2.34
2-19 Sep,flights to isle of man,2.31
2-19 Sep,islamabad to glasgow flight,2.3
2-19 Sep,newcastle to islamabad,2.26
2-19 Sep,pakistan to uk flight,2.23
2-19 Sep,cheap pakistan tickets from manchester,2.18
2-19 Sep,england to pakistan ticket price,2.16
2-19 Sep,lhr to isb flight,2.13
2-19 Sep,edinburgh to pakistan flight,2.13
2-19 Sep,london to isb cheap flights,2.1
2-19 Sep,london heathrow to delhi flight,2.08
2-19 Sep,cheap flight from islamabad to london,2.08
2-19 Sep,sialkot to london flights,2.05
2-19 Sep,multan to manchester,2.05
2-19 Sep,islamabad to manchester ticket price,2.03
2-19 Sep,pakistan flights birmingham,2.02
2-19 Sep,cheap business class flights,2.02
2-19 Sep,sialkot to london,2.0
2-19 Sep,bhx to dxb,1.99
2-19 Sep,cheap flights to islamabad from london,1.97
2-19 Sep,lahore to london ticket price,1.95
2-19 Sep,london to pakistan flights,1.92
2-19 Sep,luton to islamabad,1.92
2-19 Sep,flights to multan from london,1.9
2-19 Sep,pakistan tickets from manchester,1.85
2-19 Sep,edinburgh to faisalabad,1.83
2-19 Sep,flights from newcastle to islamabad,1.82
2-19 Sep,pakistan to uk direct flight,1.76
2-19 Sep,islamabad to london flight,1.75
2-19 Sep,cheap flight from islamabad to manchester,1.71
2-19 Sep,isb to birmingham ticket price,1.69
2-19 Sep,flights from karachi to dublin,1.62
2-19 Sep,cheap flights lahore to london,1.58
2-19 Sep,london to pakistan cheap flights,1.58
2-19 Sep,lahore to heathrow flights,1.53
2-19 Sep,cheap flights to london from lahore,1.48
2-19 Sep,qr826 boeing 777 300er,1.48
2-19 Sep,pakistan to london flights,1.46
2-19 Sep,ticket islamabad to manchester,1.45
2-19 Sep,lahore to nottingham flight,1.45
2-19 Sep,lahore to birmingham flights,1.44
2-19 Sep,flights lahore to manchester,1.43
2-19 Sep,pk 710 manchester to lahore,1.41
2-19 Sep,flights to london prices,1.4
2-19 Sep,pakistan to london,1.39
2-19 Sep,lhe to london flights,1.38
2-19 Sep,islamabad to birmingham,1.38
2-19 Sep,lhr to seoul flights,1.36
2-19 Sep,norway to england,1.34
2-19 Sep,book a flight,1.33
2-19 Sep,manchester to lhr,1.31
2-19 Sep,manchester to lahore ticket,1.3
2-19 Sep,karachi to london tickets,1.29
2-19 Sep,london to islamabad flights direct,1.29
2-19 Sep,pakistan to england,1.28
2-19 Sep,flights to edinburgh,1.26
2-19 Sep,lahore to manchester,1.25
2-19 Sep,pakistan to uk flights,1.22
2-19 Sep,lahore to belfast,1.22
2-19 Sep,palermo to edinburgh,1.19
2-19 Sep,uk flight ticket price from pakistan,1.16
2-19 Sep,karachi to birmingham flights,1.13
2-19 Sep,pakistan to london return ticket price,1.1
2-19 Sep,glasgow to lahore flights,1.09
2-19 Sep,lhe to lhr cheap flights,1.08
2-19 Sep,karachi to belfast flights,1.07
2-19 Sep,ticket to pakistan from manchester,1.05
2-19 Sep,london heathrow to peshawar flights,1.04
2-19 Sep,karachi to ireland ticket price,1.03
2-19 Sep,manchester to lahore direct flights,1.03
2-19 Sep,islamabad to london ticket price,1.01
2-19 Sep,lahore to dublin,1.01
2-19 Sep,cheap flights from glasgow to islamabad pakistan,1.01
2-19 Sep,uk tickets from pakistan,1.0
2-19 Sep,flight from pakistan to ireland,0.99
2-19 Sep,pakistan to uk ticket price,0.98
2-19 Sep,scotland ticket price,0.98
2-19 Sep,london to lahore cheap flights,0.98
2-19 Sep,pakistan to birmingham flights,0.97
2-19 Sep,islamabad to heathrow ticket price,0.96
2-19 Sep,london flight,0.96
2-19 Sep,doh to bkk flight time,0.96
2-19 Sep,cheapest flight from lahore to london,0.95
2-19 Sep,karachi to glasgow flights,0.94
2-19 Sep,ireland tickets,0.93
2-19 Sep,pakistan to scotland ticket price,0.92
2-19 Sep,tickets to manchester,0.92
2-19 Sep,from pakistan to uk ticket price,0.92
2-19 Sep,lahore to edinburgh flights,0.9
2-19 Sep,cheap air tickets to london,0.88
2-19 Sep,cheap flights to london,0.86
2-19 Sep,ticket booking,0.85
2-19 Sep,england ticket price,0.82
2-19 Sep,lhr to islamabad flight,0.81
2-19 Sep,flights lahore to london,0.79
2-19 Sep,england flight ticket price,0.79
2-19 Sep,cheap ticket manchester to lahore,0.78
2-19 Sep,london to islamabad flights,0.78
2-19 Sep,multan to london,0.76
2-19 Sep,ba7001,0.75
2-19 Sep,isb to manchester flights,0.73
2-19 Sep,tickets from islamabad to manchester,0.73
2-19 Sep,lahore to manchester ticket price,0.7
2-19 Sep,karachi to london ticket price,0.69
2-19 Sep,pakistan to england flights,0.69
2-19 Sep,islamabad to london,0.67
2-19 Sep,flights to manchester from lahore,0.67
2-19 Sep,flights to dublin,0.67
2-19 Sep,london to edinburgh,0.66
2-19 Sep,airlines,0.65
2-19 Sep,isb to lhr flights,0.64
2-19 Sep,karachi to lhr flight,0.64
2-19 Sep,manchester to islamabad,0.63
2-19 Sep,tickets from london to islamabad,0.63
2-19 Sep,flights from peshawar to london heathrow,0.62
2-19 Sep,lhr to brussels flights,0.62
2-19 Sep,lahore to newcastle flights,0.59
2-19 Sep,flights to birmingham,0.58
2-19 Sep,flights to swindon,0.58
2-19 Sep,cheap flights to birmingham,0.57
2-19 Sep,dubai to manchester flights,0.56
2-19 Sep,cheap flight from london to islamabad,0.55
2-19 Sep,lahore to london return ticket price,0.54
2-19 Sep,isb to lhr flight price,0.54
2-19 Sep,london to islamabad ticket price,0.53
2-19 Sep,lhr to turkey flight,0.53
2-19 Sep,london to isb direct flight,0.52
2-19 Sep,flights to london from pakistan,0.51
2-19 Sep,isb to manchester,0.51
2-19 Sep,london ticket price,0.5
2-19 Sep,london air ticket price,0.5
2-19 Sep,flights from manchester to islamabad,0.5
2-19 Sep,lhr to london flight,0.5
2-19 Sep,pk702 islamabad to manchester today,0.49
2-19 Sep,khi lhr flight,0.48
2-19 Sep,flights to glasgow,0.48
2-19 Sep,flights to west end hampshire,0.46
2-19 Sep,ticket from london to pakistan,0.46
2-19 Sep,lhr to isb ticket price,0.46
2-19 Sep,ireland ticket from pakistan,0.46
2-19 Sep,lifti,0.45
2-19 Sep,lhr to sweden flights,0.45
2-19 Sep,karachi to manchester flight,0.44
2-19 Sep,lahore to london flight ticket price,0.44
2-19 Sep,london to albania flights,0.42
2-19 Sep,emirates pakistan to uk,0.38
2-19 Sep,islamabad to manchester direct flight,0.37
2-19 Sep,pk to uk ticket,0.36
2-19 Sep,ticket price for london,0.34
2-19 Sep,sialkot to london ticket price,0.33
2-19 Sep,england ticket price from pakistan,0.33
2-19 Sep,islamabad to london flight ticket price,0.32
2-19 Sep,karachi to edinburgh,0.31
2-19 Sep,london to pakistan ticket price,0.31
2-19 Sep,flight lahore to london,0.3
2-19 Sep,ticket from islamabad to london,0.3
2-19 Sep,islamabad to london return ticket price,0.3
2-19 Sep,karachi to edinburgh flights,0.29
2-19 Sep,london ticket,0.29
2-19 Sep,lhr to tehran,0.29
2-19 Sep,islamabad to london fare,0.28
2-19 Sep,khi to london ticket price,0.28
2-19 Sep,karachi to edinburgh ticket price,0.27
2-19 Sep,pakistan to london ticket price today,0.26
2-19 Sep,flights from karachi to london heathrow,0.25
2-19 Sep,pakistan to london flight ticket price,0.23
2-19 Sep,flights to manchester,0.23
2-19 Sep,multan to uk ticket price,0.23
2-19 Sep,flights from islamabad to london heathrow today,0.22
2-19 Sep,flights to norwich,0.22
2-19 Sep,karachi to manchester ticket price,0.17
2-19 Sep,scotland flight,0.16
2-19 Sep,karachi to london flights price,0.12
2-19 Sep,flights london islamabad,0.09
2-19 Sep,flights lahore glasgow international,0.08
2-19 Sep,london trip budget,0.08
2-19 Sep,cheap flights to london reddit,0.06
2-19 Sep,ireland flight ticket price,0.05
2-19 Sep,trip to edinburgh,0.0
2-19 Sep,ireland ticket price,0.0
2-19 Sep,albania to dublin flights,0.0
2-19 Sep,flights from lahore to london heathrow,0.0
2-19 Sep,flights lahore london,0.0
2-19 Sep,lahore to heathrow ticket price,0.0
2-19 Sep,lahore to london air ticket price,0.0
2-19 Sep,lahore to london flight,0.0
2-19 Sep,lahore to london ticket,0.0
2-19 Sep,lhe to lhr,0.0
2-19 Sep,islamabad to dublin,0.0
2-19 Sep,lahore to birmingham flight,0.0
2-19 Sep,lahore to birmingham ticket price,0.0
2-19 Sep,cheap flights from islamabad to manchester,0.0
2-19 Sep,cheap flights from lahore to glasgow,0.0
2-19 Sep,cheap flights karachi to manchester,0.0
2-19 Sep,cheap tickets from islamabad to manchester,0.0
2-19 Sep,cheapest flight from islamabad to manchester,0.0
2-19 Sep,direct flight from islamabad to manchester,0.0
2-19 Sep,flights from islamabad to glasgow,0.0
2-19 Sep,flights from islamabad to newcastle,0.0
2-19 Sep,flights from lahore to glasgow,0.0
2-19 Sep,flights islamabad manchester ringway,0.0
2-19 Sep,fsd to london flights,0.0
20 Sep-5 Oct,karachi to dublin flights,24.68
20 Sep-5 Oct,lahore to london flights,22.38
20 Sep-5 Oct,karachi to london flights,18.44
20 Sep-5 Oct,lahore to london ticket price,16.03
20 Sep-5 Oct,islamabad to manchester flights,14.68
20 Sep-5 Oct,cheap flights,11.63
20 Sep-5 Oct,peshawar to london flights,11.45
20 Sep-5 Oct,islamabad to london flights,9.86
20 Sep-5 Oct,flights,7.37
20 Sep-5 Oct,islamabad manchester flights,7.23
20 Sep-5 Oct,karachi to london ticket price,6.67
20 Sep-5 Oct,london to dublin,6.45
20 Sep-5 Oct,flights to edinburgh,5.95
20 Sep-5 Oct,ticket booking,5.83
20 Sep-5 Oct,karachi to london,5.42
20 Sep-5 Oct,london to islamabad,5.38
20 Sep-5 Oct,flights to london,5.25
20 Sep-5 Oct,islamabad to london flight,5.21
20 Sep-5 Oct,lahore to birmingham flights,5.04
20 Sep-5 Oct,air ticket,4.69
20 Sep-5 Oct,islamabad to dublin flights,4.43
20 Sep-5 Oct,flight booking,4.4
20 Sep-5 Oct,islamabad to manchester ticket price,4.2
20 Sep-5 Oct,karachi to manchester,3.9
20 Sep-5 Oct,lhr to salzburg,3.82
20 Sep-5 Oct,islamabad to edinburgh flights,3.8
20 Sep-5 Oct,multan to manchester ticket price,3.76
20 Sep-5 Oct,cheap flights lahore to london,3.76
20 Sep-5 Oct,flights from islamabad to manchester,3.69
20 Sep-5 Oct,lahore to manchester flights,3.67
20 Sep-5 Oct,flight,3.62
20 Sep-5 Oct,isb to london flights,3.55
20 Sep-5 Oct,lahore to manchester,3.54
20 Sep-5 Oct,lahore to manchester ticket price,3.53
20 Sep-5 Oct,flight ticket,3.47
20 Sep-5 Oct,lahore to heathrow,3.33
20 Sep-5 Oct,lahore to london,3.06
20 Sep-5 Oct,flights pakistan to manchester,2.99
20 Sep-5 Oct,austin to london flights,2.93
20 Sep-5 Oct,lahore to edinburgh,2.92
20 Sep-5 Oct,cheap flights from islamabad to london,2.88
20 Sep-5 Oct,flight reservation without payment,2.86
20 Sep-5 Oct,lahore to london flight,2.85
20 Sep-5 Oct,karachi to london flight ticket price,2.77
20 Sep-5 Oct,peshawar to london,2.76
20 Sep-5 Oct,flights from islamabad to birmingham,2.75
20 Sep-5 Oct,pakistan to london ticket price,2.7
20 Sep-5 Oct,flights from manchester to islamabad,2.68
20 Sep-5 Oct,khi to london ticket price,2.65
20 Sep-5 Oct,birmingham to lahore flights,2.63
20 Sep-5 Oct,london ticket price from pakistan,2.52
20 Sep-5 Oct,flights from lahore to london heathrow,2.5
20 Sep-5 Oct,lahore to london flight ticket price,2.46
20 Sep-5 Oct,islamabad to manchester,2.31
20 Sep-5 Oct,lahore to edinburgh ticket price,2.28
20 Sep-5 Oct,flights from lahore to edinburgh,2.26
20 Sep-5 Oct,cheap flights from lahore to london,2.16
20 Sep-5 Oct,cheap flights from islamabad to edinburgh,2.08
20 Sep-5 Oct,lahore to edinburgh flights,2.08
20 Sep-5 Oct,cheap flights to pakistan from manchester,2.05
20 Sep-5 Oct,polani travel,2.04
20 Sep-5 Oct,peshawar to heathrow flights,2.02
20 Sep-5 Oct,cheap flights from lahore to london heathrow,1.99
20 Sep-5 Oct,lahore to dublin ticket price,1.96
20 Sep-5 Oct,lahore to ireland ticket price,1.96
20 Sep-5 Oct,manchester to lahore,1.92
20 Sep-5 Oct,karachi to london flight,1.91
20 Sep-5 Oct,lahore to edinburgh cheap flights,1.89
20 Sep-5 Oct,islamabad to birmingham flights,1.88
20 Sep-5 Oct,cheap flight from islamabad to london,1.87
20 Sep-5 Oct,london to lahore cheap flights,1.83
20 Sep-5 Oct,glasgow to lahore,1.83
20 Sep-5 Oct,cheap air ticket,1.81
20 Sep-5 Oct,flights to pakistan from london,1.79
20 Sep-5 Oct,islamabad to dublin,1.77
20 Sep-5 Oct,islamabad to birmingham,1.77
20 Sep-5 Oct,islamabad to london,1.73
20 Sep-5 Oct,islamabad to london ticket price,1.73
20 Sep-5 Oct,tickets from lahore to london,1.72
20 Sep-5 Oct,cheap flights to london from islamabad,1.72
20 Sep-5 Oct,cheap flights europe from edinburgh,1.7
20 Sep-5 Oct,air ticket reservation without payment,1.66
20 Sep-5 Oct,my flight,1.65
20 Sep-5 Oct,pakistan to ireland ticket price,1.65
20 Sep-5 Oct,cheap flights to london,1.65
20 Sep-5 Oct,flights from london to uganda,1.64
20 Sep-5 Oct,sialkot to london flights,1.63
20 Sep-5 Oct,pakistan to manchester ticket price,1.62
20 Sep-5 Oct,lahore to heathrow ticket price,1.6
20 Sep-5 Oct,cheap tickets to birmingham,1.58
20 Sep-5 Oct,cheap flights to manchester,1.58
20 Sep-5 Oct,edinburgh to pakistan flights,1.48
20 Sep-5 Oct,pakistan to england ticket price,1.46
20 Sep-5 Oct,flights from lahore to manchester,1.44
20 Sep-5 Oct,flights from islamabad to london,1.42
20 Sep-5 Oct,birmingham to islamabad ticket,1.42
20 Sep-5 Oct,islamabad to london direct flight,1.4
20 Sep-5 Oct,flights to dublin,1.37
20 Sep-5 Oct,flights to glasgow,1.36
20 Sep-5 Oct,lahore to london business class ticket price,1.34
20 Sep-5 Oct,karachi to manchester flights,1.33
20 Sep-5 Oct,islamabad to edinburgh ticket price,1.32
20 Sep-5 Oct,air sial,1.31
20 Sep-5 Oct,direct flight from lahore to manchester,1.3
20 Sep-5 Oct,cheap flight tickets,1.29
20 Sep-5 Oct,flights from glasgow to lahore,1.28
20 Sep-5 Oct,karachi to london direct flight,1.27
20 Sep-5 Oct,lahore to dublin,1.27
20 Sep-5 Oct,jazeera airlines,1.24
20 Sep-5 Oct,glasgow to lahore flights,1.23
20 Sep-5 Oct,lahore to london direct flight,1.22
20 Sep-5 Oct,islamabad to gatwick flights,1.21
20 Sep-5 Oct,isb to lgw,1.21
20 Sep-5 Oct,lhe to lhr flights,1.21
20 Sep-5 Oct,karachi to manchester ticket price,1.21
20 Sep-5 Oct,islamabad to birmingham direct flights,1.2
20 Sep-5 Oct,lahore to heathrow flights,1.19
20 Sep-5 Oct,flights from karachi to heathrow,1.18
20 Sep-5 Oct,lahore to manchester flight,1.16
20 Sep-5 Oct,cx253,1.16
20 Sep-5 Oct,cheap flights from karachi to london,1.16
20 Sep-5 Oct,cheap tickets from manchester to lahore,1.16
20 Sep-5 Oct,manchester to islamabad flights,1.15
20 Sep-5 Oct,cheap tickets to london,1.13
20 Sep-5 Oct,cheap airlines to manchester,1.12
20 Sep-5 Oct,isb to man,1.11
20 Sep-5 Oct,lahore to glasgow flights,1.1
20 Sep-5 Oct,khi to london,1.1
20 Sep-5 Oct,flight from karachi to london,1.08
20 Sep-5 Oct,pakistan to birmingham ticket price,1.07
20 Sep-5 Oct,ticket from lahore to london,1.05
20 Sep-5 Oct,flights islamabad to dublin,1.05
20 Sep-5 Oct,isb to lhr flight price,1.05
20 Sep-5 Oct,online ticket booking,1.03
20 Sep-5 Oct,edinburgh to pakistan,1.03
20 Sep-5 Oct,online tickets,1.02
20 Sep-5 Oct,islamabad to london heathrow ticket price,1.02
20 Sep-5 Oct,edinburgh ticket price from pakistan,1.01
20 Sep-5 Oct,islamabad to glasgow flight,1.0
20 Sep-5 Oct,karachi to scotland ticket price,0.99
20 Sep-5 Oct,islamabad to belfast flight,0.98
20 Sep-5 Oct,lahore to london return ticket price,0.97
20 Sep-5 Oct,flights to manchester from islamabad,0.96
20 Sep-5 Oct,pak to london ticket price,0.96
20 Sep-5 Oct,lhe to london,0.95
20 Sep-5 Oct,karachi to birmingham flights,0.94
20 Sep-5 Oct,london to pakistan flight ticket price,0.91
20 Sep-5 Oct,islamabad to london flight ticket price,0.91
20 Sep-5 Oct,lahore to glasgow ticket price,0.9
20 Sep-5 Oct,lahore to london cheap flights,0.9
20 Sep-5 Oct,lhr to durham,0.9
20 Sep-5 Oct,ireland to pakistan flight,0.9
20 Sep-5 Oct,flights to manchester,0.88
20 Sep-5 Oct,sialkot to manchester flights,0.88
20 Sep-5 Oct,cheap flights from karachi to edinburgh,0.87
20 Sep-5 Oct,flight to london from karachi,0.86
20 Sep-5 Oct,karachi to london return ticket price,0.86
20 Sep-5 Oct,lhe to lhr cheap flights,0.85
20 Sep-5 Oct,faremakers,0.85
20 Sep-5 Oct,peshawar to manchester ticket price,0.84
20 Sep-5 Oct,manchester to islamabad,0.84
20 Sep-5 Oct,book flights,0.83
20 Sep-5 Oct,cheapest flights,0.83
20 Sep-5 Oct,flights from isb to man,0.82
20 Sep-5 Oct,cheap flight to london,0.82
20 Sep-5 Oct,cheap flights to manchester from islamabad,0.82
20 Sep-5 Oct,cheap airlines tickets,0.81
20 Sep-5 Oct,flight reservations,0.81
20 Sep-5 Oct,lahore to dublin cheap flights,0.81
20 Sep-5 Oct,islamabad to ireland ticket price,0.81
20 Sep-5 Oct,pakistan to ireland flights,0.8
20 Sep-5 Oct,lhr to new york ticket price,0.8
20 Sep-5 Oct,airlines,0.8
20 Sep-5 Oct,flights to london from lahore,0.79
20 Sep-5 Oct,lahore to london flight price,0.77
20 Sep-5 Oct,pakistan to scotland ticket price,0.77
20 Sep-5 Oct,islamabad to cardiff flights,0.76
20 Sep-5 Oct,isb to london,0.76
20 Sep-5 Oct,lahore to manchester flight ticket price,0.74
20 Sep-5 Oct,britain flights,0.74
20 Sep-5 Oct,tehran to london flights,0.74
20 Sep-5 Oct,isb to london ticket price,0.73
20 Sep-5 Oct,cheap premium economy tickets,0.72
20 Sep-5 Oct,direct flight from islamabad to manchester,0.72
20 Sep-5 Oct,cheap flight islamabad to manchester,0.72
20 Sep-5 Oct,manchester to islamabad business class,0.71
20 Sep-5 Oct,cheap air tickets from islamabad to london,0.71
20 Sep-5 Oct,flights lahore to london,0.7
20 Sep-5 Oct,cheap flight from karachi to london,0.7
20 Sep-5 Oct,flight ticket to london,0.69
20 Sep-5 Oct,airplane ticket reservation,0.69
20 Sep-5 Oct,lahore to london heathrow ticket price,0.69
20 Sep-5 Oct,lahore to manchester direct flight,0.68
20 Sep-5 Oct,manchester to islamabad ticket price,0.68
20 Sep-5 Oct,ticket,0.68
20 Sep-5 Oct,karachi to gatwick,0.67
20 Sep-5 Oct,buy online air tickets,0.67
20 Sep-5 Oct,london to pakistan ticket price,0.67
20 Sep-5 Oct,manchester to pakistan flights,0.67
20 Sep-5 Oct,pakistan to dublin,0.66
20 Sep-5 Oct,islamabad to birmingham flights ticket price,0.65
20 Sep-5 Oct,cheapest flights to london heathrow,0.64
20 Sep-5 Oct,lhr to edinburgh flights,0.64
20 Sep-5 Oct,lahore to london air ticket price,0.64
20 Sep-5 Oct,multan to london flights,0.64
20 Sep-5 Oct,peshawar to london ticket price,0.63
20 Sep-5 Oct,lon to lhe,0.63
20 Sep-5 Oct,karachi to heathrow ticket price,0.63
20 Sep-5 Oct,london ticket,0.63
20 Sep-5 Oct,karachi to edinburgh ticket price,0.63
20 Sep-5 Oct,london to peshawar cheap flights,0.63
20 Sep-5 Oct,cheap flights from islamabad to heathrow,0.62
20 Sep-5 Oct,lhr to edinburgh,0.62
20 Sep-5 Oct,airlines offers,0.62
20 Sep-5 Oct,cheapest flights from london to lahore,0.61
20 Sep-5 Oct,air tickets,0.61
20 Sep-5 Oct,england ticket,0.61
20 Sep-5 Oct,pakistan to dublin flights,0.6
20 Sep-5 Oct,discount on international flights,0.6
20 Sep-5 Oct,karachi to heathrow flights,0.6
20 Sep-5 Oct,lhr to scotland,0.6
20 Sep-5 Oct,pakistan to ireland,0.6
20 Sep-5 Oct,lahore to london direct flights,0.59
20 Sep-5 Oct,cheap flights to islamabad from birmingham,0.59
20 Sep-5 Oct,flights to portlaoise,0.59
20 Sep-5 Oct,ireland to pakistan,0.58
20 Sep-5 Oct,flights islamabad to birmingham,0.58
20 Sep-5 Oct,flights to manchester from pakistan,0.58
20 Sep-5 Oct,flights to heathrow,0.58
20 Sep-5 Oct,birmingham to islamabad flights,0.58
20 Sep-5 Oct,book ticket online,0.57
20 Sep-5 Oct,islamabad to manchester cheap flights,0.57
20 Sep-5 Oct,islamabad to birmingham cheap flights,0.57
20 Sep-5 Oct,flights from pakistan to manchester,0.56
20 Sep-5 Oct,check flight ticket,0.56
20 Sep-5 Oct,pakistan to manchester flight,0.56
20 Sep-5 Oct,flight from islamabad to manchester,0.55
20 Sep-5 Oct,karachi to heathrow,0.55
20 Sep-5 Oct,lhe to manchester,0.54
20 Sep-5 Oct,pakistan to manchester flights,0.54
20 Sep-5 Oct,pakistan tickets from birmingham,0.54
20 Sep-5 Oct,london flight ticket price from pakistan,0.53
20 Sep-5 Oct,sasta tickets,0.52
20 Sep-5 Oct,international flights,0.52
20 Sep-5 Oct,ticket from pakistan to london,0.52
20 Sep-5 Oct,farecompare flights,0.52
20 Sep-5 Oct,flights to belfast,0.52
20 Sep-5 Oct,flight ticket booking,0.52
20 Sep-5 Oct,pakistan to birmingham flights,0.51
20 Sep-5 Oct,pakistan to london,0.51
20 Sep-5 Oct,karachi to edinburgh,0.5
20 Sep-5 Oct,london karachi flights,0.5
20 Sep-5 Oct,pakistan to london flight ticket price,0.5
20 Sep-5 Oct,ireland ticket from pakistan,0.5
20 Sep-5 Oct,tickets to ireland dublin,0.49
20 Sep-5 Oct,karachi to birmingham ticket price,0.48
20 Sep-5 Oct,london return ticket price from pakistan,0.48
20 Sep-5 Oct,cheap flights deals international,0.48
20 Sep-5 Oct,ticket to london,0.48
20 Sep-5 Oct,return ticket to london,0.48
20 Sep-5 Oct,isb to birmingham ticket price,0.48
20 Sep-5 Oct,cheap flights london to islamabad,0.47
20 Sep-5 Oct,book flight,0.47
20 Sep-5 Oct,flyjinnah com,0.47
20 Sep-5 Oct,flights to nantwich,0.47
20 Sep-5 Oct,england ticket price from pakistan,0.46
20 Sep-5 Oct,lhr to switzerland flight,0.46
20 Sep-5 Oct,air sal,0.46
20 Sep-5 Oct,flights for dublin ireland,0.46
20 Sep-5 Oct,cheap flights from london to lahore,0.45
20 Sep-5 Oct,lahore to england ticket price,0.45
20 Sep-5 Oct,cheapest flights from lahore to london,0.45
20 Sep-5 Oct,lahore london flights,0.45
20 Sep-5 Oct,khi to london flight,0.45
20 Sep-5 Oct,lahore to london ticket,0.45
20 Sep-5 Oct,trip to edinburgh,0.45
20 Sep-5 Oct,flights from london to lahore,0.44
20 Sep-5 Oct,flights from manchester to lahore,0.44
20 Sep-5 Oct,pakistan to heathrow flights,0.44
20 Sep-5 Oct,edinburgh to lahore flights,0.42
20 Sep-5 Oct,fly air,0.42
20 Sep-5 Oct,ticket to manchester,0.42
20 Sep-5 Oct,flight from islamabad to london,0.42
20 Sep-5 Oct,isb to lhr flight,0.42
20 Sep-5 Oct,flights from edinburgh to lahore,0.41
20 Sep-5 Oct,flights to london from karachi,0.41
20 Sep-5 Oct,from islamabad to manchester,0.4
20 Sep-5 Oct,pakistan to ireland flight ticket price,0.4
20 Sep-5 Oct,flight from pakistan to birmingham,0.4
20 Sep-5 Oct,lhr to nairobi,0.39
20 Sep-5 Oct,birmingham return ticket,0.39
20 Sep-5 Oct,flights to london from pakistan,0.39
20 Sep-5 Oct,pakistan to edinburgh ticket price,0.39
20 Sep-5 Oct,birmingham to pakistan ticket price,0.38
20 Sep-5 Oct,flighthub,0.38
20 Sep-5 Oct,travel ticket booking,0.38
20 Sep-5 Oct,peshawar to manchester,0.38
20 Sep-5 Oct,ireland ticket,0.38
20 Sep-5 Oct,cheap flights from lahore to birmingham,0.38
20 Sep-5 Oct,manchester to lahore ticket price,0.38
