market,dest,searches,search_value,sales,sales_value,ratio,vs_median,scale_to_median,flag
IN,BER,2292,148443.63,4,1658.36,89.512,4.93,0.203,yes
IN,SFO,2020,204902.45,3,2861.5,71.607,3.943,0.254,yes
IN,LHR,3266,138005.38,5,2626.31,52.547,2.894,0.346,yes
IN,MAN,934,49909.97,3,952.25,52.413,2.886,0.346,yes
IN,DOH,1256,134827.22,8,3783.47,35.636,1.963,0.51,yes
IN,FRA,1284,75126.29,5,2635.48,28.506,1.57,0.637,yes
IN,HYD,1445,71083.67,5,3000.94,23.687,1.304,0.767,yes
IN,CDG,809,33952.0,3,1869.77,18.158,1.0,1.0,no
IN,DUB,1834,119996.92,11,7286.32,16.469,0.907,1.103,no
IN,LIS,906,33706.26,3,2169.33,15.538,0.856,1.169,no
IN,ORD,618,35867.49,3,2315.79,15.488,0.853,1.172,no
IN,BLR,1135,52929.87,3,3814.21,13.877,0.764,1.309,no
IN,GOX,180,12509.77,3,1113.96,11.23,0.618,1.617,no
IN,CCU,759,28264.0,3,3590.42,7.872,0.434,2.307,no
IN,PHL,310,8323.1,3,5745.58,1.449,0.08,12.535,no
