date,resource_and_operation,changes
2026-09-09,CAMPAIGN_BUDGET/UPDATE,3
2026-09-10,CAMPAIGN_BUDGET/UPDATE,1
2026-09-11,CAMPAIGN_BUDGET/UPDATE,2
2026-09-12,CAMPAIGN_BUDGET/UPDATE,2
2026-09-13,CAMPAIGN_BUDGET/UPDATE,2
2026-09-14,CAMPAIGN_ASSET/CREATE,27
2026-09-14,CAMPAIGN_BUDGET/UPDATE,2
2026-09-14,ASSET/CREATE,1
2026-09-16,CAMPAIGN_BUDGET/UPDATE,2
2026-09-17,CAMPAIGN_BUDGET/UPDATE,2
2026-09-18,CAMPAIGN_BUDGET/UPDATE,1
2026-09-19,CAMPAIGN_BUDGET/UPDATE,2
2026-09-20,CAMPAIGN_BUDGET/UPDATE,2
2026-09-21,CAMPAIGN_BUDGET/UPDATE,3
2026-09-23,CAMPAIGN_BUDGET/UPDATE,2
2026-09-24,CAMPAIGN_ASSET/CREATE,27
2026-09-24,ASSET/CREATE,1
2026-09-24,CAMPAIGN_BUDGET/UPDATE,1
2026-09-25,AD_GROUP/UPDATE,682
2026-09-25,AD_GROUP_CRITERION/UPDATE,79
2026-09-25,CAMPAIGN_BUDGET/UPDATE,1
2026-09-26,CAMPAIGN_BUDGET/UPDATE,2
2026-09-27,CAMPAIGN_BUDGET/UPDATE,4
2026-09-28,CAMPAIGN_BUDGET/UPDATE,1
2026-09-30,CAMPAIGN_BUDGET/UPDATE,1
2026-10-01,CAMPAIGN_BUDGET/UPDATE,2
2026-10-02,CAMPAIGN_BUDGET/UPDATE,2
2026-10-03,CAMPAIGN_BUDGET/UPDATE,1
2026-10-04,CAMPAIGN_BUDGET/UPDATE,2
2026-10-05,CAMPAIGN_BUDGET/UPDATE,2
