date,resource_type,changes
2026-07-11,AD_GROUP_CRITERION,2
2026-07-11,AD_GROUP_AD,1
2026-07-12,CAMPAIGN_CRITERION,1752
2026-07-12,CAMPAIGN,46
2026-07-12,ASSET,1
2026-07-12,CAMPAIGN_BUDGET,1
2026-07-13,CAMPAIGN_SHARED_SET,50
2026-07-13,CAMPAIGN_BUDGET,25
2026-07-14,AD_GROUP_CRITERION,1
2026-07-15,CAMPAIGN_ASSET,892
2026-07-15,AD_GROUP_CRITERION,90
2026-07-15,ASSET,42
2026-07-16,AD_GROUP_CRITERION,4553
2026-07-16,AD_GROUP_AD,1461
2026-07-16,CAMPAIGN_BUDGET,540
2026-07-16,CAMPAIGN,539
2026-07-16,CAMPAIGN_ASSET,4
2026-07-18,AD_GROUP_AD,2522
2026-07-18,CAMPAIGN_ASSET,336
2026-07-18,AD_GROUP_CRITERION,1
2026-07-19,AD_GROUP_CRITERION,1
2026-07-19,AD_GROUP_AD,1
2026-07-20,AD_GROUP_AD,2
2026-07-20,AD_GROUP_CRITERION,1
2026-07-21,CAMPAIGN_ASSET,546
2026-07-21,AD_GROUP_AD,13
2026-07-21,AD_GROUP_CRITERION,1
2026-07-22,AD_GROUP_AD,113
2026-07-22,CAMPAIGN_SHARED_SET,88
2026-07-22,CAMPAIGN_BUDGET,70
2026-07-22,CAMPAIGN_ASSET,12
2026-07-22,AD_GROUP_CRITERION,1
2026-07-23,AD_GROUP_CRITERION,4300
2026-07-23,CAMPAIGN_BUDGET,622
2026-07-23,CAMPAIGN_ASSET,581
2026-07-23,CAMPAIGN,532
2026-07-23,CAMPAIGN_SHARED_SET,232
2026-07-23,AD_GROUP_AD,24
2026-07-23,ASSET,1
2026-07-25,AD_GROUP_AD,5
2026-07-26,AD_GROUP_AD,3
2026-07-26,AD_GROUP_CRITERION,1
2026-07-27,AD_GROUP_AD,27
2026-07-27,ASSET,1
2026-07-27,AD_GROUP_CRITERION,1
2026-07-28,CAMPAIGN_ASSET,20
2026-07-28,AD_GROUP_AD,18
2026-07-28,CAMPAIGN_BUDGET,7
2026-07-29,AD_GROUP_AD,9892
2026-07-29,CAMPAIGN_SHARED_SET,20
2026-07-29,CAMPAIGN_BUDGET,4
2026-07-29,ASSET,1
2026-08-01,AD_GROUP_AD,1428
2026-08-01,CAMPAIGN_ASSET,10
2026-08-02,AD_GROUP_AD,1441
2026-08-02,CAMPAIGN_ASSET,4
2026-08-03,AD_GROUP_AD,1497
2026-08-04,AD_GROUP_AD,1459
2026-08-04,CAMPAIGN_ASSET,4
2026-08-05,AD_GROUP_AD,1511
2026-08-05,CAMPAIGN_BUDGET,539
2026-08-06,AD_GROUP_AD,1419
2026-08-06,CAMPAIGN,544
2026-08-06,CAMPAIGN_CRITERION,81
2026-08-06,ASSET,47
2026-08-06,CAMPAIGN_ASSET,8
2026-08-06,CAMPAIGN_BUDGET,5
2026-08-06,CAMPAIGN_SHARED_SET,3
2026-08-08,AD_GROUP_AD,2780
2026-08-08,CAMPAIGN_ASSET,8
2026-08-09,AD_GROUP_AD,2761
2026-08-09,CAMPAIGN_ASSET,593
2026-08-09,ASSET,1
2026-08-10,AD_GROUP_AD,2699
2026-08-10,CAMPAIGN_ASSET,4
2026-08-11,AD_GROUP_AD,42
2026-08-11,ASSET,23
2026-08-12,CAMPAIGN_BUDGET,16
2026-08-12,CAMPAIGN_ASSET,2
2026-08-13,CAMPAIGN,541
2026-08-13,CAMPAIGN_BUDGET,525
2026-08-13,CAMPAIGN_ASSET,4
2026-08-13,ASSET,1
2026-08-15,AD_GROUP_AD,40
2026-08-15,CAMPAIGN_ASSET,6
2026-08-15,AD_GROUP_CRITERION,2
2026-08-16,AD_GROUP_AD,17
2026-08-16,CAMPAIGN_ASSET,4
2026-08-16,AD_GROUP_CRITERION,1
2026-08-17,AD_GROUP_AD,21
2026-08-17,AD_GROUP_CRITERION,14
2026-08-17,CAMPAIGN_ASSET,4
2026-08-18,AD_GROUP_AD,59
2026-08-18,CAMPAIGN_ASSET,2
2026-08-19,AD_GROUP_AD,59
2026-08-19,CAMPAIGN_BUDGET,58
2026-08-19,CAMPAIGN_CRITERION,54
2026-08-19,ASSET,15
2026-08-19,CAMPAIGN_ASSET,6
2026-08-19,CAMPAIGN_SHARED_SET,2
2026-08-19,CAMPAIGN,1
2026-08-20,AD_GROUP_CRITERION,3737
2026-08-20,CAMPAIGN_BUDGET,545
2026-08-20,CAMPAIGN,544
2026-08-20,CAMPAIGN_SHARED_SET,120
2026-08-20,AD_GROUP_AD,91
2026-08-20,AD_GROUP,6
2026-08-22,AD_GROUP_AD,15
2026-08-22,CAMPAIGN_ASSET,10
2026-08-22,AD_GROUP_CRITERION,4
2026-08-23,AD_GROUP_AD,21
2026-08-23,AD_GROUP_CRITERION,4
2026-08-23,CAMPAIGN_ASSET,2
2026-08-24,AD_GROUP_CRITERION,18
2026-08-24,AD_GROUP_AD,4
2026-08-24,CAMPAIGN_ASSET,2
2026-08-24,CAMPAIGN_BUDGET,1
2026-08-25,AD_GROUP_CRITERION,507
2026-08-25,AD_GROUP_AD,68
2026-08-25,CAMPAIGN_ASSET,2
2026-08-26,AD_GROUP_AD,85
2026-08-26,AD_GROUP_CRITERION,5
2026-08-27,AD_GROUP_CRITERION,3456
2026-08-27,CAMPAIGN_ASSET,587
2026-08-27,CAMPAIGN,544
2026-08-27,CAMPAIGN_BUDGET,498
2026-08-27,AD_GROUP_AD,63
2026-08-27,ASSET,1
2026-08-29,AD_GROUP_AD,24
2026-08-29,AD_GROUP_CRITERION,5
2026-08-30,AD_GROUP_AD,30
2026-08-30,AD_GROUP_CRITERION,5
2026-08-30,CAMPAIGN_ASSET,4
2026-08-31,AD_GROUP_AD,44
2026-08-31,AD_GROUP_CRITERION,3
2026-09-01,AD_GROUP_AD,51
2026-09-01,AD_GROUP_CRITERION,16
2026-09-01,CAMPAIGN_BUDGET,4
2026-09-01,CAMPAIGN_SHARED_SET,4
2026-09-01,CAMPAIGN_ASSET,2
2026-09-02,CAMPAIGN_BUDGET,539
2026-09-02,CAMPAIGN_SHARED_SET,112
2026-09-02,AD_GROUP_AD,74
2026-09-02,CAMPAIGN,46
2026-09-02,AD_GROUP_CRITERION,3
2026-09-03,AD_GROUP_CRITERION,3300
2026-09-03,CAMPAIGN_SHARED_SET,974
2026-09-03,CAMPAIGN_BUDGET,551
2026-09-03,CAMPAIGN,544
2026-09-03,AD_GROUP_AD,24
2026-09-03,CAMPAIGN_ASSET,4
2026-09-05,AD_GROUP_AD,6
2026-09-05,AD_GROUP_CRITERION,4
2026-09-05,CAMPAIGN_BUDGET,4
2026-09-06,AD_GROUP_CRITERION,4
2026-09-06,AD_GROUP_AD,2
2026-09-06,CAMPAIGN_BUDGET,2
2026-09-07,AD_GROUP_AD,1653
2026-09-07,CAMPAIGN_BUDGET,6
2026-09-07,AD_GROUP_CRITERION,3
2026-09-08,AD_GROUP_AD,115
2026-09-08,CAMPAIGN_ASSET,8
2026-09-08,AD_GROUP_CRITERION,6
2026-09-09,CAMPAIGN_BUDGET,543
2026-09-09,AD_GROUP_AD,14
2026-09-09,AD_GROUP_CRITERION,4
2026-09-10,CAMPAIGN,544
2026-09-10,AD_GROUP_CRITERION,9
2026-09-10,CAMPAIGN_BUDGET,1
2026-09-12,AD_GROUP_CRITERION,3
2026-09-13,AD_GROUP_AD,11
2026-09-13,AD_GROUP_CRITERION,3
2026-09-14,CAMPAIGN_ASSET,37
2026-09-14,AD_GROUP_AD,9
2026-09-14,AD_GROUP_CRITERION,4
2026-09-14,ASSET,1
2026-09-15,AD_GROUP_AD,12
2026-09-15,AD_GROUP_CRITERION,4
2026-09-15,CAMPAIGN_ASSET,2
2026-09-16,AD_GROUP_AD,11
2026-09-16,AD_GROUP_CRITERION,3
2026-09-17,CAMPAIGN_BUDGET,544
2026-09-17,CAMPAIGN,544
2026-09-17,AD_GROUP_AD,19
2026-09-17,AD_GROUP_CRITERION,10
2026-09-17,CAMPAIGN_ASSET,4
2026-09-19,AD_GROUP_AD,9
2026-09-19,CUSTOMER_ASSET,5
2026-09-19,ASSET,5
2026-09-19,AD_GROUP_CRITERION,2
2026-09-20,AD_GROUP_AD,12
2026-09-20,AD_GROUP_CRITERION,6
2026-09-21,AD_GROUP_AD,22
2026-09-21,CUSTOMER_ASSET,5
2026-09-21,AD_GROUP_CRITERION,2
2026-09-22,AD_GROUP_AD,45
2026-09-22,ASSET,5
2026-09-22,AD_GROUP_CRITERION,5
2026-09-23,ASSET,565
2026-09-23,AD_GROUP_AD,28
2026-09-23,AD_GROUP_CRITERION,20
2026-09-23,CAMPAIGN_BUDGET,1
2026-09-24,CAMPAIGN,544
2026-09-24,CAMPAIGN_BUDGET,543
2026-09-24,CAMPAIGN_ASSET,27
2026-09-24,AD_GROUP_CRITERION,9
2026-09-24,ASSET,2
2026-09-26,ASSET,222
2026-09-26,AD_GROUP_AD,20
2026-09-26,AD_GROUP_CRITERION,2
2026-09-27,AD_GROUP_AD,34
2026-09-27,AD_GROUP_CRITERION,8
2026-09-28,AD_GROUP_AD,36
2026-09-28,AD_GROUP_CRITERION,8
2026-09-29,AD_GROUP_AD,66
2026-09-29,AD_GROUP_CRITERION,5
2026-09-30,AD_GROUP_CRITERION,6
2026-10-01,CAMPAIGN_BUDGET,544
2026-10-01,CAMPAIGN,544
2026-10-01,CAMPAIGN_SHARED_SET,23
2026-10-01,AD_GROUP_CRITERION,15
2026-10-03,AD_GROUP_CRITERION,2
2026-10-04,ASSET,707
2026-10-04,AD_GROUP_CRITERION,4
2026-10-05,CAMPAIGN_BUDGET,8
2026-10-05,AD_GROUP_CRITERION,3
2026-10-06,CAMPAIGN_BUDGET,571
2026-10-06,CAMPAIGN,544
2026-10-06,CAMPAIGN_SHARED_SET,54
2026-10-06,AD_GROUP_CRITERION,14
2026-10-06,CAMPAIGN_ASSET,2
