search_term,cost_4w
dubai to mumbai flight,90.2
dubai to delhi flight,75.22
dubai to india flight,54.31
dubai to amritsar flight,47.66
toronto to delhi flight,44.45
dubai to chennai flight,42.04
dubai to kolkata flight,40.13
london to delhi flight,38.87
dubai to hyderabad flight,36.26
dubai to delhi flight ticket price,34.77
london to mumbai flight,33.0
dubai to ahmedabad flight,30.07
dubai to india flight ticket price,29.69
dubai to mumbai flight ticket price,28.0
toronto to ahmedabad flight,27.92
london to chennai flight,27.84
london to hyderabad flight,25.5
flight to dubai from delhi,23.28
kuwait to india flight,22.89
dubai to lucknow flight,22.12
kuwait to delhi flight,21.88
dubai to kochi flight,21.1
toronto to amritsar flight,20.24
sharjah to amritsar flight,20.03
germany to india flight,19.95
dubai to chandigarh flight,19.47
lisbon to delhi flight,19.39
london to ahmedabad flight,18.22
kuwait to india flight ticket price,17.21
dubai to amritsar flight ticket price,16.15
vancouver to delhi flights,16.09
dubai to chennai flight ticket price,16.09
abu dhabi to delhi flight,16.07
berlin to mumbai flight,15.94
new york to delhi flight,15.71
kuwait to mumbai flight,15.63
paris to delhi flight,14.9
portugal to india flight ticket price,14.89
kuwait to chennai flight,14.23
usa to india flight,13.86
abu dhabi to mumbai flight,13.64
abu dhabi to chennai flight,13.41
london to kolkata flight,13.29
flight to dubai from mumbai,13.24
toronto to mumbai flight,12.8
dubai to jaipur flight,12.7
toronto to chennai flights,12.26
germany to delhi flight,12.03
germany to india flight ticket price,11.48
abu dhabi to amritsar ticket price,11.47
toronto to delhi flight price,11.16
toronto to hyderabad flights,11.05
dubai to hyderabad flight ticket price,10.89
kuwait to kochi flight,10.72
dublin to goa flights,10.36
flight to london from delhi,10.18
dubai to patna flight,10.18
dubai to india ticket price,10.07
london to india flight,9.95
new zealand to india flight,9.95
dubai to pune flight,9.94
kuwait to hyderabad flight,9.9
lisbon to delhi flight ticket price,9.8
london to kochi flight,9.63
saudi to india flight,9.31
flight to usa from india,9.18
kuwait to chennai flight ticket,9.06
germany to hyderabad flights,9.05
flights to dubai from mumbai,9.01
dubai to trivandrum flight,8.89
flight to dubai from chennai,8.74
atlanta to hyderabad flights,8.69
kuwait to hyderabad flight ticket price,8.69
toronto to amritsar flight ticket price,8.68
winnipeg to delhi flight,8.61
edmonton to delhi flights,8.56
dubai to amritsar flight ticket price today,8.44
toronto to delhi,8.19
london to india flight ticket price,8.13
chicago to delhi flight,8.12
frankfurt to delhi flight,8.12
vienna to amritsar flights,8.06
abu dhabi to hyderabad flight,7.85
flights to usa from india,7.79
flight to scotland from india,7.74
abu dhabi to kolkata flight,7.7
london to goa flight,7.58
ireland to india flight,7.55
flights to dubai from delhi,7.52
dubai to chennai flight ticket,7.5
london to chennai flight ticket price,7.47
lisbon to delhi flights,7.42
flight to australia from india,7.37
dubai to coimbatore flight,7.35
kuwait to kolkata flight,7.33
flight to edinburgh from india,7.32
kuwait to delhi flight ticket price,7.24
france to india flight,7.22
vancouver to delhi flight,7.21
flight to georgia from india,7.2
flight to egypt from india,7.15
malta to kochi flights,7.14
new york to mumbai flight,7.07
tickets to australia from india,7.06
flights to georgia from india,7.04
germany to delhi flight ticket price,6.95
flight to london from mumbai,6.9
paris to mumbai flight,6.88
kuwait to ahmedabad flight,6.82
dubai to kolkata flight ticket price,6.79
lisbon to india flight,6.78
kuwait to chennai flight ticket price,6.76
cyprus to delhi flight ticket price,6.73
flight to azerbaijan from india,6.71
amsterdam to delhi flight,6.65
abu dhabi to delhi flight ticket price,6.58
ticket to dubai from delhi,6.42
london to mumbai flight ticket price,6.39
flight to malta from india,6.38
portugal to delhi flight ticket price,6.32
chicago to mumbai flight,6.3
london to amritsar flight,6.28
new zealand to india flight ticket price,6.22
birmingham to amritsar flight,6.19
dubai to kochi flight ticket price,6.17
saudi to india flight ticket price,6.16
abu dhabi to amritsar flight ticket price,6.14
dubai to lucknow flight ticket price,5.93
switzerland to mumbai flight,5.91
german to india flight ticket price,5.9
dubai to goa flight,5.89
portugal to delhi flight,5.88
riyadh to lucknow flight,5.86
flights to turkey from india,5.83
us to india flight,5.79
dubai to new delhi flight,5.79
flights to houston from india,5.6
abu dhabi to chennai flight ticket price,5.58
edinburgh to delhi flight,5.57
toronto to ahmedabad flight ticket price,5.53
portugal to india flight,5.53
seattle to hyderabad flights,5.44
saudi to chennai flight,5.43
flight ticket to finland from india,5.39
dubai to india,5.38
dubai to nagpur flight,5.37
manchester to delhi flight,5.36
sweden to india flight,5.34
toronto to india flights,5.33
abu dhabi to kochi flight,5.32
edinburgh to mumbai flight,5.3
dubai to delhi,5.3
flights to dubai from chennai,5.3
kuwait to kolkata flight ticket price,5.23
sharjah to hyderabad flights,5.2
saudi to mumbai flight,5.15
portugal to amritsar flight ticket price,5.14
seattle to delhi flights,5.1
dubai to indore flight,5.06
cheap flights to usa from india,5.05
toronto to delhi flight ticket price,5.04
new york to chennai flights,5.0
new york to hyderabad flights,5.0
abu dhabi to kochi flight ticket rate,4.99
montreal to delhi flight,4.98
toronto to kolkata flights,4.94
kuwait to mumbai flight ticket price,4.92
dubai to hyderabad flights,4.9
san francisco to amritsar flight,4.89
halifax to delhi flights,4.87
lisbon to amritsar flight,4.86
paris to india flight,4.86
malta to india flight,4.85
manchester to kolkata flight,4.83
london to delhi,4.81
lisbon to delhi,4.81
houston to chennai flights,4.81
sharjah to amritsar flight ticket price,4.8
toronto to amritsar,4.72
auckland to amritsar flight,4.72
flight to dubai from ahmedabad,4.71
dallas to chennai flights,4.7
flight to turkey from india,4.63
saudi to delhi flight,4.62
kuwait to goa flight,4.61
dubai to goa flight ticket price,4.59
manchester to mumbai flight,4.56
flight to europe from india,4.56
switzerland to chennai flight,4.51
flight to dubai from pune,4.5
switzerland to delhi flight,4.49
london to ahmedabad flight ticket price,4.48
flights to edinburgh from india,4.46
malta to mumbai flight,4.45
san francisco to mumbai flight,4.45
flight ticket to dubai from chennai,4.44
flight to las vegas from india,4.43
usa to india flight ticket price,4.43
cyprus to india ticket price,4.4
toronto to kochi flight,4.39
chicago to hyderabad flights,4.38
detroit to hyderabad flights,4.34
sharjah to kochi flight,4.32
portugal to india ticket price,4.3
flight from dubai to delhi,4.28
flights to london from mumbai,4.27
edinburgh to chennai flights,4.26
dubai to chandigarh flight ticket price,4.25
seattle to chennai flights,4.24
abu dhabi to amritsar flight,4.22
dubai to patna flight ticket price,4.18
flight to new zealand from india,4.18
zurich to chennai flights,4.17
flights from toronto to delhi,4.17
flights to baku from mumbai,4.17
auckland to delhi flight,4.16
amsterdam to mumbai flight,4.16
flight ticket to europe from india,4.12
ticket to dubai from mumbai,4.12
tickets to dubai from mumbai,4.08
london to kolkata flight ticket price,4.05
switzerland to india flight,4.05
larnaca to delhi flight,4.04
budapest to delhi flight,4.04
france to india flight ticket price,4.01
germany to kochi flight ticket price,3.96
abu dhabi to lucknow flight,3.94
atlanta to ahmedabad flight,3.93
flight to new york from delhi,3.93
flights to london from hyderabad,3.92
germany to mumbai flight,3.88
berlin to kolkata flight,3.87
flights to georgia from mumbai,3.86
atlanta to mumbai flight,3.84
frankfurt to mumbai flight,3.84
flights to new york from delhi,3.84
dallas to hyderabad flights,3.84
flight ticket dubai to india,3.81
flights to australia from india,3.78
flights to scotland from india,3.77
malta to india flight ticket price,3.75
flight to budapest from india,3.74
flight to south africa from india,3.73
melbourne to amritsar flights,3.72
georgia to india flight,3.71
abu dhabi to goa flight,3.71
usa to ahmedabad flight,3.68
dubai to india flight price,3.67
saudi arabia to delhi flight ticket price,3.67
flights to baku from india,3.66
italy to india flight,3.65
italy to india flight ticket price,3.64
flights to helsinki from india,3.64
georgia to india flight ticket price,3.64
paris to chennai flight,3.64
zurich to mumbai flight,3.63
germany to hyderabad flight,3.63
lisbon to amritsar flight ticket price,3.63
georgia to mumbai flight,3.61
flight to baku from delhi,3.59
flight to finland from india,3.58
abu dhabi to chandigarh flight,3.57
ticket to australia from india,3.55
amsterdam to chennai flight,3.51
dubai to kochi flight price,3.5
boston to hyderabad flights,3.5
budapest to india flight,3.49
manchester to hyderabad flights,3.47
riyadh to mumbai flight,3.41
flight to berlin from india,3.41
abu dhabi to patna flight,3.4
flights to dubai from hyderabad,3.39
flight tickets to usa from india,3.39
flight to sweden from india,3.39
saudi to lucknow flight,3.38
flight to italy from delhi,3.37
flight to moscow from india,3.36
flight to norway from delhi,3.36
toronto to amritsar flight price,3.35
dubai to delhi flight ticket price today,3.35
kuwait to india ticket price,3.32
germany to kochi flight,3.32
dubai to kozhikode flight,3.31
kenya to hyderabad flights,3.3
flight to brazil from india,3.3
scotland to india flight,3.3
yyz to delhi flights,3.3
budapest to mumbai flight,3.29
flights to finland from india,3.29
england to india flight ticket price,3.29
lisbon to new delhi flight,3.29
flights to berlin from india,3.26
london to hyderabad flights,3.23
manchester to goa flights,3.2
flight to greece from india,3.19
kuwait to lucknow flight,3.19
flight to london from hyderabad,3.19
flight ticket to usa from india price,3.18
london heathrow to chennai flights,3.18
sharjah to delhi flight ticket price,3.17
flight to norway from india,3.14
vancouver to delhi flights price,3.14
heathrow to delhi flights,3.13
dubai to nagpur flight ticket price,3.13
america to delhi flight ticket price,3.12
sharjah to lucknow flight,3.12
dubai to coimbatore flight ticket price,3.11
flights to new zealand from india,3.11
vancouver to delhi,3.11
flight to ireland from india,3.1
zurich to delhi flight,3.1
ticket dubai to india,3.09
direct flight to san francisco from india,3.09
flight to dubai from india,3.08
flight to texas from india,3.08
chicago to ahmedabad flight,3.07
germany to india,3.04
dubai to mumbai flight price,3.03
manchester to kochi flights,3.03
germany to chennai flight,3.02
flight ticket to norway from india,3.01
flight to dubai from hyderabad,3.0
atlanta to delhi flight,2.99
london to kochi flight rate,2.99
london to mumbai flight price,2.98
flights to norway from india,2.98
yyz to delhi,2.98
flight from london to hyderabad,2.95
kuwait to india flight ticket price today,2.95
istanbul to delhi flight,2.95
montreal to amritsar flights,2.94
sfo to mumbai flights,2.92
new zealand to india,2.91
flight to italy from mumbai,2.91
germany to new delhi flight,2.9
flights to new york from india,2.9
ireland to india flight ticket price,2.89
ticket price dubai to india,2.88
edmonton to delhi flights ticket price,2.88
nz to india flight,2.87
cheap flights to london from india,2.87
ticket to finland from india,2.87
saudi to hyderabad flight ticket price,2.86
flight to new york from india,2.86
atlanta to chennai flights,2.85
flights to budapest from india,2.85
halifax to mumbai flights,2.85
flight to georgia from delhi,2.85
berlin to ahmedabad flights,2.85
london to hyderabad flight ticket price,2.85
malta to kochi flight ticket price,2.84
sharjah to delhi flight,2.84
ticket to usa from india,2.83
toronto to india flight,2.83
tanzania to india flight,2.82
london to chennai flight price,2.82
vancouver to delhi flight ticket price,2.82
new zealand to delhi flight,2.8
flights from usa to india,2.8
flight from dubai to amritsar,2.8
london to delhi flight ticket price,2.79
flight to dubai from kolkata,2.78
manchester to chennai flights,2.78
flights to moscow from india,2.76
abu dhabi to hyderabad flights,2.76
los angeles to chennai flights,2.75
milan to chennai flights,2.74
flight to nyc from delhi,2.74
flight tickets to dubai from mumbai,2.74
rome to amritsar flight,2.74
flight usa to india,2.72
kuwait to kochi flight ticket price,2.72
flights to europe from india,2.71
flights from dubai to mumbai,2.71
sharjah to chandigarh flight,2.7
amsterdam to india flight,2.69
abu dhabi to jaipur flight,2.68
abu dhabi to kolkata flight ticket price,2.67
london to india,2.66
flight ticket to dubai from india,2.66
flight to manchester from india,2.66
sweden to india flight price,2.66
saudi arabia to india flight ticket price,2.61
ticket to london from india,2.61
frankfurt to ahmedabad flight,2.6
finland to india flight,2.59
usa to delhi flight ticket price,2.57
georgia to chennai flights,2.56
rome to kolkata flight,2.56
amsterdam to hyderabad flight,2.56
flight from dubai to india,2.56
riyadh to lucknow,2.56
france to mumbai flight,2.56
ticket to dubai from india,2.56
montreal to india flight,2.56
cyprus to delhi flight,2.56
budapest to new delhi flight,2.55
kuwait to trivandrum flight,2.55
dubai to india flights,2.54
france to delhi flight,2.54
paris to amritsar flight ticket price,2.53
washington dc to mumbai flights,2.53
ireland to mumbai flight,2.52
germany to hyderabad flight ticket price,2.52
atlanta to hyderabad flight,2.52
flights to london from kolkata,2.52
us to mumbai flight ticket price,2.51
berlin to pune flights,2.51
dubai to bengaluru flights,2.5
dubai to mumbai,2.5
dubai to jaipur flight ticket price,2.5
usa to hyderabad flight ticket price,2.49
abu dhabi to ahmedabad flight,2.48
ticket to new zealand from india,2.48
california to mumbai flight,2.48
abu dhabi to chandigarh flight ticket price,2.48
flight ticket to new zealand from india,2.48
malta to hyderabad flights ticket price,2.48
tickets to dubai from delhi,2.48
london to coimbatore flight,2.47
london to india flight price,2.47
america to india flight ticket price,2.46
dubai to ahmedabad flight price,2.45
chicago to chennai flights,2.45
norway to india flight price,2.44
berlin to india flight,2.44
london to pune flight,2.44
berlin to hyderabad flights,2.44
flight from usa to india,2.43
flights to dubai from india,2.43
ireland to kochi flight,2.43
sharjah to chennai flight ticket price,2.43
lisbon to delhi ticket price,2.42
saudi to kochi flight,2.42
calgary to india flight,2.4
abu dhabi to india flight,2.39
flights to tbilisi from india,2.38
birmingham to hyderabad flights,2.38
sharjah to kochi flight ticket rate,2.38
lusaka to mumbai flight,2.38
berlin to kochi flights ticket price,2.37
saudi to chennai flight ticket price,2.37
cheapest flight to dubai from mumbai,2.36
saudi to delhi flight ticket price,2.36
milan to amritsar flight,2.36
montreal to ahmedabad flight,2.35
uae to india flight,2.35
kuwait to kochi,2.35
usa to mumbai flight ticket price,2.34
flight from frankfurt to delhi,2.32
flight to dubai from trivandrum,2.32
berlin to kochi,2.32
africa to india flight ticket price,2.32
flight ticket to georgia from india,2.32
geneva to mumbai flights,2.29
manchester to ahmedabad flight,2.29
baku to delhi flight,2.29
san francisco to delhi flight,2.27
ireland to chennai flight ticket price,2.27
amsterdam to ahmedabad flight,2.26
sharjah to chandigarh flight ticket price,2.26
jfk to delhi flights,2.24
heathrow to kochi flights,2.24
paris to chennai flight ticket price,2.23
cyprus to india flight ticket price,2.23
america to mumbai flight ticket price,2.23
cheap flights germany to india,2.22
calgary to delhi flight,2.22
berlin to goa,2.21
flight to kenya from mumbai,2.21
sharjah to mumbai flight,2.2
edinburgh to kolkata flights,2.2
us to delhi flight,2.19
london to chennai,2.19
france to chennai flight,2.18
flight to paris from delhi,2.17
flights from ireland to india,2.17
tbilisi to ahmedabad flight,2.16
flight to kenya from india,2.16
dubai to kochi flight ticket rates,2.16
edmonton to india flights,2.16
frankfurt to kolkata flight,2.16
dubai to lucknow flight price,2.14
flights to dubai from pune,2.14
abu dhabi to calicut flight,2.13
dubai to india ticket,2.13
dallas to hyderabad flight ticket price,2.13
dallas to delhi flight,2.13
lisbon to mumbai flights,2.12
cairo to mumbai flight,2.12
dubai to hyderabad,2.12
zurich to goa flights,2.11
flight ticket to egypt from india,2.11
norway to india flight,2.11
brampton to india ticket price,2.11
flights to london from delhi,2.11
flight to finland from delhi,2.11
seattle to mumbai flights,2.1
cheapest flight from paris to india,2.09
detroit to mumbai flights,2.08
sharjah to india flight,2.08
cheapest flight to europe from india,2.07
flight dubai to mumbai,2.07
paris to ahmedabad flight,2.06
kuwait to hyderabad flights,2.06
flight ticket to australia from kochi,2.06
american to india flight ticket price,2.06
london to bengaluru flights,2.06
atlanta to mumbai flights,2.05
saudi to hyderabad flight,2.04
sfo to delhi flights,2.04
saudi to mumbai flight ticket price,2.04
winnipeg to delhi flight ticket price,2.04
ticket booking dubai to india,2.03
germany to kolkata flight,2.03
kuwait to calicut flight,2.03
cheapest flight to dubai from india,2.03
dubai to chennai flights,2.02
flight to italy from india,2.01
edinburgh to kochi flights,2.01
flights to azerbaijan from india,2.01
poland to kochi flights ticket price,2.01
london to chennai flights,2.01
us to india flight ticket price,2.01
flight ticket to dubai from mumbai,2.01
kenya to india flight,2.0
manchester to kochi flight,2.0
cheap flights from toronto to delhi,2.0
air ticket dubai to amritsar,2.0
dubai to new delhi flight ticket price,1.99
flights to paris from india,1.99
dubai to indore flight ticket price,1.99
sweden to delhi flight,1.98
air ticket dubai to hyderabad,1.98
california to hyderabad flights,1.98
malta to trivandrum flight ticket price,1.98
egypt to mumbai flight,1.97
dubai to pune flights,1.97
tickets from toronto to delhi,1.97
flight from vancouver to delhi,1.97
flight from germany to delhi,1.97
italy to mumbai flight,1.97
athens to india flight,1.97
new york to hyderabad flight,1.97
france to delhi flight price,1.97
heathrow to kolkata flights,1.96
direct flight from vancouver to delhi,1.95
direct flights to georgia from india,1.95
7 day trip to london cost from india,1.95
dubai to madurai flight,1.95
lisbon to india flight ticket price,1.94
abu dhabi to lucknow flight ticket price,1.94
vancouver to new delhi flight,1.94
trip to new york from india,1.93
flight to paris from mumbai,1.93
flight ticket to turkey from india,1.93
flights to georgia from delhi,1.93
abu dhabi to hyderabad flight ticket price,1.93
montreal to mumbai flight,1.92
berlin to new delhi flight,1.92
athens to chennai flight,1.92
flight from london to mumbai,1.92
flight to california from india,1.91
dubai to amritsar ticket price,1.91
sfo to mumbai,1.91
london to delhi flight price,1.9
houston to hyderabad flights,1.9
cheap flights from germany to india,1.9
heathrow to goa flights,1.9
german to india flight,1.9
flight ticket to dubai from delhi,1.89
flight ticket from vancouver to delhi,1.89
toronto to ahmedabad flights,1.89
yvr to delhi flights,1.89
flights to italy from india,1.89
nairobi to mumbai flight,1.89
azerbaijan to india flight ticket price,1.89
seattle to kolkata flights,1.88
new york to delhi flight ticket price,1.88
netherlands to delhi flight,1.88
milan to ahmedabad flights,1.88
flight to croatia from india,1.88
heathrow to delhi flight,1.88
flight to germany from india,1.87
flight to vienna from india,1.87
san francisco to bengaluru flights,1.87
tickets to london from mumbai,1.87
switzerland to india flight price,1.87
flight to serbia from india,1.86
berlin to nagpur flights,1.86
ticket from toronto to delhi,1.86
poland to mumbai flight,1.85
flight to australia from mumbai,1.85
flights from london to mumbai,1.85
finland to delhi flight,1.85
flight from edinburgh to delhi,1.85
flights to sfo from india,1.85
flight tickets to australia from india,1.85
budapest to kochi flights,1.85
dubai to trivandrum flight ticket price,1.85
turkey to mumbai flight,1.84
paris to kolkata flight,1.84
flight from abu dhabi to delhi,1.84
flight from dublin to goa,1.83
flight to switzerland from delhi,1.83
flight toronto to amritsar,1.83
toronto to delhi flights,1.82
vienna to goa flight,1.82
flight to nigeria from india,1.81
flight to england from india,1.81
houston to delhi flights,1.81
halifax to india flights,1.81
hungary to india flight,1.81
sharjah to trivandrum flight,1.8
flight to georgia from mumbai,1.8
flight america to india,1.8
new york to kolkata flight,1.8
flight ticket to paris from india,1.8
tbilisi to chennai flight,1.8
dubai to calicut flight,1.8
paris to hyderabad flight,1.79
italy to amritsar flight ticket price,1.79
flights to baku from delhi,1.79
montreal to kochi flights,1.79
flight from dubai to kolkata,1.78
amsterdam to amritsar flights,1.78
ticket to dubai from chennai,1.78
malta to chennai flights,1.77
berlin to mumbai flight ticket price,1.77
cheapest flight to london from mumbai,1.77
toronto to ahmedabad flight ticket,1.76
toronto to ahmedabad,1.76
bahrain to hyderabad flight,1.76
berlin to trivandrum flights,1.76
flight to prague from india,1.76
kuwait to delhi flight ticket,1.76
london to calicut flight,1.76
tampa to hyderabad flights,1.76
flights to london from goa,1.76
flight ticket to australia from india,1.75
dubai to kochi,1.75
chicago to kochi flights,1.75
berlin to mumbai,1.75
direct flight to london from india,1.75
toronto to india flight price,1.75
san francisco to delhi,1.74
uae to india flight ticket price,1.73
flights from dubai to delhi,1.73
flight from london to delhi,1.73
manchester to new delhi flight,1.73
norway to hyderabad flight,1.73
flights to egypt from india,1.72
edinburgh to nagpur flights,1.72
brampton to delhi flight ticket price,1.72
book tickets to usa from india,1.72
lisbon to goa flights,1.71
berlin to chandigarh flight,1.71
denmark to chennai flights,1.71
flight from toronto to chennai,1.71
tickets from edmonton to delhi,1.71
abu dhabi to mumbai flight ticket price,1.71
toronto to new delhi flight,1.71
flight to cyprus from india,1.7
london heathrow to hyderabad flights,1.69
uae to kolkata flight ticket price,1.69
flight to france from india,1.69
seattle to india flights,1.69
bucharest to delhi flight ticket price,1.68
paris to new delhi flight,1.68
zurich to bengaluru flights,1.68
los angeles to kolkata flight,1.67
flights from toronto to mumbai,1.67
riyadh to delhi flight ticket price,1.67
switzerland to india,1.66
ireland to delhi flight,1.66
edmonton to delhi flight,1.66
barcelona to hyderabad flights,1.66
abu dhabi to trivandrum flight,1.66
riyadh to mumbai flight ticket price,1.65
abu dhabi to delhi,1.65
ireland to goa flight ticket price,1.65
berlin to kochi flights,1.65
flight ticket to dubai from calicut,1.65
tickets to finland from india,1.65
flight to johannesburg from mumbai,1.64
norway to mumbai flight,1.64
edinburgh to india flights,1.64
kuwait to jaipur flight,1.63
dallas to hyderabad flight,1.63
auckland to chennai flights,1.63
dubai to india flight booking,1.63
auckland to hyderabad flights,1.62
flights to istanbul from india,1.61
cheapest flights to europe from india,1.61
london to trivandrum flights price,1.61
kuwait to chennai,1.6
greece to india flight ticket price,1.6
flight from toronto to ahmedabad,1.6
travel to usa from india,1.6
flights to greece from india,1.6
washington to mumbai flight,1.6
new york to chennai,1.6
abu dhabi to india ticket price,1.6
dubai to raipur flight,1.6
flight to new zealand from mumbai,1.59
flight ticket from dubai to delhi,1.59
sharjah to chennai flight,1.59
flights from london to hyderabad,1.59
gothenburg to mumbai flights,1.59
flight vancouver to delhi,1.58
miami to hyderabad flights,1.58
flight to london from chennai,1.58
cheap flights to europe from india,1.57
dubai to cochin flight ticket rate,1.57
sharjah to ahmedabad flight,1.57
france to chennai flight ticket price,1.57
america to india flight,1.56
flight ticket to london from india,1.56
london to lucknow flight,1.56
flight paris to delhi,1.56
new zealand to ahmedabad flight ticket price,1.56
dubai to mumbai flights,1.55
usa to delhi flight,1.55
tickets to dubai from hyderabad,1.54
istanbul to mumbai flight,1.54
cheapest flight from london to delhi,1.54
frankfurt to nagpur flights,1.53
manchester to india flight,1.53
frankfurt to amritsar flight,1.53
flight to germany from mumbai,1.53
poland to delhi flight,1.53
flight to tanzania from india,1.53
air ticket dubai to india,1.53
heathrow to hyderabad flights,1.52
germany to amritsar flight ticket price,1.52
birmingham to chennai flight,1.52
larnaca to delhi flight price,1.52
flight to los angeles from delhi,1.51
direct flight to georgia from india,1.51
finland to mumbai flight,1.51
toronto to kochi flight ticket price,1.5
atlanta to new delhi flight,1.5
seattle to nagpur flights,1.5
flight from toronto to delhi,1.5
amsterdam to kolkata flight,1.5
abu dhabi to kochi,1.49
flight ticket dubai to delhi,1.49
greece to amritsar flight ticket price,1.48
flight from new york to mumbai,1.48
air ticket from vancouver to delhi,1.48
direct flight to new york from delhi,1.48
flights to usa from hyderabad,1.48
flights to amsterdam from chennai,1.48
dubai to kochi flights,1.47
baku to mumbai flight,1.47
kuwait to goa flights,1.47
finland to india flight ticket price,1.47
lisbon to chennai flights,1.47
flight to germany from kochi,1.47
flight to dubai from guwahati,1.46
flight ticket kuwait to india,1.46
belgium to india flight ticket price,1.46
copenhagen to kolkata flight,1.46
flights germany to india,1.46
montreal to chennai flights,1.46
kuwait to chennai flights,1.46
frankfurt to kochi flight,1.45
malta to trivandrum flights,1.45
tickets to london from delhi,1.45
flight ticket to azerbaijan from india,1.44
flight from italy to india,1.44
toronto to kochi cheap flights,1.44
flight ticket price dubai to india,1.44
chicago to india flight,1.43
montreal to delhi flight ticket price,1.43
flight tickets to dubai from india,1.42
flight from poland to india,1.42
sharjah to kolkata flight,1.42
cheap flights from berlin to new delhi,1.42
manchester to kochi,1.42
lisbon to delhi cheap flight ticket price,1.42
london to hyderabad,1.42
georgia to kochi flight ticket price,1.42
new york to mumbai flight ticket price,1.41
flights from us to india,1.41
saudi to kolkata flight,1.41
dubai to bengaluru,1.41
flight to dubai from chandigarh,1.41
ticket to paris from india,1.41
yyz to ahmedabad flight,1.4
sharjah to coimbatore flight,1.4
netherlands to india flight,1.4
flight from montreal to ahmedabad,1.4
london to hyderabad flight price,1.4
ticket to london from delhi,1.4
america to chennai flight ticket price,1.39
netherlands to india flight ticket price,1.39
yyz to ahmedabad,1.39
toronto to india,1.39
ticket to georgia from india,1.39
paris to hyderabad flights,1.39
paris to delhi,1.39
ireland to goa flights,1.39
flight to netherlands from india,1.38
ticket to germany from india,1.38
flights from london to new delhi,1.38
dallas to kochi flights,1.38
new york to amritsar flight,1.38
sfo to kolkata flights,1.38
rome to chennai flights,1.38
flights to tbilisi from mumbai,1.37
houston to new delhi flight,1.37
air ticket usa to india,1.37
atlanta to nagpur,1.37
edmonton to new delhi cheap flights,1.37
malta to kochi,1.37
denmark to mumbai flight,1.37
abu dhabi to kochi flight ticket rate december,1.36
ticket from germany to india,1.36
berlin to mumbai flights,1.36
cheap tickets to london from india,1.36
flights from montreal to delhi,1.36
halifax to amritsar flight,1.36
tickets to london from goa,1.36
london to india flights,1.36
saudi to trivandrum flight,1.36
malta to india ticket price,1.36
calgary to mumbai flight,1.36
london to kochi flight ticket price,1.36
london to kolkata flights,1.36
portugal to mumbai flight,1.35
cheapest ticket from london to delhi,1.35
flights to malta from india,1.35
ireland to chennai flights,1.35
new york to delhi flight price,1.35
ireland to hyderabad flights,1.35
manchester to delhi flight ticket price,1.35
flight ticket to london from delhi,1.34
new zealand to india ticket price,1.34
zambia to mumbai flight,1.34
dubai to delhi flights,1.34
paris to kochi flight,1.34
california to chennai flights,1.34
berlin to new delhi flights,1.34
heathrow to mumbai flight,1.34
calgary to amritsar flight,1.33
direct flights to london from india,1.33
kuwait to kochi flight ticket rate,1.33
flight from toronto to india,1.33
la to mumbai flights,1.33
manchester to mumbai,1.33
flight tickets to georgia from india,1.33
flight to amsterdam from mumbai,1.33
flight from us to india,1.33
flight london to delhi,1.32
kuwait to delhi flight price,1.32
yvr to delhi,1.32
zambia to india flight,1.32
flight to romania from india,1.32
saudi arabia to delhi flight,1.32
flight to denmark from india,1.32
flight ticket price from usa to india,1.32
berlin to bengaluru flights,1.32
flight to us from india,1.32
houston to kochi flights,1.32
