metric,dest_group,year,4 weeks before,4 weeks from 2 Sep,change
pct_cheapest,UK+IE,2025,0.49586863820280114,0.544907870850046,0.04903923264724486
pct_cheapest,UK+IE,2026,0.4786996896152083,0.38046615480346924,-0.09823353481173908
pct_cheapest,other,2025,0.4734968415448042,0.4936169938099677,0.020120152265163505
pct_cheapest,other,2026,0.46740998838030584,0.3597602551500135,-0.10764973323029237
avg_gap_when_more_expensive,UK+IE,2025,0.1407235940087255,0.13221053785399614,-0.00851305615472936
avg_gap_when_more_expensive,UK+IE,2026,0.16627448211415785,0.10618024828273463,-0.06009423383142322
avg_gap_when_more_expensive,other,2025,0.20260333063855468,0.13265020210180714,-0.06995312853674754
avg_gap_when_more_expensive,other,2026,0.42172196542083823,0.2738527309396154,-0.14786923448122286
participation,UK+IE,2025,0.987654321,,
participation,UK+IE,2026,,,
participation,other,2025,0.9997146689924654,,
participation,other,2026,0.9133329029171648,,
demand_per_day,UK+IE,2025,0.00021299093928571443,8.02189142857143e-05,-0.6233693576133514
demand_per_day,UK+IE,2026,8.804924285714288e-05,4.3403903571428594e-05,-0.5070496671748779
demand_per_day,other,2025,0.0013645821357142836,0.00026511486785714335,-0.8057171782346613
demand_per_day,other,2026,0.0006105353535714278,0.00032577427499999996,-0.4664121035836347
avg_rank,UK+IE,2025,3.8288643341736175,4.035580437284759,0.20671610311114152
avg_rank,UK+IE,2026,3.481769734647431,4.556634870499873,1.0748651358524421
avg_rank,other,2025,5.013846061772893,5.65228701138062,0.6384409496077277
avg_rank,other,2026,5.265613293222569,5.303645868317373,0.038032575094804066
selection_rate_when_present,UK+IE,2025,0.3177150798272388,0.2366068530333184,-0.08110822679392038
selection_rate_when_present,UK+IE,2026,0.3223542993589408,0.21335368253046522,-0.10900061682847556
selection_rate_when_present,other,2025,0.2102937129117292,0.15395226006221158,-0.05634145284951764
selection_rate_when_present,other,2026,0.2022580833803293,0.1606136631113102,-0.0416444202690191
volume_per_day,UK+IE,2025,0.0006115773178571428,0.0003960563,-0.3524019147935208
volume_per_day,UK+IE,2026,0.00040864549375,0.00030358916000000006,-0.25708428297087993
volume_per_day,other,2025,0.011904295874999998,0.009471169649999996,-0.20439060407678267
volume_per_day,other,2026,0.011735152272500028,0.009900928077023812,-0.15630169535801486
