table_name,column_name,data_type
lnd_gfs_competitiveness,processing_date,DATE
lnd_gfs_competitiveness,source_file_name,STRING
lnd_gfs_competitiveness,absolute_top_impression_share_weight,FLOAT64
lnd_gfs_competitiveness,top_impression_share_weight,FLOAT64
lnd_gfs_competitiveness,top_impression_share,FLOAT64
lnd_gfs_competitiveness,average_negative_price_diff_weight,FLOAT64
lnd_gfs_competitiveness,average_positive_price_diff,FLOAT64
lnd_gfs_competitiveness,participation_rate_weight,FLOAT64
lnd_gfs_competitiveness,price_bucket_not_lowest_weight,FLOAT64
lnd_gfs_competitiveness,price_bucket_not_lowest,FLOAT64
lnd_gfs_competitiveness,price_bucket_lowest,FLOAT64
lnd_gfs_competitiveness,price_bucket_check_price_weight,FLOAT64
lnd_gfs_competitiveness,pipeline_run_id,STRING
lnd_gfs_competitiveness,price_bucket_unique_lowest,FLOAT64
lnd_gfs_competitiveness,price_bucket_check_price,FLOAT64
lnd_gfs_competitiveness,load_timestamp,INT64
lnd_gfs_competitiveness,trip_type,STRING
lnd_gfs_competitiveness,user_country_name,STRING
lnd_gfs_competitiveness,flight_type,STRING
lnd_gfs_competitiveness,partner,STRING
lnd_gfs_competitiveness,user_country,STRING
lnd_gfs_competitiveness,destination_city_code,STRING
lnd_gfs_competitiveness,destination_country,STRING
lnd_gfs_competitiveness,destination_region,STRING
lnd_gfs_competitiveness,destination_city,STRING
lnd_gfs_competitiveness,price_bucket_only_priced_option,FLOAT64
lnd_gfs_competitiveness,origin_country,STRING
lnd_gfs_competitiveness,client_device_type,STRING
lnd_gfs_competitiveness,destination_airport_code,STRING
lnd_gfs_competitiveness,participation_rate,FLOAT64
lnd_gfs_competitiveness,days_until_departure_bucket,STRING
lnd_gfs_competitiveness,absolute_top_impression_share,FLOAT64
lnd_gfs_competitiveness,price_bucket_unique_lowest_weight,FLOAT64
lnd_gfs_competitiveness,operating_airline,STRING
lnd_gfs_competitiveness,price_bucket_lowest_weight,FLOAT64
lnd_gfs_competitiveness,destination_subcontinent,STRING
lnd_gfs_competitiveness,origin_city_code,STRING
lnd_gfs_competitiveness,origin_region,STRING
lnd_gfs_competitiveness,average_positive_price_diff_weight,FLOAT64
lnd_gfs_competitiveness,origin_subcontinent,STRING
lnd_gfs_competitiveness,origin_city,STRING
lnd_gfs_competitiveness,date,DATE
lnd_gfs_competitiveness,average_negative_price_diff,FLOAT64
lnd_gfs_competitiveness,price_bucket_only_priced_option_weight,FLOAT64
lnd_gfs_competitiveness,date_timestamp,INT64
lnd_gfs_competitiveness,origin_airport_code,STRING
lnd_gfs_shopping_competitiveness,processing_date,DATE
lnd_gfs_shopping_competitiveness,source_file_name,STRING
lnd_gfs_shopping_competitiveness,pct_of_outbound_selections_given_partner_in_best_flights_weight,FLOAT64
lnd_gfs_shopping_competitiveness,pct_of_outbound_selections_given_partner_was_present_weight,FLOAT64
lnd_gfs_shopping_competitiveness,pct_of_all_outbound_selections_weight,FLOAT64
lnd_gfs_shopping_competitiveness,pct_of_all_outbound_selections,FLOAT64
lnd_gfs_shopping_competitiveness,participation_weight,FLOAT64
lnd_gfs_shopping_competitiveness,outside_top_10_rank_weight,FLOAT64
lnd_gfs_shopping_competitiveness,pipeline_run_id,STRING
lnd_gfs_shopping_competitiveness,outside_top_10_rank,FLOAT64
lnd_gfs_shopping_competitiveness,top_5_rank_weight,FLOAT64
lnd_gfs_shopping_competitiveness,top_3_rank_weight,FLOAT64
lnd_gfs_shopping_competitiveness,top_3_rank,FLOAT64
lnd_gfs_shopping_competitiveness,origin_cities,STRING
lnd_gfs_shopping_competitiveness,top_5_rank,FLOAT64
lnd_gfs_shopping_competitiveness,load_timestamp,INT64
lnd_gfs_shopping_competitiveness,top_rank_weight,FLOAT64
lnd_gfs_shopping_competitiveness,in_best_flights_when_present,FLOAT64
lnd_gfs_shopping_competitiveness,pct_of_outbound_selections_given_partner_in_best_flights,FLOAT64
lnd_gfs_shopping_competitiveness,top_10_rank,FLOAT64
lnd_gfs_shopping_competitiveness,destination_continents,STRING
lnd_gfs_shopping_competitiveness,top_rank,FLOAT64
lnd_gfs_shopping_competitiveness,avg_rank_weight,FLOAT64
lnd_gfs_shopping_competitiveness,avg_rank,FLOAT64
lnd_gfs_shopping_competitiveness,in_best_flights_when_present_weight,FLOAT64
lnd_gfs_shopping_competitiveness,origin_continents,STRING
lnd_gfs_shopping_competitiveness,destination_countries,STRING
lnd_gfs_shopping_competitiveness,destination,STRING
lnd_gfs_shopping_competitiveness,avg_in_best_flights_rank,FLOAT64
lnd_gfs_shopping_competitiveness,origin_countries,STRING
lnd_gfs_shopping_competitiveness,destination_cities,STRING
lnd_gfs_shopping_competitiveness,avg_in_best_flights_rank_weight,FLOAT64
lnd_gfs_shopping_competitiveness,origin,STRING
lnd_gfs_shopping_competitiveness,pct_of_outbound_selections_given_partner_was_present,FLOAT64
lnd_gfs_shopping_competitiveness,is_domestic,BOOL
lnd_gfs_shopping_competitiveness,partner,STRING
lnd_gfs_shopping_competitiveness,date,DATE
lnd_gfs_shopping_competitiveness,participation,FLOAT64
lnd_gfs_shopping_competitiveness,top_10_rank_weight,FLOAT64
lnd_gfs_shopping_competitiveness,date_timestamp,INT64
