week,dest_group,pct_cheapest,pct_not_cheapest,avg_gap_when_more_expensive,participation,top_impr_share,demand_weight,days
2025-06-01,UK+IE,0.43339396583657586,0.48469504680050235,0.13408798850227854,,0.9995109772511778,0.0006948997000000004,7
2025-06-08,UK+IE,0.4684018113324348,0.11834401775130964,0.10847944812599633,1.0,0.9988969963039223,0.0033798473999999937,7
2025-06-15,UK+IE,0.31707756698492695,0.5716277583778379,0.09316548201435566,1.0,0.999738116239205,0.0013404130000000008,7
2025-06-22,UK+IE,0.5076820110054477,0.48519659416968003,0.02741513361965876,0.9997086425823253,0.9999549130819527,0.006982719799999993,7
2025-06-29,UK+IE,0.8013811851664466,0.14792922122924496,0.05143126511754259,0.9999014522961434,0.9997438058563476,0.0038561694999999976,7
2025-07-06,UK+IE,0.46295636041094296,0.39631306809742856,0.15032581836558861,,0.9954023856664881,0.0006289137000000002,7
2025-07-13,UK+IE,0.3783232802018912,0.46492323410614955,0.1705951917617593,,0.9962452888520258,0.0005885704000000002,7
2025-07-20,UK+IE,0.4640918762561007,0.20413031088859473,0.17084611682174328,1.0,1.0,0.0008012485000000001,7
2025-07-27,UK+IE,0.45394002293069124,0.20613523985219245,0.1461073422532327,1.0,1.0,0.0011712259999999996,7
2025-08-03,UK+IE,0.5007153142953681,0.1190481392634033,0.11330152098646924,0.9986772487,1.0,0.0015315151000000005,7
2025-08-10,UK+IE,0.46703751132513477,0.18891399600289444,0.13204814947267193,0.9642857143,0.9994376397920114,0.0016935140000000012,7
2025-08-17,UK+IE,0.5020276238119009,0.1063877510401922,0.14273372853538185,1.0,1.0,0.001619713300000001,7
2025-08-24,UK+IE,0.5136941033788008,0.09977310566702575,0.17481097704037896,,1.0,0.0011190039000000009,7
2025-08-31,UK+IE,0.49451383441954955,0.14698445360432977,0.15768591686748093,,1.0,0.0009404217000000003,7
2025-09-07,UK+IE,0.5143221669646162,0.10730682068624804,0.15390757235302507,,0.9993137356242755,0.0007315113000000001,7
2025-09-14,UK+IE,0.5338292405568787,0.10638958356148451,0.1464159989439272,,0.9992712207716297,0.0006702106000000001,7
2025-09-21,UK+IE,0.572800916583896,0.12018783006615674,0.1279482621533238,,1.0,0.00045535360000000023,7
2025-09-28,UK+IE,0.5586791592947931,0.061893662040369724,0.1005703179657085,,0.9987114665875498,0.0003890541000000002,7
2025-10-05,UK+IE,0.554863590360002,0.06624965661838345,0.071413558523435,,0.9988902461616429,0.0004531679000000002,7
2025-10-12,UK+IE,0.5475946960639652,0.11513764060143401,0.09133656797535303,,1.0,0.00034495620000000017,7
2025-10-19,UK+IE,0.5222501919683914,0.11262008667296029,0.12693186958503783,,1.0,0.0003443300000000001,7
2025-10-26,UK+IE,0.5089971496500926,0.12767145839793667,0.13223591838500592,,1.0,0.0003649713000000002,7
2025-11-02,UK+IE,0.5210581741437326,0.12514393100820115,0.09311279974145045,,1.0,0.0002598889000000001,7
2025-11-09,UK+IE,0.5356066702730061,0.12737568554872555,0.08433403880207795,,1.0,0.00031180430000000015,7
2025-11-16,UK+IE,0.5255101297547669,0.13264572750028647,0.11245123514243845,,1.0,0.0003064871000000002,7
2025-11-23,UK+IE,0.49275311658024773,0.18387111688730806,0.12887082678403736,,1.0,0.00034526830000000013,7
2025-11-30,UK+IE,0.4776460035794677,0.19955516591427144,0.1460467766823769,,1.0,0.0002867833000000001,7
2025-12-07,UK+IE,0.5394495344335466,0.0859896533087316,0.13956645608972226,,1.0,0.0007055533000000001,7
2025-12-14,UK+IE,0.526050927413218,0.0851673815473591,0.13411721893500883,,1.0,0.0009363597000000003,7
2025-12-21,UK+IE,0.4772858880406068,0.14702065916674853,0.38349108817073885,1.0,0.9985646155550265,0.0010189264000000004,7
2025-12-28,UK+IE,0.5047815180713598,0.16255012770872504,0.14760657622072468,,1.0,0.0006214168000000001,7
2026-01-04,UK+IE,0.49609612024779326,0.137778852605625,0.17005752835950724,,0.99939837941461,0.0008012503000000002,7
2026-01-11,UK+IE,0.5672616786848544,0.1099509525185829,0.2873561459882383,,0.9993891914825125,0.0007508969999999999,7
2026-01-18,UK+IE,0.5650819848978686,0.15259079132146844,0.17140336900807027,1.0,1.0,0.0007111732000000001,7
2026-01-25,UK+IE,0.5537706383593046,0.19689261701766447,0.270151904712777,,0.9978739963634142,0.0005845125000000002,7
2026-02-01,UK+IE,0.6127979668752678,0.09758874624542035,0.17345910285048877,,1.0,0.0004935053000000002,7
2026-02-08,UK+IE,0.5055286830016908,0.008993642420002078,0.15036465828420925,1.0,0.9999045337013891,0.006363490899999993,7
2026-02-15,UK+IE,0.5248971253901239,0.016397526123883174,0.16030392076183253,1.0,1.0,0.0020788308999999997,7
2026-02-22,UK+IE,0.6126440349914727,0.12727055686406719,0.11462052479144995,,1.0,0.00039561660000000026,7
2026-03-01,UK+IE,0.5802193896794549,0.1715382281128563,0.07837845334608719,,1.0,0.0003099240000000002,6
2026-03-08,UK+IE,0.5698411764353303,0.11085888454735777,0.14033789951221062,,1.0,0.0001410454000000001,3
2026-03-15,UK+IE,0.7005930894756325,0.09979787600434488,0.04553056637521456,,0.9975188348759618,0.00015668050000000003,6
2026-03-22,UK+IE,0.6573654472186317,0.10199054411002174,0.06254047805231149,,1.0,0.0003924890000000001,7
2026-03-29,UK+IE,0.5087835694536204,0.2343062014063281,0.04906977389062937,,1.0,0.00037372470000000016,6
2026-04-05,UK+IE,0.5329735240795425,0.1495363137444581,0.06759398183119746,,1.0,0.00040781690000000006,5
2026-04-12,UK+IE,0.5195147207308659,0.12534031557452086,0.08011711977575832,,1.0,0.0005688818000000001,7
2026-04-19,UK+IE,0.536787116281558,0.06688626732144475,0.09350295502221047,,1.0,0.0001870213000000001,3
2026-04-26,UK+IE,0.5183523540849427,0.08504484521699593,0.12711843903495934,,1.0,0.00034933650000000007,5
2026-05-03,UK+IE,0.49520653866801256,0.10862198329904109,0.13912775290871265,,1.0,9.788920000000005e-05,2
2026-05-10,UK+IE,0.45068158691680077,0.2516929417176991,0.10283890500526785,,1.0,0.00036778460000000016,5
2026-05-17,UK+IE,0.5217373211290351,0.10702038261683829,0.07250097411672374,,1.0,0.0001870215000000001,3
2026-05-24,UK+IE,0.5146112647707227,0.10546071976260143,0.12205581596290137,,1.0,0.0002461307000000001,3
2026-05-31,UK+IE,0.5114555849451777,0.13968498285398737,0.1484576767177863,,1.0,0.0004231424000000001,5
2026-06-07,UK+IE,0.5469591109913934,0.08655367055559653,0.11467070030406894,,1.0,0.00016982020000000007,2
2026-06-14,UK+IE,0.5413089601743845,0.09401394830302436,0.1007941434655187,,1.0,0.00032932,4
2026-06-21,UK+IE,0.5659437826860998,0.07673650609843191,0.18287545914521314,,1.0,0.00026082860000000005,4
2026-06-28,UK+IE,0.4740317936405362,0.15863400470808428,0.1968769726930511,,1.0,0.0003311952000000001,5
2026-07-05,UK+IE,0.4501325853705619,0.07480002544522556,0.22615038900184012,,1.0,0.00023830940000000008,4
2026-07-12,UK+IE,0.5213352315148498,0.06245740960536075,0.14973758030915957,,1.0,0.0005057101000000002,7
2026-07-19,UK+IE,0.5210691070462823,0.05284067105224027,0.09844858433857936,,0.9989271391257301,0.0004675530000000001,7
2026-07-26,UK+IE,0.5194329868993599,0.07066946249378626,0.15479572936082817,,0.999336502786179,0.0007965654000000001,7
2026-08-02,UK+IE,0.5102589813197461,0.06195587654544294,0.21441662058840597,,1.0,0.0007925008000000001,7
2026-08-09,UK+IE,0.43395505348115,0.09219601393610459,0.13603422860455724,,1.0,0.0007055512000000002,7
2026-08-16,UK+IE,0.48525951008455415,0.06957227722680194,0.12903499269438226,,1.0,0.0005304193000000001,7
2026-08-23,UK+IE,0.48532521357538294,0.08160087788271005,0.1856120865692859,,1.0,0.00043690750000000017,7
2026-08-30,UK+IE,0.4978813912444111,0.11934648669868829,0.09271521025278603,,1.0,0.0004428482000000002,7
2026-09-06,UK+IE,0.4363655751714988,0.1301381138207829,0.0913303699892143,,1.0,0.00032681740000000016,7
2026-09-13,UK+IE,0.47728923229665643,0.09902812110878823,0.09363510637274816,,1.0,0.0004200151000000002,7
2026-09-20,UK+IE,0.38147960821911325,0.11686469689121166,0.07616226588052381,,1.0,0.00028365420000000006,7
2026-09-27,UK+IE,0.2267302035266086,0.12859478945379002,0.16359325088845222,,1.0,0.00018482260000000006,7
2026-10-04,UK+IE,0.4098357647971565,0.11475757877575839,0.022393579250265416,,1.0,1.9076300000000002e-05,1
2025-06-01,other,0.4574589619727805,0.3698039751471347,0.14832192821121215,1.0,0.9969697481235565,0.0023120495000000015,7
2025-06-08,other,0.39019364710484333,0.4406015082110981,0.11774336105135814,,0.998105745466288,0.0027170434999999995,7
2025-06-15,other,0.43200589850423965,0.38716481799339436,0.13290722335873856,1.0,0.9980339919753282,0.0031736459999999952,7
2025-06-22,other,0.4996369387055743,0.4500309703112549,0.048912461751219334,0.9996553469280718,0.9986466709019735,0.007723537899999952,7
2025-06-29,other,0.7146881300354522,0.16525760728760364,0.0952056386352531,0.9999019649678962,0.9987335424700776,0.006384974299999966,7
2025-07-06,other,0.48398612236399585,0.2504794029774121,0.09076808349703544,1.0,0.9978282057842894,0.0030563959999999955,7
2025-07-13,other,0.4540103976258251,0.29528840189066896,0.10153465685553499,,0.9966888746586138,0.002924111499999996,7
2025-07-20,other,0.48278144352239744,0.11136745106986669,0.16972032724278077,0.984202688796986,0.9994026728227918,0.004268344199999987,7
2025-07-27,other,0.45247105319799796,0.18233399593467162,0.15787561846649054,0.9983800098226506,0.9996189494002007,0.0036978729999999948,7
2025-08-03,other,0.4857306745073,0.05195164941072874,0.18505108162185943,0.9997596168722589,1.0,0.013424059499999924,7
2025-08-10,other,0.4484565596072795,0.2026525103432821,0.14607024399326052,,0.9998554630951798,0.0031974751999999974,7
2025-08-17,other,0.4757685668009412,0.07760003660460967,0.2600371907091101,0.9994481275934247,0.9999396591997909,0.009208837200000061,7
2025-08-24,other,0.48403156526369623,0.05194661742148469,0.21925480622998855,0.9999362625117127,0.9998599950916576,0.012377927899999962,7
2025-08-31,other,0.4902524172482456,0.10669005347049479,0.096121881100799,1.0,0.998964613678535,0.004956700799999986,7
2025-09-07,other,0.4815041678640335,0.14958154399324392,0.12759089345420382,,0.9986379334772387,0.002130402700000002,7
2025-09-14,other,0.5062326972833342,0.1722494775687657,0.12524125713863002,,0.9992437435740976,0.0017810568000000044,7
2025-09-21,other,0.513761690107527,0.19187589391922386,0.1334245665693554,,0.9988854853827429,0.0015564986000000045,7
2025-09-28,other,0.4729694199849761,0.20024813616854295,0.1443440912450393,,0.9979084329785624,0.001955258200000003,7
2025-10-05,other,0.46663167289719876,0.18761970125778843,0.11548749533816931,,0.9989915986620492,0.0023102288000000004,7
2025-10-12,other,0.459457295079755,0.1963381345587804,0.1393914946311674,,0.9976373185247828,0.0023796539999999993,7
2025-10-19,other,0.45575509581414925,0.18913682514930735,0.1226709031187595,,0.9977134135505688,0.002495059399999998,7
2025-10-26,other,0.4492273030098783,0.19363362901549833,0.1406145647465657,,0.9995830000478704,0.002282082300000001,7
2025-11-02,other,0.4401098712316762,0.21093091121026974,0.18795383384084563,,0.9976621230104471,0.0021957652,7
2025-11-09,other,0.6160202270741268,0.16734030244128248,0.07691991624048278,1.0,0.9995109041130428,0.0032294107999999984,7
2025-11-16,other,0.45700916658928814,0.1673932145134619,0.19549822082301685,,0.9992349264554825,0.0019168033000000033,7
2025-11-23,other,0.45047292229882807,0.18340619655042267,0.1746902025029469,,0.9982677027713913,0.0021910736000000015,7
2025-11-30,other,0.5336461272983025,0.12624042989895842,0.09251214540163126,1.0,0.998219109322032,0.0041691941999999925,7
2025-12-07,other,0.45502884956834055,0.14430673189574394,0.16314431661910775,,0.9990256962678347,0.0031293209999999965,7
2025-12-14,other,0.46744161811951157,0.12093041859319344,0.16787424448659588,,0.9969293855854789,0.0029920264999999946,7
2025-12-21,other,0.46711631519157626,0.11808685367475763,0.1331500989413052,,0.997764915504873,0.003395157499999996,7
2025-12-28,other,0.45829235991868816,0.16274785156980473,0.1709165276798534,,0.9982029314352754,0.003370426299999994,7
2026-01-04,other,0.4615133575253161,0.14759598171305882,0.15392935808039795,,0.9991976819505224,0.0036444054999999935,7
2026-01-11,other,0.47514133488657373,0.11815775575057604,0.21316790834146931,,0.9982343299963178,0.0033904639999999928,7
2026-01-18,other,0.48086658329056525,0.14147063087072015,0.1694796070661331,1.0,0.9990362834898604,0.005336362299999985,7
2026-01-25,other,0.44368455400898554,0.2264548772465517,0.1766605583804869,,0.9973590077749489,0.002876592499999998,7
2026-02-01,other,0.46303522827879506,0.14870760901483654,0.16040091448246488,,0.9964642320252207,0.002944157299999997,7
2026-02-08,other,0.4523878021968778,0.14487068784470536,0.13285551210735083,,0.9986345720838862,0.002765267599999997,7
2026-02-15,other,0.45864900567941985,0.14697107587701888,0.1869175867395535,,0.9992803958133648,0.002612961099999998,7
2026-02-22,other,0.4681885453328258,0.10760560111709964,0.11718519602799987,1.0,0.9988476431025284,0.0034555013999999925,7
2026-03-01,other,0.46854414607439127,0.10442286311561395,0.08534808977960619,1.0,0.9996762526560715,0.0031565215999999965,6
2026-03-08,other,0.46115911957946054,0.16559951448668864,0.13469227325941482,,0.9979265548186548,0.0008856810000000003,3
2026-03-15,other,0.514705979142502,0.25639815028323854,0.09030052230933479,,0.9993990957419007,0.0013185059000000025,6
2026-03-22,other,0.4400305889943798,0.274463796228032,0.08947285516126503,,0.9983816334258586,0.002920382099999997,7
2026-03-29,other,0.3771637327244986,0.33531704987074773,0.11271148751088955,0.9629629629999998,0.9992704659951531,0.002930383399999997,6
2026-04-05,other,0.4861430778584101,0.08706987698692284,0.10680184526950469,,0.9984482461638696,0.0030242491999999963,5
2026-04-12,other,0.4908935015807459,0.061875771740936183,0.10387929026479889,,1.0,0.003932156999999998,7
2026-04-19,other,0.4902205728708818,0.0397287262269288,0.08892185833538431,,1.0,0.0015349599999999962,3
2026-04-26,other,0.4950112925413959,0.05498645285836756,0.1212189303082026,1.0,1.0,0.002820973899999995,5
2026-05-03,other,0.49831103057017667,0.05100994206136286,0.1322477263667316,,1.0,0.0009257269999999986,2
2026-05-10,other,0.47530207571421557,0.11348725934244468,0.15976586837655313,,0.9996657326671385,0.0030642736999999935,5
2026-05-17,other,0.507053641978548,0.05295131904757734,0.18804455622708774,,1.0,0.001529640799999997,3
2026-05-24,other,0.5144939780322002,0.06428441821150582,0.10578058881197112,,1.0,0.0015859349999999977,3
2026-05-31,other,0.4968601590161936,0.09971477361735184,0.14025669738172344,,0.9996859587455041,0.0032365957999999978,5
2026-06-07,other,0.48752931204682004,0.09895081513954355,0.12955496245219597,,1.0,0.0011662260999999977,2
2026-06-14,other,0.4921694047060835,0.10518526615544878,0.13439988855175572,,0.998684430109313,0.002675847599999996,4
2026-06-21,other,0.5060097794044551,0.11063277041402333,0.24993378695881838,,1.0,0.0024197028999999974,4
2026-06-28,other,0.47086473598378753,0.16327867540327295,0.20075704846948011,1.0,0.9996010312501209,0.0036065618999999833,5
2026-07-05,other,0.42293168129832187,0.12543976586184144,0.29112005944147656,,0.9990990679990276,0.0020268873999999973,4
2026-07-12,other,0.4859692885652252,0.11151309908709743,0.39025259911600674,1.0,0.9995270641102508,0.004279608699999994,7
2026-07-19,other,0.46485410279526557,0.09446305224065268,0.41450752314574024,,0.9996083529254406,0.0038039131999999948,7
2026-07-26,other,0.47793238447298475,0.08113048886151486,0.32583692171182543,0.9430254010730739,0.9995958578874199,0.008148937599999958,7
2026-08-02,other,0.4784645849191291,0.08812327638050395,0.38295883050730783,0.8266658058343296,0.9996515797423472,0.0061501650999999935,7
2026-08-09,other,0.40870359856906235,0.08569784148864612,0.4994031696355906,,0.9995451502467747,0.004105373699999998,7
2026-08-16,other,0.4913306174207152,0.04998427046150904,0.4398894185837902,1.0,0.9998517334057582,0.003697597799999992,7
2026-08-23,other,0.49114115261231656,0.05165923053117451,0.36463644295666425,,0.99894313886574,0.003141853299999994,7
2026-08-30,other,0.48702056294163165,0.04619191871573046,0.36234332949851666,,0.9998227448684002,0.0031684369999999944,7
2026-09-06,other,0.4570587753478059,0.05403789338151353,0.31131782168791144,,0.9993991346108955,0.0025926549999999975,7
2026-09-13,other,0.4570827484390028,0.06846139126558211,0.2834395406247917,,0.9994468480925518,0.002736199999999996,7
2026-09-20,other,0.3594846982006288,0.09718584613695913,0.21476033396110614,,0.999813135191699,0.0021688342000000006,7
2026-09-27,other,0.16541479861261646,0.131331731612856,0.2858932274846523,,0.9976649562364022,0.0016239905000000046,7
2026-10-04,other,0.24455029807201573,0.11059320479226706,0.2120308795590956,,0.9968749214107123,0.0002007699000000006,1
