week,dest_group,avg_rank,pct_best_flights,participation,share_of_all_selections,selection_rate_when_present,volume_weight,days
2025-06-01,UK+IE,2.895374970617499,0.5943317846513757,0.8360191788513367,0.40031117723657134,0.44000045656252,0.0027436793,7
2025-06-08,UK+IE,3.6795893186134414,0.5123617135066832,0.8397625248094591,0.32523817952088446,0.36622583143587156,0.0031431122999999997,7
2025-06-15,UK+IE,3.632741325563439,0.5040210106785602,0.8435417344188108,0.34975192437887426,0.3847365047949207,0.0032126279000000003,7
2025-06-22,UK+IE,3.683080669353988,0.5310953445190036,0.8279228517877711,0.273228948582139,0.29768461537783864,0.0032718740999999997,7
2025-06-29,UK+IE,3.719141060526274,0.5342991728534393,0.8225296813994663,0.2613498406563046,0.28924350856303527,0.0031322159,7
2025-07-06,UK+IE,3.3839727302762137,0.5637053658273146,0.8152823906701709,0.2916213738445344,0.32655819623482313,0.0028275989,7
2025-07-13,UK+IE,3.6842443061866974,0.5849816990931892,0.8168515119882492,0.2688151697446182,0.2972276500418296,0.0030385265999999995,7
2025-07-20,UK+IE,3.6638223991585392,0.5680201125598895,0.8218325667557839,0.26408218045463683,0.29525700699913704,0.0033217248,7
2025-07-27,UK+IE,3.2896081062129507,0.6304880151278457,0.8493514154668614,0.2898486999758553,0.3179063311997241,0.0035435489,7
2025-08-03,UK+IE,3.588888932441697,0.6213285929083875,0.8134665521165961,0.2909217628519157,0.3263897619721487,0.0038636962,7
2025-08-10,UK+IE,3.553242620918531,0.6017294053499361,0.8397203472910189,0.3276981345062825,0.35912071332596046,0.0046575536,7
2025-08-17,UK+IE,3.9707520432280923,0.5612144255325191,0.8271788646492104,0.28591879872731163,0.3158311468666249,0.004623234099999999,7
2025-08-24,UK+IE,4.20257374010615,0.5365311994257076,0.8240644651240956,0.2421723570142318,0.2695186971442213,0.003979681,7
2025-08-31,UK+IE,4.258539020693303,0.5377595718623764,0.8268457920920899,0.2523109123795267,0.27873826831818993,0.0035524414999999997,7
2025-09-07,UK+IE,4.281858051609087,0.5610692153983862,0.8083793929809028,0.21973471123476643,0.2465183513567342,0.0035127364,7
2025-09-14,UK+IE,3.927035161663824,0.5766696640645403,0.8025935157022848,0.20537976352996715,0.22968864626728322,0.0030328896,7
2025-09-21,UK+IE,3.9958867662206097,0.559574232823797,0.7939149405303823,0.19721846218932657,0.22488678142342372,0.0024165181,7
2025-09-28,UK+IE,3.9375417696455166,0.5561722019175596,0.7635561484791575,0.20856492179395292,0.24533363308583245,0.0021274323,7
2025-10-05,UK+IE,4.079238893165695,0.5408654847290594,0.7316006621221994,0.18813832349878382,0.22930506239279902,0.0024047439000000003,7
2025-10-12,UK+IE,3.9184643906426215,0.5662715830078339,0.7688084518974306,0.19177051721734262,0.2297761783816359,0.0020760778000000002,7
2025-10-19,UK+IE,4.399436966509415,0.4839217379597167,0.6986182755917393,0.15198907618693064,0.19896111117400653,0.0027375416,7
2025-10-26,UK+IE,4.339158257058019,0.5042291798250866,0.6949644087600306,0.16399250709398971,0.21124507606597182,0.0028977416000000003,7
2025-11-02,UK+IE,4.270350388614731,0.544416178194501,0.7664360158435698,0.15724903451592914,0.18799979391374075,0.0024614833999999997,7
2025-11-09,UK+IE,4.50779008817582,0.5069821321762084,0.7537533172638854,0.18711226134353295,0.22843212337778265,0.0022609523,7
2025-11-16,UK+IE,4.659586992037368,0.5311263482551016,0.7780673983186713,0.18289407929757984,0.21326779648552865,0.0021152817,7
2025-11-23,UK+IE,4.258151077228392,0.5852593712296146,0.7589892973731517,0.20444177019873855,0.24619701105963962,0.0021562405,7
2025-11-30,UK+IE,4.474637008788781,0.5723078961890626,0.7704079725499167,0.18645544075283377,0.22066748975560668,0.0019808862,7
2025-12-07,UK+IE,3.333499890688154,0.6197989466842135,0.8047106177473281,0.3192913756280731,0.3659753809924753,0.0021697678,7
2025-12-14,UK+IE,3.337683411832901,0.5990696328883486,0.8173945242607287,0.3585490905416466,0.40905670236001623,0.0023719266,7
2025-12-21,UK+IE,3.807886930281588,0.5833494766737259,0.7923230167154554,0.30870518059613267,0.36223408895577025,0.0024571,7
2025-12-28,UK+IE,3.87364727580708,0.5395639193214278,0.789893769367577,0.24519845773264334,0.29095467179941703,0.0028877212,7
2026-01-04,UK+IE,3.855753641818198,0.569663564750115,0.7948718626524962,0.2687049405362194,0.31588031008609396,0.0027550767,7
2026-01-11,UK+IE,4.111158820348671,0.5604245489837713,0.7910602594891349,0.22382196403487115,0.2711441416226452,0.0029086388999999997,7
2026-01-18,UK+IE,4.181061003763413,0.5554779936038767,0.8132093947677261,0.24609259480709172,0.2832846599541334,0.0028693087,7
2026-01-25,UK+IE,3.830389646568523,0.596995135903622,0.8268048387155461,0.28404733209441724,0.3192858833827148,0.0022990301,7
2026-02-01,UK+IE,3.9584808747010576,0.6164019225655156,0.8142652432518609,0.25243160011428734,0.2924891986553186,0.0020932376999999998,7
2026-02-08,UK+IE,3.966320572678432,0.6063168187299909,0.7927894674931254,0.2295157520328362,0.2693756592374532,0.0020358711,7
2026-02-15,UK+IE,3.8130965745311185,0.6020440333812358,0.7825437273273834,0.23911824554623862,0.2879509042523005,0.0014250094999999998,6
2026-02-22,UK+IE,3.6531056893121985,0.6341002681574409,0.7849416530170571,0.2549999783634834,0.3027710564226602,0.0014356565,6
2026-03-01,UK+IE,2.7235456408277607,0.7181628495800395,0.6851852032747769,0.18450450833205628,0.2573884496521505,0.0015962314999999998,4
2026-03-08,UK+IE,3.6761373603932013,0.6286715713088652,0.6799827246931793,0.15699187118798993,0.22750620818298647,0.0017307535000000002,4
2026-03-15,UK+IE,5.2674630751326665,0.4772911210389912,0.6108046345720017,0.08301417459814438,0.11754253714152345,0.0007720632000000001,2
2026-03-22,UK+IE,2.8959621384969223,0.6774832553347616,0.6691530728476236,0.23873277293820286,0.3151108186216619,0.0007556548,2
2026-03-29,UK+IE,2.8826121492958254,0.6870367274680711,0.7022930743419761,0.24533317800111937,0.3074867855340356,0.0016606116000000004,4
2026-04-05,UK+IE,2.685302263992561,0.6867136763256732,0.749831653904276,0.2905842597071605,0.3521480212125806,0.0026025182,7
2026-04-12,UK+IE,3.0606943162862885,0.6539228920528208,0.7506522777472692,0.2648314521923319,0.3205137995686232,0.0025924986,7
2026-04-19,UK+IE,3.5054566700560104,0.5906368926616922,0.7527423532790347,0.22476510896619864,0.2693664002044845,0.0023636609,7
2026-04-26,UK+IE,3.3874917532352717,0.6129391006465384,0.739735707869696,0.23695602614423902,0.29051133510424404,0.00197074,6
2026-05-03,UK+IE,3.5169946267041636,0.6422752669679525,0.7252356185784328,0.21695636178194772,0.2716269194427408,0.0024593539999999995,7
2026-05-10,UK+IE,3.4468032960068182,0.6626435327400783,0.7711487573444623,0.25127613351084793,0.29502195660448227,0.0025570516,7
2026-05-17,UK+IE,3.098199635523049,0.7001553510402351,0.801974020159471,0.24892837293112482,0.2835637668349328,0.0024111309999999995,7
2026-05-24,UK+IE,3.0618114237923346,0.7005354843714846,0.7989540659906403,0.2918713328807652,0.33118858251756333,0.0021076424,7
2026-05-31,UK+IE,3.403064986173704,0.6348643350677269,0.7832314510573339,0.2502518049344164,0.28890858983959694,0.003297049,7
2026-06-07,UK+IE,3.438004009069704,0.615271048299899,0.777586645801595,0.25261489958027744,0.2969920881626089,0.0030568136000000004,7
2026-06-14,UK+IE,3.596311218867228,0.5581872961893887,0.7776936336955664,0.2524737867064143,0.2984750149524559,0.0029782792000000004,7
2026-06-21,UK+IE,3.6502272021797375,0.5419751399286239,0.7657979220265125,0.2261287465210996,0.26906171499250947,0.0027392955,7
2026-06-28,UK+IE,3.6704073856241752,0.536238143503776,0.7550944593884802,0.21865774607860514,0.26279995114989724,0.0030302591999999996,7
2026-07-05,UK+IE,3.4274703879339086,0.5521567536755763,0.7629684057272438,0.24262174842234152,0.28913232109724424,0.0027478123,7
2026-07-12,UK+IE,3.342899043132015,0.5933080351410809,0.7700848956101908,0.2595114500700033,0.3025753648010792,0.0023915914000000003,7
2026-07-19,UK+IE,3.2446817017514404,0.6219495525161475,0.7562047260313565,0.2537575483717341,0.3035180660544936,0.0025385132999999997,7
2026-07-26,UK+IE,2.7029540937456176,0.646439587424001,0.7970204019456356,0.37045710104845636,0.4311055055512091,0.0028669278000000003,7
2026-08-02,UK+IE,2.751029675148949,0.6593267049491103,0.8126767888475691,0.34367214239059235,0.39461081629300643,0.0021697675,5
2026-08-09,UK+IE,2.8195096423427177,0.6661605623338612,0.7990597811288807,0.3545098782718735,0.4018608285713365,0.0008259223,2
2026-08-16,UK+IE,3.876134525969173,0.6137807247722045,0.7980768238088054,0.23482132335292008,0.2808413367893643,0.0011593467000000001,3
2026-08-23,UK+IE,4.4804050951288845,0.5829485327716002,0.7945836359925549,0.17970078093940461,0.21210421578205574,0.0016048737,4
2026-08-30,UK+IE,4.354526100629659,0.5691929921649188,0.7723577528326219,0.18397579741021988,0.2204062432730453,0.0023109283,6
2026-09-06,UK+IE,4.830566284053965,0.5363803396890513,0.756026129675261,0.17302669624781242,0.20922880272199848,0.0022655867000000002,7
2026-09-13,UK+IE,4.35158408575946,0.5738296189874971,0.7578308582813399,0.19556190232002502,0.23357782756203158,0.0022912628000000003,7
2026-09-20,UK+IE,4.467790397888278,0.541533981785419,0.7314578893528029,0.186957846491384,0.22565789070074618,0.0016161468,6
2026-09-27,UK+IE,4.57659871429779,0.566618382504023,0.7085286169375066,0.1483380484382799,0.18495020913708457,0.0014701017,5
2026-10-04,UK+IE,4.890652116535929,0.5830030392352298,0.702347581287121,0.12951211845737376,0.15288281757921662,0.0003147619999999999,1
2025-06-01,other,4.802382873802577,0.4449200194619994,0.4996882182997995,0.13915757659785274,0.24174613324787422,0.05944384439999998,7
2025-06-08,other,5.139934165910628,0.4094826036976349,0.4669888057189361,0.11881270610411646,0.22299732104587927,0.08391600579999997,7
2025-06-15,other,4.934093628172247,0.41819280513065954,0.48926017736125066,0.13476917273311403,0.243057751958455,0.08088512339999997,7
2025-06-22,other,5.154526933824168,0.4151475227240751,0.4747847728176708,0.10430591671148162,0.19356001930442493,0.0823713822,7
2025-06-29,other,4.722540619566381,0.4383939394193643,0.5007517152056409,0.12601951567538677,0.22010814689609415,0.08298374369999999,7
2025-07-06,other,4.765678213757005,0.43666804453580405,0.48749818296478453,0.12492458042842268,0.22129327313159242,0.08577088779999996,7
2025-07-13,other,4.9353108331128235,0.4372529884431981,0.479139308701259,0.119510510621046,0.21831787336436395,0.08399378799999996,7
2025-07-20,other,4.903206382227302,0.46652632410893063,0.49445731525807324,0.13114995062683432,0.22969229786232248,0.07821108309999998,7
2025-07-27,other,4.889182660085847,0.45788346421749454,0.49137886472327785,0.12344366092680012,0.22062160788493154,0.08064087839999999,7
2025-08-03,other,4.810053707816807,0.46166504393732394,0.47730079408639453,0.12402819123241988,0.22177899563482664,0.08119399659999997,7
2025-08-10,other,4.747199515525107,0.45547429050843363,0.4777634498180058,0.12518747695548585,0.2207149935790443,0.0825200553,7
2025-08-17,other,5.183725545228862,0.4299968961941134,0.4314788765316963,0.10634842226634822,0.2048023015647982,0.09237200079999996,7
2025-08-24,other,5.314405478520796,0.42209571235794885,0.4350341161612211,0.09772786351388395,0.19387856086824773,0.07723423179999998,7
2025-08-31,other,5.375531488799547,0.41907675468248856,0.43361330851152113,0.09474733767826214,0.1886438548087771,0.0730634149,7
2025-09-07,other,5.556363307266246,0.3992165050086121,0.4337975281761711,0.08121051680119205,0.16216581685768916,0.06728997649999996,7
2025-09-14,other,5.654795303373182,0.39702704833739266,0.42732118470729724,0.07757364463313762,0.15803623106612946,0.06439937549999997,7
2025-09-21,other,5.832105386433645,0.3743705877520711,0.4183017605050027,0.06995354018306733,0.1437387735881878,0.0650519443,7
2025-09-28,other,5.565884048449408,0.38111040192118717,0.4309291044257281,0.07749962261904143,0.1518682187368399,0.0684514539,7
2025-10-05,other,5.440277033364458,0.4007182627199521,0.4321755971251936,0.08985844662831013,0.17245538887079861,0.0690049502,7
2025-10-12,other,5.413442405859262,0.4043331363150133,0.44533244787979165,0.09463671458781225,0.17606869456079832,0.0662861962,7
2025-10-19,other,5.46745855338162,0.40114068193018987,0.45397131332620344,0.0992586814614405,0.1807167711716996,0.0673429611,7
2025-10-26,other,5.623604160479027,0.3900075560111718,0.4432837497155499,0.08843265497048071,0.1670522043062975,0.068147464,7
2025-11-02,other,5.885222266485062,0.38625979211635003,0.432714177515211,0.0856447165278359,0.1642355043015364,0.07038750139999998,7
2025-11-09,other,6.127596854872452,0.3700586989417207,0.42702934376516816,0.07665074533082274,0.15059943387310626,0.06781767470000001,7
2025-11-16,other,6.10124135944735,0.3677137474233389,0.4295001306311419,0.07889590275668236,0.15261607483809972,0.06848088890000001,7
2025-11-23,other,5.846595374998549,0.3973894144086439,0.439776726235856,0.09064522773018757,0.169117255183089,0.06899167460000001,7
2025-11-30,other,5.652504451337406,0.41357196631484733,0.4426840553140848,0.0999917114037177,0.18760883885173224,0.06854677630000001,7
2025-12-07,other,5.171746804790514,0.4474215027028781,0.45199082462931073,0.1187347198527253,0.21901387730147917,0.0709620364,7
2025-12-14,other,5.063024914753074,0.4467363851665603,0.4383225121534619,0.11552767393896736,0.22082704570222925,0.07638877539999998,7
2025-12-21,other,5.028398419932355,0.44204436067172825,0.43719236247567655,0.13006184968508872,0.2423187109972324,0.08016141259999998,7
2025-12-28,other,5.020105232267712,0.42519312034776535,0.453272384800472,0.1209495443811993,0.22322106339827794,0.08383935550000002,7
2026-01-04,other,5.086329487532915,0.4360624623408414,0.44443223838561313,0.11331958006636182,0.2121820650196418,0.08953037659999999,7
2026-01-11,other,5.322199992094308,0.4212690035138686,0.4437113630251452,0.10401013063356479,0.1964607514237304,0.08790984149999997,7
2026-01-18,other,5.112783590751252,0.44134297636910386,0.44303339179299894,0.11148979231657659,0.21152055139229778,0.07926484479999998,7
2026-01-25,other,5.133184477836848,0.4486036670750725,0.44293686052920583,0.11090752510180803,0.21301515431024248,0.06897226140000001,7
2026-02-01,other,5.240351130543536,0.426059207835432,0.4253349498310287,0.09973152895002366,0.19720144874359624,0.06451724360000001,7
2026-02-08,other,5.217486109632334,0.428177533963499,0.43254862694039536,0.10213100049027422,0.19730061712812488,0.06289746280000001,7
2026-02-15,other,5.339702008704497,0.42675924174907004,0.43034451625422726,0.0973619740782504,0.18819115372157483,0.04962447020000003,6
2026-02-22,other,5.304363128058454,0.43057117529205574,0.4330806102266217,0.09163323306059729,0.17533074837545223,0.05109569319999998,6
2026-03-01,other,4.077723735365795,0.5413071040916465,0.43151748636893633,0.08460176188419015,0.16833598908647193,0.04274153050000032,4
2026-03-08,other,4.556909122759122,0.46294049580661595,0.41936359387357186,0.07401978309676613,0.15321998208121615,0.05334073360000027,4
2026-03-15,other,5.723487037370203,0.3950162094010464,0.33149252943598917,0.060022594933194284,0.15324806307078673,0.024245332500000043,2
2026-03-22,other,3.90246607807308,0.497001797346926,0.39991248690093784,0.11186110100134744,0.23786184038107502,0.02517584129999998,2
2026-03-29,other,4.15878120261305,0.47445317573457413,0.39273205964153984,0.11521697278745925,0.2459384690949408,0.04918106509999993,4
2026-04-05,other,3.838119624553296,0.48742789570028755,0.411021244532008,0.14416010476733074,0.2915537345831868,0.08058326070000012,7
2026-04-12,other,4.3549443539587935,0.4623390334916896,0.4028908705757614,0.12942941254472962,0.26890791026912914,0.07662186559999998,7
2026-04-19,other,4.64459352111509,0.4588038062044514,0.4052711030299331,0.11383154163279517,0.24029559471209766,0.07651089179999997,7
2026-04-26,other,4.797287481277688,0.4514918338464661,0.41528360294843375,0.11034460480248758,0.22855688424523093,0.06797198010000018,6
2026-05-03,other,4.8527592679051,0.4396097099537103,0.42146815081451966,0.10962143177181198,0.22338869507615688,0.07768865029999998,7
2026-05-10,other,4.719822139709375,0.44212034858356003,0.44496588336163717,0.12472433563461398,0.2391996066375487,0.07935803269999998,7
2026-05-17,other,4.943415539352579,0.41920362321066335,0.4412939635357669,0.11084608994722203,0.21301596770950548,0.07759897560000001,7
2026-05-24,other,5.0223595042058875,0.4246445861827849,0.4519054291904639,0.11622860347297624,0.21901454741392506,0.0686965751,7
2026-05-31,other,5.553168905229863,0.3911414986231539,0.43152551860888766,0.09573701175934467,0.18869192535911006,0.10612834829999997,7
2026-06-07,other,5.133068257076598,0.39623695811993886,0.4522767628826235,0.10603851775523453,0.20121450638622745,0.10337039279999997,7
2026-06-14,other,4.919226441055831,0.3982453965092161,0.49179991234449566,0.11814603762571972,0.20947504475017126,0.10009438509999999,7
2026-06-21,other,4.960650039597801,0.3916740947912776,0.4884677465613082,0.11022844406082656,0.19612975165392266,0.0957136377,7
2026-06-28,other,4.9159596383432955,0.4018454585571524,0.48091041328211975,0.11282021206699833,0.20241749773799406,0.0980592663,7
2026-07-05,other,4.8740054523055205,0.41162125557096874,0.4793032605013588,0.11037842992424744,0.19861780987647812,0.09095914019999998,7
2026-07-12,other,4.905698340531096,0.4180291788589322,0.47931916300797506,0.10935257468211526,0.19387921852527978,0.0888517497,7
2026-07-19,other,4.836835793508746,0.4270767051835209,0.47637149763626574,0.10742301186303556,0.1959605653708201,0.0833254422,7
2026-07-26,other,4.688574748208844,0.42951872390887036,0.4864904461580785,0.11943690328517177,0.2134229369561117,0.08623845830000008,7
2026-08-02,other,4.838037782397094,0.4373447127499989,0.4767788166838447,0.1287953684136584,0.2336083403670118,0.062057133200000066,5
2026-08-09,other,4.647733666342976,0.4431158312909045,0.49280587760213534,0.1374771444173325,0.23943352648719088,0.024252847200000004,2
2026-08-16,other,5.779912999760728,0.40340470879523704,0.4413456477092665,0.08436685992537073,0.16556349328862435,0.03595992300000017,3
2026-08-23,other,5.796768724389477,0.41356096586203084,0.4429249984936751,0.08729178617321051,0.1704269733784902,0.041664471400000194,4
2026-08-30,other,5.65049474745493,0.40837378220251913,0.44270736037583225,0.08398190464806579,0.16345735829197225,0.06177668770000018,6
2026-09-06,other,5.547800644181729,0.40814726256002215,0.44149953238814454,0.08193273030329278,0.15837248719514915,0.06861265169999994,7
2026-09-13,other,5.148855610213761,0.4290239103687888,0.4614621415797674,0.09196551064290906,0.1702108890472169,0.06659857879999975,7
2026-09-20,other,5.108706758589869,0.4325775870465087,0.46596823402200244,0.08814413605189764,0.16118617816775505,0.06010968850000009,6
2026-09-27,other,5.409220460284137,0.424999909741725,0.4374997667888312,0.07792943264326543,0.1526850980351197,0.05134770410000021,5
2026-10-04,other,5.707949214392942,0.41125545515942413,0.4411017704384514,0.07549506728127728,0.1435386850098104,0.009904676900000077,1
