ond,pct_cheapest_2025_before,pct_cheapest_2025_after,pct_cheapest_change_2025,pct_cheapest_2026_before,pct_cheapest_2026_after,pct_cheapest_change_2026,pct_cheapest_net,avg_gap_when_more_expensive_2025_before,avg_gap_when_more_expensive_2025_after,avg_gap_when_more_expensive_change_2025,avg_gap_when_more_expensive_2026_before,avg_gap_when_more_expensive_2026_after,avg_gap_when_more_expensive_change_2026,avg_gap_when_more_expensive_net,demand_per_day_2025_before,demand_per_day_2025_after,demand_per_day_change_2025,demand_per_day_2026_before,demand_per_day_2026_after,demand_per_day_change_2026,demand_per_day_net
LHE-LHR,0.5067138892256355,0.5463236160167,0.03960972679106445,0.4697947345449886,0.39697723763078263,-0.07281749691420597,-0.11242722370527042,0.1146694223367986,0.07694127747220501,-0.03772814486459358,0.5307783113895017,0.1783381690757244,-0.3524401423137773,-0.3147119974491837,5.822951562500001e-05,2.6905373529411775e-05,-0.5379426869582213,1.3751124999999998e-05,1.3154199999999995e-05,-0.04340917561290458,0.49453351134531676
ISB-MAN,0.47076939885082225,0.5016936462385319,0.030924247387709602,0.49813150366079767,0.5545423318062604,0.05641082814546278,0.025486580757753174,0.13372482269888272,0.1678358758930537,0.03411105319417099,0.10620098671577466,0.08674260173070085,-0.01945838498507381,-0.0535694381792448,6.352640625e-06,2.8830906250000006e-06,-0.546158708607887,1.3086478124999998e-05,2.0848878787878783e-06,-0.8406838066840173,-0.29452509807613036
ISB-LHR,0.5085338266726616,0.5507140312122062,0.04218020453954463,0.48720748731897534,0.4541664389232893,-0.03304104839568606,-0.07522125293523069,0.09614680723983014,0.1606578644355992,0.06451105719576906,0.0828772078265284,0.13582819442642366,0.052950986599895264,-0.0115600705958738,6.1269225e-05,1.4781829411764702e-05,-0.758739735784732,8.786215625000003e-06,2.58821724137931e-06,-0.7054229770989362,0.05331675868579577
KHI-LHR,0.5046329112244684,0.518966117395981,0.01433320617151257,0.5011243854799571,0.41680256807930216,-0.08432181740065492,-0.09865502357216749,0.2013210972527565,0.17726358102634934,-0.024057516226407144,0.10890071860598281,0.08188684153973295,-0.02701387706624986,-0.0029563608398427144,1.5822878125e-05,5.335008823529412e-06,-0.6628294308163729,8.678712500000001e-06,5.979987878787879e-06,-0.3109590991995784,0.3518703316167945
MUX-GLA,,0.0,,0.649350491927124,0.4791681428016866,-0.1701823491254374,,,0.5126135479,,0.05155839917295905,0.09884562083719889,0.04728722166423984,,,3.127e-07,,8.027166666666667e-06,3.752975e-06,-0.5324657932437764,
PEW-BHX,0.4699988784163683,0.36000972065895837,-0.10998915775740992,0.4854363103643638,0.5128108422770095,0.02737453191264566,0.13736368967005558,0.15421506948081617,0.21660938077952677,0.06239431129871059,0.116604130341046,0.0673649938494267,-0.049239136491619304,-0.1116334477903299,1.8396823529411765e-06,7.107636363636363e-07,-0.6136487175477283,4.601857142857143e-06,8.71192857142857e-07,-0.8106866792909695,-0.19703796174324117
LHE-MAN,0.475307179482561,0.5478415507864235,0.07253437130386248,0.4933025922141664,0.49999663687700363,0.00669404466283724,-0.06584032664102524,0.09961996562091452,0.10924312162605268,0.009623156005138161,0.11013201139334006,0.08501336283087899,-0.02511864856246107,-0.03474180456759923,4.903006451612903e-06,4.902714705882353e-06,-5.9503435989483044e-05,4.51967741935484e-06,3.0063612903225807e-06,-0.3348283491542362,-0.3347688457182467
LHE-EDI,0.47479122371155513,0.534031319501507,0.05924009578995182,0.47618931042481794,0.4851525531772114,0.008963242752393463,-0.050276853037558356,0.1090917666169632,0.08753696247656742,-0.021554804140395775,0.16443330234018613,0.01769922262011352,-0.1467340797200726,-0.12517927557967684,2.481086666666666e-06,4.266717857142856e-06,0.7196972256012246,4.076475862068966e-06,1.3161166666666667e-06,-0.6771435153307427,-1.3968407409319674
SKT-LHR,0.42218008719690875,0.4961235458352409,0.07394345863833213,0.4451848896756064,0.31707698573550813,-0.12810790394009824,-0.20205136257843037,0.186614466548856,0.2551112135534143,0.06849674700455832,0.09966028747866433,0.046649233987643125,-0.053011053491021205,-0.12150780049557952,5.741107142857145e-06,2.6028387096774197e-06,-0.5466312254917995,3.2460724137931035e-06,1.424666666666667e-06,-0.561110633079835,-0.014479407588035453
ISB-BHX,0.4497629152374835,0.53048284736642,0.08071993212893652,0.5037599245098591,0.5094332080841874,0.0056732835743282806,-0.07504664855460824,0.1939719394290184,0.11800888488856462,-0.07596305454045377,0.07199124753374903,0.044779354924160575,-0.02721189260958845,0.04875116193086532,2.614536e-06,1.7096500000000002e-06,-0.346098122190706,3.08112962962963e-06,1.989036e-06,-0.35444585619752256,-0.008347734006816543
LHE-DUB,0.48555003333954977,0.5346537613842012,0.04910372804465141,0.4939267709663681,0.46154319165682806,-0.032383579309540056,-0.08148730735419146,0.04090823850794734,0.04898681196202523,0.008078573454077885,0.18820822037138404,0.024243013249999997,-0.16396520712138404,-0.17204378057546194,1.80349e-06,1.5793700000000005e-06,-0.12427016506883837,2.663748275862069e-06,1.1087999999999999e-06,-0.5837444513629356,-0.45947428629409726
MUX-LHR,0.3636407533365161,0.48120007913303514,0.11755932579651907,0.49356233637217584,0.5373103104885644,0.04374797411638853,-0.07381135168013053,0.1707446927756758,0.13515546602434483,-0.03558922675133097,0.15720023609302075,0.12909496529450434,-0.028105270798516407,0.007483955952814564,1.651248e-06,1.3864800000000003e-06,-0.16034417604139395,2.6024964285714286e-06,8.730458333333334e-07,-0.6645352424892399,-0.504191066447846
ISB-DUB,0.46956780443317414,0.5529421574871983,0.08337435305402419,0.478874504493017,0.45652430801740557,-0.022350196475611428,-0.10572454952963561,0.0823966496482601,0.03574349704098589,-0.04665315260727421,0.15266407997616588,,,,1.4386079999999999e-06,1.208322727272727e-06,-0.16007506751475942,2.562130769230769e-06,1.1066307692307693e-06,-0.5680818549464538,-0.4080067874316944
MUX-EDI,0.5,0.6428522485896353,0.1428522485896353,0.4135339998745543,0.4333404391387764,0.019806439264222098,-0.1230458093254132,0.0849710326,0.21519999480908167,0.13022896220908167,0.2554794869468658,0.16512156143333334,-0.09035792551353244,-0.22058688772261412,4.1696666666666664e-07,6.254714285714285e-07,0.5000513915694986,2.310861111111111e-06,7.818333333333333e-07,-0.6616701325864577,-1.1617215241559564
KHI-MAN,0.48529593707010615,0.5156240112806989,0.030328074210592748,0.481131555301868,0.3127979370156996,-0.16833361828616844,-0.1986616924967612,0.09653186760961378,0.118643937678826,0.022112070069212217,0.11931538611144368,0.03876002527822611,-0.08055536083321757,-0.10266743090242979,2.362948148148148e-06,1.4826259259259257e-06,-0.3725524924921161,2.2862827586206896e-06,2.356732142857143e-06,0.03081394196357201,0.4033664344556881
LHE-BHX,0.47692337276209473,0.527777518825984,0.05085414606388927,0.4876851622880544,0.5217335224106937,0.03404836012263929,-0.016805785941249984,0.047294716060285284,0.09906555440329363,0.05177083834300835,0.044731424498120946,0.13177840504841482,0.08704698055029386,0.03527614220728551,2.2587111111111115e-06,2.1110312500000003e-06,-0.06538235916255097,2.2673964285714286e-06,1.07894e-06,-0.5241502604466104,-0.4587679012840594
ISB-EDI,0.4489744535103302,0.6020376534244155,0.1530631999140853,0.49659957758321505,0.4285722986623126,-0.06802727892090243,-0.22109047883498772,0.0963443945779608,0.010656837966029568,-0.08568755661193124,0.05620339117136736,0.062475232049999996,0.006271840878632633,0.09195939749056387,1.3325521739130437e-06,1.6130894736842104e-06,0.21052631578947345,2.18922380952381e-06,7.81842857142857e-07,-0.6428675525354715,-0.8533938683249449
KHI-DUB,0.381577858649139,0.5357021861319972,0.15412432748285815,0.4999973791252568,0.42148536475446674,-0.07851201437079008,-0.23263634185364823,0.0922174588890322,0.04809969345867869,-0.044117765430353506,0.0026953673,0.07813451202704663,0.07543914472704663,0.11955691015740014,1.4855312499999999e-06,1.0945875e-06,-0.2631676378399982,1.90776e-06,1.5767374999999997e-06,-0.1735137019331573,0.0896539359068409
KHI-GLA,0.25,0.14285931812254352,-0.10714068187745648,0.2173928154281057,0.16667008280724765,-0.05072273262085805,0.05641794925659843,0.28127510425,0.8844039790595614,0.6031288748095613,0.0849379016998426,0.10934150011482391,0.024403598414981312,-0.57872527639458,3.127e-07,7.297e-07,1.3335465302206586,1.7983e-06,1.8764615384615383e-06,0.04346412637576513,-1.2900824038448935
LYP-MAN,0.33335109784694095,,,0.48148433244120226,1.0,0.5185156675587977,,0.0764535818,,,0.0564199028,0.0120157192,-0.044404183599999994,,4.691e-07,,,1.6888399999999999e-06,3.127e-07,-0.8148433244120225,
PEW-LHR,0.4424984135896319,0.5056190251056362,0.06312061151600429,0.4754119370673906,0.4563105741270526,-0.019101362940337985,-0.08222197445634227,0.1543885965565535,0.045506955835199786,-0.1088816407213537,0.10592610679060224,0.0858397239,-0.020086382890602245,0.08879525783075146,5.347923333333334e-06,2.8794103448275857e-06,-0.4615834660754451,1.658917391304348e-06,1.464209090909091e-06,-0.11737070297524865,0.34421276310019644
MUX-DUB,0.545452783761973,0.16666666666666666,-0.3787861170953064,0.5000016653541641,0.6666755489234705,0.16667388356930635,0.5454600006646128,0.0070812907,0.033701565,0.026620274300000003,,,,,8.600500000000001e-07,9.3825e-07,0.09092494622405645,1.4296999999999998e-06,6.254666666666667e-07,-0.5625189433680725,-0.653443889592129
ISB-LGW,0.49767382717999914,0.5555534629640055,0.0578796357840064,0.43956526915977717,0.2857403896667504,-0.15382487949302676,-0.21170451527703316,0.10010198883181703,0.03375897078589043,-0.0663430180459266,0.11879211931824361,0.12221474531666668,0.003422625998423065,0.06976564404434966,8.405015625e-06,2.462865625e-06,-0.7069766750136173,1.4229750000000001e-06,4.864555555555555e-07,-0.658141881933586,0.04883479308003125
PEW-EDI,0.39286366854715293,0.666648902153059,0.2737852336059061,0.44000000000000006,0.7619109250190408,0.32191092501904073,0.04812569141313461,0.27568581448314533,0.0071085665,-0.2685772479831453,,,,,6.735846153846154e-07,4.691e-07,-0.3035767306945618,1.421590909090909e-06,9.382142857142856e-07,-0.3400251227589357,-0.03644839206437389
LHE-ORK,0.5,0.44445233950332186,-0.05554766049667814,0.5,0.0,-0.5,-0.44445233950332186,,,,,,,,6.255e-07,9.382333333333333e-07,0.4999733546496137,1.407375e-06,6.255e-07,-0.5555555555555556,-1.0555289102051693
MUX-MAN,0.49999757758525326,0.4400020464021693,-0.05999553118308398,0.490566254556218,0.5111155323732759,0.020549277817057898,0.08054480900014188,0.07883593004821922,0.05873518372526979,-0.020100746322949427,0.11397427236500521,0.029074075624999998,-0.08490019674000521,-0.06479945041705579,6.254727272727273e-07,7.8186e-07,0.25003052236853573,1.3260399999999995e-06,1.005242857142857e-06,-0.24192116592044177,-0.4919516882889775
LHE-NCL,0.500001665421745,0.2631689666778863,-0.23683269874385865,0.19047970704448383,0.20833610892764357,0.017856401883159734,0.2546891006270184,0.4266169324692136,0.8207758260626791,0.39415889359346545,0.2565443393177916,0.07015603018329458,-0.186388309134497,-0.5805472027279625,9.097636363636362e-07,5.942e-07,-0.34686332114235463,1.3135099999999999e-06,1.2509833333333335e-06,-0.04760273364242862,0.299260587499926
LHE-LGW,0.514830560077697,0.5364226288220202,0.02159206874432318,0.4687530184487588,0.47826026511702274,0.009507246668263969,-0.01208482207605921,0.05207532859722317,0.05664165475273852,0.004566326155515346,0.12094024116423376,0.12345880264807739,0.0025185614838436343,-0.002047764671671712,1.4826084374999997e-05,3.148273333333333e-06,-0.7876530813056746,1.305378260869565e-06,7.571631578947367e-07,-0.4199664721010753,0.3676866092045993
SKT-MAN,0.5054980430788195,0.514283756623424,0.008785713544604445,0.43925488809195884,0.486109630733588,0.046854742641629143,0.0380690290970247,0.10430368203817134,0.10478565501096138,0.00048197297279004014,0.06723715993877526,0.039158802290228084,-0.028078357648547173,-0.028560330621337213,4.743305555555557e-06,1.2162222222222223e-06,-0.74359184581779,1.2870384615384616e-06,1.023490909090909e-06,-0.20477053353364505,0.538821312284145
LHE-BRS,0.5,0.0,-0.5,0.5,,,,,0.2125600817,,,,,,6.255e-07,3.127e-07,-0.5000799360511591,1.251e-06,,,
ISB-LBA,0.28572081125525306,0.5,0.21427918874474694,0.5,0.5,0.0,-0.21427918874474694,0.11115842821637709,0.21280498140000004,0.10164655318362295,,,,,8.7568e-07,7.81875e-07,-0.10712246482733412,1.251e-06,6.255e-07,-0.5,-0.3928775351726659
ISB-GLA,0.400012790177144,0.48148135616901,0.08146856599186603,0.4999992598290174,0.25001998561036054,-0.24997927421865684,-0.33144784021052287,0.3099990304,0.087226659625,-0.222772370775,0.007579549,0.0384459771,0.030866428100000003,0.253638798875,5.212333333333333e-07,1.0554999999999999e-06,1.0250047963164288,1.250983333333333e-06,4.1696666666666664e-07,-0.6666888714211486,-1.6916936677375776
MUX-BHX,0.3750033309225598,0.30000159878214333,-0.07500173214041644,0.5348819916420041,0.45763285966680756,-0.07724913197519656,-0.002247399834780117,0.19692469146666666,0.05034655016159704,-0.14657814130506963,,0.031064925033333333,,,5.0036e-07,8.935428571428571e-07,0.7857999383301166,1.222563636363636e-06,1.2301199999999998e-06,0.006180752814503032,-0.7796191855156136
LHE-GLA,0.39583440212370125,0.4174794956011002,0.021645093477398958,0.4468130701879707,0.20689928293230345,-0.23991378725566723,-0.2615588807330662,0.19386918838372108,0.4203593674782524,0.22649017909453134,0.1763466818830846,0.12391718862525426,-0.05242949325783035,-0.2789196723523617,3.502743333333334e-06,1.5339333333333332e-06,-0.5620765818791558,1.1307e-06,1.0669764705882355e-06,-0.05635759212148628,0.5057189897576695
SKT-DUB,0.5500007993732914,0.6111150587106745,0.061114259337383126,0.5000000000000001,1.0,0.4999999999999999,0.43888574066261676,0.4318609658,0.01223933394291744,-0.41962163185708257,0.0443147032,,,,8.935571428571429e-07,8.041857142857144e-07,-0.10001758621240942,1.111988888888889e-06,3.127e-07,-0.7187921541981834,-0.618774567985774
KHI-EDI,0.43903637384576993,0.45454479390733094,0.015508420061561001,0.4285712110525265,0.5263131321631127,0.09774192111058622,0.08223350104902521,0.06502810310149554,0.1210194667202089,0.05599136361871336,0.3259982356345037,,,,1.0685333333333332e-06,7.64488888888889e-07,-0.28454371516512755,1.0946100000000001e-06,5.941900000000001e-07,-0.4571673929527411,-0.17262367778761356
PEW-MAN,0.4105312877967143,0.5072407688885592,0.0967094810918449,0.3906276437727544,0.20370461383831578,-0.1869230299344386,-0.2836325110262835,0.06085345407703494,0.06113934554877691,0.00028589147174196833,0.06051891742936719,0.044859264935445606,-0.015659652493921587,-0.015945543965663556,1.2917478260869565e-06,9.808727272727273e-07,-0.24066237429324855,1.0534526315789472e-06,1.777678947368421e-06,0.6874787665620816,0.9281411408553302
KHI-LGW,0.49141512828052,0.5499953635459603,0.05858023526544037,0.499997157770373,0.4687540593742818,-0.03124309839609124,-0.08982333366153161,0.07598053205577998,0.055697022866262685,-0.020283509189517296,0.0709232124515309,0.02380353140254224,-0.04711968104898866,-0.02683617185947136,4.55430625e-06,1.3597347826086953e-06,-0.7014397565801169,1.0424777777777776e-06,7.69823076923077e-07,-0.26154485655887205,0.4398949000212449
LYP-LHR,0.0,0.0,0.0,0.37500000000000006,0.33335109784694095,-0.04164890215305911,-0.04164890215305911,0.4061327716,0.0472726616,-0.35886011,,,,,6.255e-07,3.127e-07,-0.5000799360511591,1.0008e-06,4.691e-07,-0.5312749800159873,-0.031195043964828195
LYP-BHX,,,,0.5,,,,,,,,,,,,,,9.3825e-07,,,
KHI-BHX,0.43137261048658626,0.5645129680884096,0.1331403576018233,0.562497918293525,0.3673553287567539,-0.1951425895367711,-0.3282829471385944,0.06972579524114378,0.09918955945854077,0.029463764217396993,0.0790211444,0.20417775520803863,0.12515661080803864,0.09569284659064164,9.382294117647057e-07,1.1405823529411765e-06,0.21567533338767042,9.098e-07,1.0945999999999999e-06,0.20312156517916025,-0.012553768208510174
SKT-BHX,0.10714265321387989,0.36365221941222636,0.2565095661983465,0.47058325653130706,0.0,-0.47058325653130706,-0.7270928227296536,1.0643165547113855,0.824761972341494,-0.23955458236989158,0.026209009454252825,,,,1.0301823529411765e-06,6.8802e-07,-0.33213765695393727,8.861166666666667e-07,3.127e-07,-0.6471119303327252,-0.3149742733787879
PEW-DUB,0.599987209822856,0.5500007993732913,-0.049986410449564755,0.5,0.5714285714285714,0.0714285714285714,0.12141498187813615,0.0176806034,0.0188776353,0.0011970318999999993,,,,,5.212333333333333e-07,8.935571428571429e-07,0.7143131218081658,8.34e-07,8.757000000000001e-07,0.050000000000000266,-0.6643131218081655
SKT-LGW,0.4216258027118335,0.48039239658373145,0.058766593871897976,0.5714311092209917,1.0,0.4285688907790083,0.3698022969071103,0.11971641340991478,0.09666146905873946,-0.02305494435117532,0.10344622153735876,0.0075394106,-0.09590681093735876,-0.07285186658618344,1.9950655172413793e-06,1.6789315789473686e-06,-0.1584579230917369,8.209249999999999e-07,3.127e-07,-0.6190882236501507,-0.4606303005584138
UET-LHR,1.0,,,0.46154413754089085,,,,0.012981742500000002,,,0.6176194429,,,,3.127e-07,,,8.131399999999999e-07,,,
ISB-ORK,0.5,0.5,0.0,0.200006395088572,0.5,0.299993604911428,0.299993604911428,,,,,,,,6.255e-07,1.251e-06,1.0,7.8185e-07,6.255e-07,-0.19997441964571205,-1.199974419645712
ISB-NCL,0.5,0.44445233950332186,-0.05554766049667814,0.4074111795357651,0.5,0.09258882046423489,0.14813648096091303,0.287433411075,1.17132780255,0.883894391475,0.08441007235516827,,,,1.0585230769230768e-06,1.12588e-06,0.06363292831812117,7.676363636363635e-07,1.1259e-06,0.4667100900047374,0.4030771616866162
SKT-EDI,0.24001074388621715,0.36364495218162257,0.12363420829540542,0.7142791887447468,,,,0.5634516235735083,0.8639041585999999,0.3004525350264916,0.0101770251,,,,7.818399999999999e-07,8.600250000000001e-07,0.10000127903407363,7.297333333333334e-07,,,
PEW-ORK,,,,0.5,,,,,,,,,,,,,,6.255e-07,,,
MUX-SNN,,,,0.5,,,,,,,,,,,,,,6.255e-07,,,
KHI-LBA,0.5,,,0.5,,,,,,,,,,,6.255e-07,,,6.255e-07,,,
LYP-DUB,0.0,,,0.5,,,,0.0229409132,,,,,,,3.127e-07,,,6.255e-07,,,
KHI-ORK,,0.5,,0.5,,,,,,,,,,,,1.0425e-06,,6.255e-07,,,
PEW-LGW,0.41081429538554864,0.5111119400963494,0.10029764471080077,0.400012790177144,0.5,0.09998720982285603,-0.00031043488794474383,0.10177695970384705,0.07242085666940841,-0.02935610303443864,,,,,2.314299999999999e-06,1.5637166666666667e-06,-0.324324129686442,5.212333333333333e-07,6.255e-07,0.20003837053143192,0.5243625002178739
PEW-GLA,0.0,0.1428669316157325,0.1428669316157325,0.666648902153059,0.0,-0.666648902153059,-0.8095158337687915,0.2358840906,0.9643132904414492,0.7284291998414492,,0.0525928747,,,3.127e-07,5.47275e-07,0.7501598976654942,4.691e-07,3.127e-07,-0.3334043913877638,-1.083564289053258
MUX-LGW,0.12963478349935517,0.5238082428650864,0.3941734593657312,1.0,,,,0.25619681562763524,0.12148290902646965,-0.1347139066011656,,,,,9.382055555555555e-07,1.0945944444444444e-06,0.16668936563297554,3.127e-07,,,
SKT-GLA,0.222234065231294,0.0,-0.222234065231294,1.0,,,,1.35486390272775,0.6187360984,-0.73612780432775,,,,,7.036499999999999e-07,3.127e-07,-0.5556029275918425,3.127e-07,,,
KHI-NCL,0.2592669351018475,0.35714394475071604,0.09787700964886853,0.0,0.250006661515095,0.250006661515095,0.15212965186622646,0.7799063077425987,0.5062135715650642,-0.27369273617753453,0.0801782683,,,,8.443999999999999e-07,7.297166666666667e-07,-0.13581635875572384,3.127e-07,6.254833333333334e-07,1.0002664961091572,1.1360828548648811
UET-MAN,,,,0.0,,,,,,,,,,,,,,3.127e-07,,,
ISB-BRS,0.4999946707495236,0.5,5.329250476415748e-06,,,,,0.7503668489,,,,,,,6.2548e-07,6.255e-07,3.197544285993281e-05,,,,
ISB-SNN,0.0,,,,,,,0.1919264614,,,,,,,3.127e-07,,,,,,
KHI-BRS,0.4736848305341456,,,,,,,0.031038173400000004,,,,,,,1.9807333333333333e-06,,,,,,
KHI-SNN,,0.5,,,,,,,,,,,,,,1.251e-06,,,,,
LHE-LBA,,0.6667021956938819,,,,,,,0.3739154772,,,,,,,4.691e-07,,,,,
LHE-SNN,,0.5,,,0.33335109784694095,,,,,,,,,,,1.56375e-06,,,4.691e-07,,
LYP-LGW,,,,,0.5,,,,,,,,,,,,,,1.251e-06,,
MUX-NCL,,0.0,,,0.18182082437067612,,,,0.5941882195,,,0.09274179282046408,,,,3.127e-07,,,1.1467333333333334e-06,,
PEW-NCL,0.0,0.400012790177144,0.400012790177144,,0.0,,,0.2092463114,0.5978734958,0.38862718440000005,,0.0276276722,,,3.127e-07,1.5637e-06,4.000639590661977,,3.127e-07,,
SKT-NCL,0.35714873012972786,,,,0.0,,,0.21455876292578024,,,,0.0776944853,,,8.756799999999999e-07,,,,3.127e-07,,
SKT-ORK,0.5217388886571854,,,,,,,0.0425456131,,,,,,,2.3977e-06,,,,,,
SKT-SNN,,0.5,,,,,,,,,,,,,,1.251e-06,,,,,
UET-EDI,,,,,0.0,,,,,,,,,,,,,,6.255e-07,,
