week,partner,participation,share_of_all_selections,volume_weight
2026-05-31,QR,0.7838297850977033,0.25291309614758234,0.0028721892
2026-06-07,QR,0.7775866458015951,0.2526148995802775,0.0030568136
2026-06-14,QR,0.7776936336955665,0.2524737867064143,0.0029782792
2026-06-21,QR,0.7657979220265125,0.22612874652109954,0.0027392955
2026-06-28,QR,0.7550944593884799,0.21865774607860514,0.0030302592
2026-07-05,QR,0.762968405727244,0.24262174842234152,0.0027478123
2026-07-12,QR,0.7700848956101911,0.2595114500700033,0.0023915913999999995
2026-07-19,QR,0.7562047260313562,0.25375754837173403,0.0025385133
2026-07-26,QR,0.7970204019456358,0.3704571010484564,0.0028669278000000003
2026-08-02,QR,0.8126767888475691,0.3436721423905923,0.0021697675
2026-08-09,QR,0.7990597811288807,0.3545098782718735,0.0008259223
2026-08-16,QR,0.7980768238088054,0.23482132335292008,0.0011593467000000001
2026-08-23,QR,0.7945836359925549,0.17970078093940461,0.0016048737
2026-08-30,QR,0.7723577528326219,0.1839757974102199,0.0023109283
2026-09-06,QR,0.7560261296752608,0.17302669624781242,0.0022655867000000002
2026-09-13,QR,0.7578308582813399,0.19556190232002502,0.0022912628000000003
2026-09-20,QR,0.7314578893528028,0.18695784649138394,0.0016161468000000002
2026-09-27,QR,0.7085286169375067,0.14833804843827988,0.0014701017000000002
2026-10-04,QR,0.702347581287121,0.12951211845737376,0.0003147619999999999
