market,window,weeks,cost,cpc,campaigns,cpc_p10,cpc_p90,cpc_dispersion,rank_lost,budget_lost,impr_share,ledger_bookings,bookings_per_week,searches_per_booking,cross_device_pct,launched,outcome
PK,2026-07-16 to 2026-09-01,6.9,41055.0,0.3246,156,0.177,1.631,9.19,30.8,12.5,56.7,44,16.2,1190.0,68.5,yes,-63
SA,2026-07-16 to 2026-09-01,6.9,14316.0,0.3149,94,0.232,0.463,2.0,54.1,10.6,35.7,61,22.5,421.0,26.3,yes,20
CA,2026-07-16 to 2026-09-01,6.9,113737.0,1.146,96,0.424,2.056,4.84,71.8,6.4,21.8,173,63.7,348.0,22.6,yes,-26
MY,2026-07-16 to 2026-09-01,6.9,31397.0,0.4509,66,0.366,0.557,1.52,68.6,11.8,19.6,53,19.5,368.0,41.7,yes,-29
FR,2026-07-16 to 2026-10-07,12.0,82792.0,0.4788,177,0.309,1.229,3.98,58.6,12.7,28.8,97,12.3,991.0,34.3,no,
ES,2026-07-16 to 2026-10-07,12.0,37767.0,0.3362,196,0.281,0.469,1.67,39.8,16.1,44.2,68,8.7,880.0,38.5,no,
IT,2026-07-16 to 2026-10-07,12.0,54020.0,0.3525,190,0.25,0.677,2.71,61.1,12.6,26.6,37,4.7,1955.0,61.5,no,
PL,2026-07-16 to 2026-10-07,12.0,21588.0,0.2666,125,0.22,0.365,1.66,39.4,13.5,47.1,26,3.3,1417.0,63.8,no,
JP,2026-07-16 to 2026-10-07,12.0,4209.0,0.4841,22,0.307,0.615,2.0,56.0,19.6,25.4,9,1.1,534.0,14.8,no,
KR,2026-07-16 to 2026-10-07,12.0,4029.0,0.4998,14,0.24,1.076,4.47,48.3,11.8,40.0,13,1.7,300.0,0.0,no,
BR,2026-07-16 to 2026-10-07,12.0,37517.0,0.2743,107,0.204,0.41,2.01,34.0,17.4,48.7,41,5.2,1323.0,67.2,no,
OM,2026-07-16 to 2026-10-07,12.0,19191.0,0.3399,127,0.236,0.503,2.13,36.5,10.7,52.9,99,12.6,264.0,32.4,no,
AE,2026-07-16 to 2026-10-07,12.0,19123.0,0.4204,100,0.349,0.553,1.58,50.3,11.2,38.7,149,19.0,191.0,22.1,no,
