candidate,nearest_launched,prior_outcome_pct,match_confidence,distance_to_nearest,second_nearest,distance_to_second,bookings_per_week,weeks_to_read_5050,power_verdict,budget_lost,cpc_dispersion,cross_device_pct,dist_CA,dist_MY,dist_PK,dist_SA,impr_share,rank_lost,searches_per_booking
FR,SA,20,"weak, treat both as priors",2.037,MY,2.577,12.3,28.4,"a year, group level impossible",12.7,3.98,34.3,2.802,2.577,3.963,2.037,28.8,58.6,991.0
ES,SA,20,"weak, treat both as priors",2.498,MY,3.586,8.7,38.4,"a year, group level impossible",16.1,1.67,38.5,5.043,3.586,3.942,2.498,44.2,39.8,880.0
IT,MY,-29,"ambiguous, no usable prior",2.868,SA,3.0,4.7,67.8,"NOT READABLE, do not run a test",12.6,2.71,61.5,3.875,2.868,4.267,3.0,26.6,61.1,1955.0
PL,SA,20,"ambiguous, no usable prior",3.047,PK,3.437,3.3,94.8,"NOT READABLE, do not run a test",13.5,1.66,63.8,5.277,3.964,3.437,3.047,47.1,39.4,1417.0
JP,SA,20,"ambiguous, no usable prior",3.014,MY,3.056,1.1,276.4,"NOT READABLE, do not run a test",19.6,2.0,14.8,4.677,3.056,5.669,3.014,25.4,56.0,534.0
KR,SA,20,"weak, treat both as priors",2.146,CA,3.147,1.7,180.3,"NOT READABLE, do not run a test",11.8,4.47,0.0,3.147,3.716,4.499,2.146,40.0,48.3,300.0
BR,PK,-63,"ambiguous, no usable prior",3.34,SA,3.819,5.2,61.6,"NOT READABLE, do not run a test",17.4,2.01,67.2,6.053,4.642,3.34,3.819,48.7,34.0,1323.0
OM,SA,20,clear match,2.143,MY,3.923,12.6,27.8,"a year, group level impossible",10.7,2.13,32.4,4.397,3.923,3.952,2.143,52.9,36.5,264.0
AE,SA,20,clear match,1.277,MY,2.545,19.0,19.8,readable in about two quarters,11.2,1.58,22.1,3.516,2.545,5.229,1.277,38.7,50.3,191.0
