id,name,status,type,category,include_in_conversions,include_in_client_account_conversions,primary_for_goal,attribution_model,data_driven_status,click_lookback_days,floodlight_activity_id,floodlight_activity_tag,floodlight_activity_group_tag,default_value,always_use_default_value,default_currency,owner_customer,creation_time,app_id
347667299,Android App Booking,ENABLED,FIREBASE_ANDROID_CUSTOM,PURCHASE,False,True,True,GOOGLE_SEARCH_ATTRIBUTION_DATA_DRIVEN,EXPIRED,30,,,,1,False,USD,customers/2797673263,2019-07-16 14:36:24.804,com.m.qr
207919651,Booking,ENABLED,WEBPAGE,PURCHASE,False,True,True,GOOGLE_SEARCH_ATTRIBUTION_DATA_DRIVEN,AVAILABLE,30,,,,1,False,USD,customers/2797673263,1980-01-01 11:00:00,
2353383,Booking,ENABLED,WEBPAGE,PURCHASE,False,True,True,GOOGLE_ADS_LAST_CLICK,AVAILABLE,30,,,,1,False,USD,customers/1434990033,1980-01-01 11:00:00,
5431929,Booking,ENABLED,WEBPAGE,DEFAULT,False,True,True,GOOGLE_ADS_LAST_CLICK,AVAILABLE,30,,,,1,False,USD,customers/4851538229,1980-01-01 11:00:00,
817202046,DONOTUSE_BOOKINGS,ENABLED,FLOODLIGHT_ACTION,DEFAULT,False,False,False,UNKNOWN,NEVER_GENERATED,90,11994056,booki0,aa5,0,True,USD,customers/1144701035,2021-11-24 11:50:08.014,
817059031,DONOTUSE_Bookings,REMOVED,FLOODLIGHT_ACTION,DEFAULT,False,False,False,UNKNOWN,NEVER_GENERATED,90,11994059,booki00,aa5,0,True,USD,customers/1144701035,2021-11-24 11:51:07.305,
415339895,QR_Booking,ENABLED,FLOODLIGHT_TRANSACTION,PURCHASE,False,False,False,UNKNOWN,NEVER_GENERATED,90,2648297,maste0,sales0,0,False,USD,customers/1144701035,2020-02-25 23:35:46.656,
939039830,QR_DiscoverQatar_Booking,ENABLED,FLOODLIGHT_TRANSACTION,PURCHASE,False,False,False,UNKNOWN,NEVER_GENERATED,90,12751631,qr_di0,sales0,0,False,USD,customers/1144701035,2022-05-24 14:46:26.871,
7518149465,QR_FlightSearch_VBB,ENABLED,FLOODLIGHT_TRANSACTION,PURCHASE,False,False,False,UNKNOWN,NEVER_GENERATED,90,376254416,qr_fl0,sales0,0,False,USD,customers/1144701035,2026-03-01 15:44:35.094,
7497705793,Retrieve Booking,ENABLED,WEBPAGE,DEFAULT,False,False,True,GOOGLE_ADS_LAST_CLICK,AVAILABLE,30,,,,0,True,USD,customers/2797673263,2026-02-12 09:12:14.845,
347667311,iOS App Booking,ENABLED,FIREBASE_IOS_CUSTOM,PURCHASE,False,True,True,GOOGLE_ADS_LAST_CLICK,NEVER_GENERATED,30,,,,1,False,USD,customers/2797673263,2019-07-16 14:36:24.806,581264644
